category,review
бытовая техника,Микроволновка — настоящая находка! Всё быстро и без лишнего шума. Попробовала подогреть молоко и суп — за 2 минуты стало мягким и ароматным. Теперь я всегда готовлю ужин в 10 минут — радость от быстрого и вкусного!
бытовая техника,"Пылесос пришёл в идеальном виде — быстро убирает даже труднодоступные уголки. Дом стал чище, а я — счастливее. Каждый день начинается с чистого пространства и хорошего настроения. Спасибо за такой качественный выбор!"
бытовая техника,"Купила стиральную машину с большой вместимостью, но при первом запуске сработала сбойная программа — стирка проходила 10 минут, а потом остановилась. Потом выяснилось, что вода не поступала из подключения, а в дренаже осталась вода, что вызвало неприятный запах."
бытовая техника,"Чайник серебристого цвета, объём 1,5 л. Упаковка была тщательно упакована, не было следов сдвига. Доставили через 3 дня. Работает без перегрева, но при закипании начинает шуметь — звук не очень сильный, но заметен."
бытовая техника,"Купила стиральную машину серого цвета, размером 600x600x850 мм — доставили через 5 дней, упаковка была надёжной, не было сколов. Машина работает без шума, но при первом запуске немного вибрировала."
бытовая техника,"Микроволновка нагревает еду равномерно, но экран не реагирует на кнопки."
бытовая техника,"Приобрела стиральную машину, доставка была оперативной. Упаковка не повреждена, есть инструкция на русском. Включилась без сбоев, стирка проходит без перепадов температуры."
бытовая техника,"Плита синего цвета, размером 60x50 см — пришла вовремя, упаковка была в коробке с пленкой, не было дефектов. Греет равномерно, но на верхней панели после долгой эксплуатации появилась небольшая вмятина."
бытовая техника,"Чайник пришёл с трещиной на дне — не смог использовать, так как при нагревании переливается. Доставка была отложена на 7 дней, а в итоге пришёл с неправильной упаковкой — в коробке не было чайника, только упаковка. Покупал в надежде, что будет надёжный, но получилось наоборот — полный брак."
бытовая техника,"Плита белого цвета, размером 60x50 см. Упаковка была в коробке с влагозащитным покрытием, не было следов воды. Доставили через 5 дней. Греет равномерно, но выключается автоматически при перегреве — это норма по инструкции."
бытовая техника,"Заказала пылесос с функцией сушки, цвет — фиолетовый, размер — 35 см. Упаковка была чётко защищена, всё было в комплекте. Доставка заняла 5 дней. При включении немного шумно, но пыль убирается отлично — особенно на коврах."
бытовая техника,"Стиральная машина справляется с загрузкой, но вода часто проникает в боковую стенку."
бытовая техника,"Микроволновка нагревает еду быстро и равномерно, но дверь не закрывается плотно — иногда вибрирует."
бытовая техника,"Пришла стиральная машина серого цвета, размером 600x560x860 мм. Упаковка была хорошо защищена, везде везде — всё целое. Доставка была вовремя — через 4 дня. Запускается без проблем, но после первых нескольких циклов появился небольшой шум при вращении барабана."
бытовая техника,"Стиральная машина справляется с загрузкой, но в шкафу появился запах после первого цикла."
бытовая техника,"Заказала холодильник, доставили через 7 дней, но при открытии двери выделяется резкий запах, как из старого пластика. Внутри выступы из пластика покрыты пылью — явно не прошли проверки на качество. Уже звоню в службу поддержки, но никто не отвечает."
бытовая техника,"Купила холодильник, и осталась в восторге! Всё умещается, температура удерживается идеально, а свет в камерах очень яркий и комфортный. Теперь всегда могу хранить продукты без потерь — супер удобно!"
бытовая техника,"Чайник пришёл в срок, упаковка надёжная. Термостат функционирует стабильно, вода быстро нагревается, нет перегрева при использовании."
бытовая техника,"Чайник срабатывает сразу, но вода иногда выливается из-за перепада давления."
бытовая техника,"Микроволновка пришла быстро, упаковка целая. Сначала немного сомневалась — а теперь вижу, что она буквально мгновенно обогревает даже самые большие блюда. Пила чай, обжаривала блины — всё идеально! Настоящий спасатель в доме!"
бытовая техника,"Пришёл пылесос — упаковка без повреждений, все компоненты в порядке. Мотор работает тихо, фильтр легко убирается, подшипники не издают шума при вращении."
бытовая техника,"Чайник пришёл с трещиной на дне, не держит воду — сразу вытекает при нагреве. Слышно, как внутри шумит, как будто пластика разбивается. Попробовала на 15 минут — и сразу выключился. Пробовала включать в другую сеть — не помогло. Качество явно не соответствует описанию."
бытовая техника,"Пришёл пылесос — в обзоре писали, что «мощный», но на деле вентилятор не работает на полной мощности, и пыль не уходит из углов. Доставка была вовремя, но в коробке оказалось не то устройство — вместо пылесоса достали старую модель с неисправным фильтром."
бытовая техника,"Покупала микроволновку красного цвета, размером 25x25x30 см. Упаковка была надёжной, всё в порядке. Доставка — через 2 дня. Работает быстро, но в первой неделе не было плавного плавления — после замены программы стало нормально."
бытовая техника,"Микроволновка чёрного цвета, размером 25 см, пришла быстро — упаковка была в пакете с уплотнением, не было повреждений. Всё работает, но в режиме «сушка» немного перегревает."
бытовая техника,"Поставили стиральную машину — с первого же цикла все вещи стали чистыми, без пятен и запаха! Даже любимые носки теперь выглядят как новые. Спасибо за такой качественный и удобный выбор!"
бытовая техника,"Пылесос белого цвета, размером 35x20x30 см. Упаковка была хорошо защищена, не было сколов. Доставка — через 5 дней. Удобен в использовании, но при первом включении вышел сильный запах из фильтра — прошёл через 3 дня."
бытовая техника,"Плита пришла быстро, и сразу поняла — это настоящая находка! Греет равномерно, не перегревает, а главное — не прыгает и не скрипит. Повара в доме уже в восторге, готовят вкусно и быстро!"
бытовая техника,"Пылесос пришёл в целости и сохранности, упаковка плотная. Двигатель тихий, фильтр легко убирается, шнур не перегибается при использовании."
бытовая техника,"Микроволновка — настоящий спасатель! Заказала в выходной, а уже через час готовила ужин. Греет быстро, не перегревает, и даже варит молоко без лишнего жара. Теперь в кухне всегда есть что готовить!"
бытовая техника,"Покупала микроволновку серого цвета, размером 24 см в диаметре. Упаковка была плотной, не было повреждений. Пришла через 2 дня, всё работает, только в первые сутки была небольшая задержка в работе — теперь всё нормально."
бытовая техника,"Микроволновка пришла с трещиной на корпусе — заказывала «надёжную», а получила «дешёвую». При нагревании дверь не закрывается, и есть риск перегрева. Пытаемся вернуть, но сервис говорит, что возврат невозможен из-за «недостатка в сроке». Никаких гарантий."
бытовая техника,"Плита установлена, нагрев равномерный, температура в зоне гриля соответствует показаниям. Упаковка плотная, нет следов повреждений."
бытовая техника,"Микроволновка — мой любимый помощник! Готовлю завтраки за 3 минуты, и всё — в идеальном виде. Всё работает без сбоев, и даже молоко не подгорает. Удивлён, насколько просто и удобно!"
бытовая техника,"Холодильник пришёл в срок, упаковка плотная, без повреждений. Внутренние полки стабильны, дверь закрывается хорошо, холодильная камера охлаждается равномерно."
бытовая техника,"Чайник быстро нагревается, но вставляет только на 30 секунд — потом выключается."
бытовая техника,"Чайник пришёл быстро, упаковка без повреждений. Термостат работает стабильно, подогрев не перегревает воду, не проседает при длительном использовании."
бытовая техника,"Чайник синего цвета, размером 15 см. Упаковка была в полиэтиленовом пакете с внутренним чехлом, всё целое. Доставка — за 3 дня. Работает быстро, но при первом включении немного дрожал — после настройки стало стабильным."
бытовая техника,"Микроволновка нагревает еду равномерно, но иногда не включается с первого раза."
бытовая техника,"Холодильник работает стабильно, тише, чем ожидалось, температура удерживает хорошо."
бытовая техника,"Покупала микроволновку, включила — не нагревает еду, а только дрожит. Пришёл с дефектом на двери: она не закрывается плотно, и в процессе работы слышно скрежетание. Производитель не отвечает на запросы, в техподдержке сказали, что это нормально — не верю."
бытовая техника,"Пылесос белого цвета, компактный размер 35x25x30 см. Упаковка была хорошо защищена, при доставке не было повреждений. Доставили за 2 дня. Работает хорошо, включается легко, но фильтр требует регулярной чистки."
бытовая техника,"Чайник синего цвета, размером 15 см, пришёл в упаковке с защитным покрытием. Упаковка была целая, доставка — за 3 дня. Работает стабильно, но при нагреве иногда слышно скрипание, возможно, из-за старого корпуса."
бытовая техника,"Пришёл пылесос, упаковка целая, все компоненты в порядке. В комплекте был чехол для фильтра — удобно. При включении слышно небольшое шуршание, но не мешает работе."
бытовая техника,"Покупала стиральную машину — с первого же использования поняла, что это настоящий спасатель! Стирка проходит быстро, без лишнего шума, и даже тонкие вещи не повреждаются. Дома теперь можно спокойно уходить на работу — всё чисто и аккуратно!"
бытовая техника,"Стиральная машина справляется с загрузкой, но после 3-cycle появился запах."
бытовая техника,"Пришла микроволновка, но не работает на 100% — при 800 Вт только 400, нагревает медленно. Дверь не закрывается плотно, есть щель. Упаковка была сломана при доставке, внутри — пыль. Качество ужасное, не похоже на премиум-товар."
бытовая техника,"Покупала микроволновку, пришла с трещиной на задней панели — не вписывается в мой шкаф, так как выступает. Утром после включения за 2 минуты вылетел дым, и пришлось выключать. Позже выяснилось, что внутри перегорел нагревательный элемент — в документации не указано, что он подвержен перегреву при неправильной установке."
бытовая техника,"Чайник быстро кипит, но вода из него не выливается, если он не отключён."
бытовая техника,"Холодильник работает стабильно, тихо, холодит быстро — отлично подошёл для семьи."
бытовая техника,"Микроволновка установили в квартире, пришла с небольшим следом на панели, но не влияет на работу. Упаковка была надёжной, всё в комплекте."
бытовая техника,"Приобрела стиральную машину, и она просто волшебная! Через день уже стирает вещи без перегрева, и вода чистая — даже бельё, которое раньше не подходило к стирке, теперь отлично выходит. Спасибо за такой качественный продукт!"
бытовая техника,"Чайник быстро кипит, но тёплый подставки — не удобно."
бытовая техника,"Пришла стиральная машина серого цвета, размером 85x60x85 см. Упаковка была плотной, но при открытии двери слегка скрипнула — не критично. Доставка прошла за 4 дня, всё в порядке, работает без сбоев."
бытовая техника,"Чайник пришёл быстро, упаковка не повреждена. Нагрев происходит равномерно, но дно немного поднимается при нагреве — возможно, из-за материала. Работает без перегрева, как указано в описании."
бытовая техника,"Чайник пришёл с трещиной на дне, не выдерживает температуру выше 90 градусов. Пыль в нём скапливается, и после нескольких дней использования начал пахнуть металлом. Упаковка была открыта, а в посылке не было внутреннего чехла. Никакой защиты от падений — на полке упав, сломался нагревательный элемент."
бытовая техника,"Пылесос пришёл с небольшой вмятиной на корпусе, но самое главное — не работает в режиме «сухой пылесбор»: просто не качает воздух. При попытке подключить к сети — не включается, не зажигается. Ставил на 2 месяца в углах, а потом не включался. Качество явно не соответствует описанию."
бытовая техника,"Заказала холодильник, доставили через 3 дня, упаковка плотная, нет повреждений. Внутри всё чисто, двери закрываются без щелей, температура держится стабильно."
бытовая техника,"Заказала холодильник белого цвета, размером 600х180х180 см. Доставка была через 3 дня, упаковка была очень надёжной — всё целое, без повреждений. Холодильник работает стабильно, температура удерживается хорошо, но на двери осталась небольшая царапина от упаковки."
бытовая техника,"Заказала холодильник белого цвета размером 600x180x180 см. Доставка была в срок — через 3 дня. Упаковка была надёжной, холодильник пришёл без повреждений, всё работает стабильно, температура удерживается хорошо."
бытовая техника,"Стиральная машина пришла вовремя, упаковка без следов повреждений. Работает на всех режимах, но в режиме «быстрая стирка» немного шумно, особенно на первых минутах."
бытовая техника,"Холодильник работает стабильно, тихо, температура равномерная. Никаких запахов — всё как в рекламе."
бытовая техника,"Микроволновка функционирует корректно, режимы отрабатывают. При доставке была небольшая вмятина на двери, но не влияет на работу."
бытовая техника,"Покупала микроволновку, и это настоящий спасатель! Запекаю пирожки, обжариваю картошку — всё быстро и равномерно. Всё работает без лишнего шума и даже не нагревает воздух в комнате. Удивилась, насколько удобно и просто!"
бытовая техника,"Покупала микроволновку, в которой не работает функция обжарки, а при включении мигает красный свет. Пытаясь подключить к сети, упало напряжение — машина сгорела. Доставка была быстрой, но товар не соответствует описанию, и не работает вообще."
бытовая техника,"Заказала холодильник, доставили через 4 дня, упаковка плотная, нет следов повреждений. Внутренние полки стоят на уровне, вентиляция работает стабильно."
бытовая техника,"Стиральная машина серого цвета, объём 8 кг, пришла с небольшой вмятиной в корпусе — упаковка была в пластиковой коробке, доставка прошла за 3 дня. Работает без сбоев, шум на минимальном уровне."
бытовая техника,"Пылесос пришёл, и сразу понял — это не просто техника, это помощник! Убирает даже под диваном и в уголках, не оставляет следов. Всё чисто, воздух стал свежим. Дом стал как в кино — чистый, уютный и счастливый!"
бытовая техника,"Заказала холодильник, доставили через 3 дня, но при открытии двери холодильник сильно дрожит — слышно хлопанье и вибрации. Устройство не удерживает температуру, в течение суток морозилка стала таять. Проверила инструкцию — не указано, что нужно устанавливать на ровное основание, а у нас пол вибрирует."
бытовая техника,"Пылесос пришёл с узким шнуром и не включается на режиме высокой мощности. При включении шумит как старый двигатель, а пыль не уходит из углов. Упаковка была повреждена — в ней оказалась только пыль, а сам пылесос — в упаковке с неполным комплектом (отсутствует насадка для ковров)."
бытовая техника,"Пылесос отлично убирает пыль, но батарейка быстро разряжается — не хватает времени на зарядку."
бытовая техника,"Микроволновка быстро нагревает, но иногда срабатывает с ошибкой 12."
бытовая техника,"Микроволновка пришла вовремя, и я уже не могу представить жизнь без неё! Готовлю пиццу, обеды, даже кашу — всё быстро, без лишнего пара и с идеальным результатом. Особенно рада, что есть функция «сухого режима» — теперь не нужно переживать за пыль!"
бытовая техника,"Плита оказалась невероятно удобной — греет равномерно, есть даже функция «сушка» для овощей. Пользуюсь ежедневно, и в доме теперь всегда можно готовить вкусно и быстро. Супер впечатление!"
бытовая техника,"Покупала микроволновку, но при включении выходит искрение, и за 10 минут перегорает таймер. Всё это нарушает безопасность. Упаковка была повреждена — дверь сдвигалась при открытии. Странно, что в описании сказано, что «создана с высокой надежностью»."
бытовая техника,"Приобрела стиральную машину с автоматической загрузкой, но при первом использовании не заработала функция сушки — пыль из кромок вытекала на пол, а вода не отводилась. Позже обнаружила, что уплотнение двери сильно изношено и вода постоянно стекает на пол. Срок службы оцениваю в 6 месяцев."
бытовая техника,"Чайник быстро нагревается, но за несколько дней начал лить воду из крана — возможно, утечка."
бытовая техника,"Чайник быстро нагревается, но тёплый шланг — вытекает вода при отключении."
бытовая техника,"Заказала холодильник белого цвета размером 600x180x180 см. Доставка прошла за 3 дня, упаковка была надёжной — никаких повреждений. Холодильник работает стабильно, температура удерживается на уровне 4 градуса."
бытовая техника,"Холодильник пришёл вовремя, упаковка плотная, нет повреждений. Внутри всё чисто, дверцы открываются плавно, холодильная камера хорошо изолирована."
бытовая техника,"Покупала стиральную машину с функцией сушки — при запуске не включается, выдает ошибку E1. Уже третий день с проблемой, а возврат невозможен. Доставка была быстрой, но качество сборки — полный фейл. Дверь не закрывается плотно, влага проникает внутрь."
бытовая техника,"Микроволновка быстро нагревает, но застревает на 5 минут при подборе режима."
бытовая техника,"Стиральная машина поставили с небольшим следом на двери от упаковки, но функции работают без сбоев. Запускается без задержек, режимы стирают нормально."
бытовая техника,"Пришёл пылесос — упаковка повреждена, в комплекте не было фильтра, который должен был быть. При включении выделяет сильный запах пластмассы, а насос не вращается стабильно, пыль не улавливается, только скапливается."
бытовая техника,"Пришёл пылесос, упаковка целая, все компоненты в порядке. Включился без проблем, фильтр легко убирается, но в первые дни слегка пыль прилипала к щётке — теперь нормально."
бытовая техника,"Пылесос тихий, но в углу не доходит до пола — пыль осталась."
бытовая техника,"Покупала микроволновку чёрного цвета, размером 25 см в диаметре. Упаковка была плотной, не было повреждений. Доставили через 2 дня. Работает быстро, но при использовании на полной мощности включается с перегревом — включается, но потом выключается автоматически."
бытовая техника,"Купила микроволновку чёрного цвета, размером 25 см — доставили за 4 дня, упаковка была плотной, всё целое. Работает без перегрева, но в первые дни немного пахло пластиком, сейчас пропало."
бытовая техника,"Микроволновка — мой спаситель! Всё быстро и без лишнего шума. Печём, обжариваем, даже завариваем чай — всё работает на 5! Удобно, красиво и надёжно — теперь у меня каждый день вкусный ужин!"
бытовая техника,"Чайник серебристого цвета, размер 18 см, упаковка была в коробке с мягким покрытием — доставка за 2 дня. Пришёл без дефектов, работает стабильно, но не выдерживает температуру выше 100 градусов."
бытовая техника,"Пылесос включился, но сразу выключился — батарейка не поддерживает заряд."
бытовая техника,"Пришёл пылесос, упаковка целая, компоненты собраны в коробке. Вентилятор работает без шума, фильтр легко убирается, но подсветка на дисплее не включается при первом включении."
бытовая техника,"Пылесос белого цвета, размером 30x20x80 см. Упаковка была аккуратно упакована, в коробке не было сколов. Доставили за 5 дней — вовремя. Всё работает, но фильтр быстро загрязняется, особенно при уборке ковров."
бытовая техника,"Пылесос пришёлся как солнце — за 10 минут убрал весь пол, даже под коврами! У меня теперь чисто и спокойно в доме. Спасибо, что так быстро и качественно доставили!"
бытовая техника,"Микроволновка пришла без повреждений, упаковка плотная. Работает в режиме «быстрого обжаривания» без перегрева. Время нагрева соответствует указанному в паспорте."
бытовая техника,"Плита — настоящий шедевр! Греет равномерно, не перегревает, а главное — не создаёт запахов. Всё устроено как в ресторане: каждый элемент работает на высшем уровне. Теперь готовлю вкусно и быстро — вдохновение в каждом блюде!"
бытовая техника,"Чайник пришёл с повреждением ручки — после одного использования она отломалась. Вода не нагревается равномерно, и при этом сильно шумит. Доставка была вовремя, но качество — полный провал. Всё это несоответствует описанию и цене."
бытовая техника,"Заказала холодильник, доставили через 3 дня, но при открытии двери вышло много запаха изнутри — как из старого пакета. Состояние не соответствует фото. Установили, и через сутки начался течь из задней части — явно брак. Возврат не прошёл, так как сказали, что «всё в порядке». Плохое качество сборки."
бытовая техника,"Пылесос пришёл с неправильным размером — не влезает в угол у дивана. Дверь у него не закрывается, и вентилятор работает с перебоями. После 2 дней использования сработало только 30 секунд, потом выключилось. Упаковка была повреждена, а в доставке — не было уведомления о том, что товар был пересылён."
бытовая техника,"Микроволновка быстро нагревает, но дверца не закрывается плотно — иногда проникает свет."
бытовая техника,"Чайник не перегревается, но капает воду при нагреве — надо чистить чаще."
бытовая техника,"Стиральная машина пришла вовремя, упаковка была тщательной. С первого же цикла всё вымылось — даже пятна на шерстяных вещах убрались! Удобная панель, автоматически определяет режим, не нужно ничего подстраивать. Семья рада, теперь мы не боимся загрязнённых вещей!"
бытовая техника,"Плита — настоящий спасатель! Греет равномерно, даже на тонких пластинах не перегревается. Всё устроено по-домашнему — я в восторге от вкуса, который получаю каждый день. Суп, пельмень, бургер — всё получается идеально!"
бытовая техника,"Пылесос белого цвета, размером 35 см, заказала в конце недели. Упаковка была в специальном пенопластовом корпусе, не было повреждений. Доставили за 5 дней — чуть позже, чем обещали, но всё же вовремя. Работает хорошо, фильтр легко чистится, только при запуске немного шумит."
бытовая техника,"Пришла стиральная машина синего цвета, размером 600x560x860 мм. Упаковка была хорошо защищена, даже в условиях перегрузки в транспорте. Доставка — через 4 дня, всё в порядке, только включилась с небольшим шумом, но не мешает работе."
бытовая техника,"Стиральная машина справляется с загрузкой, но шумит при каждом цикле."
бытовая техника,"Покупала стиральную машину, думала, что всё будет как в описании — но при первом использовании она не отключалась после цикла, а продолжала вращаться. Пыль в дверце и на подставке — не очищалась даже после 2 дней. Доставили с повреждением корпуса — в углу есть трещина, которую не заметила на фото."
бытовая техника,"Пылесос отлично вдыхает пыль, но не уходит в труднодоступные места."
бытовая техника,"Покупала микроволновку, пришла без дефектов. Работает при температуре 800 Вт, дверь закрывается плотно, свет в режиме «сигнал» работает."
бытовая техника,"Чайник поставили с небольшой влагой на корпусе — возможно, из-за транспортировки. Всё остальное работает стабильно, не выключается при перегреве."
бытовая техника,"Покупала стиральную машину, думала, что всё будет хорошо — но после 2-cycle с выключением включилась, вылила воду и не запускается. Доставили с повреждением корпуса — на боку глубокая трещина, не отмечалось в описании. Контакт с поддержкой — тупой, не помогли."
бытовая техника,"Пылесос держит пыль, но в руке тяжелый — не для долгих поездок."
бытовая техника,"Заказала холодильник, доставили через 4 дня, но при открытии двери слышен резкий скрип — винт в задней панели ослаб, и холодильник постоянно дребезжит. Упаковка была разорвана, видно, что товар был повреждён при транспортировке."
бытовая техника,"Пылесос хорошо hút, но после 2-х дней сработало несвоевременно — вышло из строя."
бытовая техника,"Чайник синего цвета, размером 12 см в диаметре. Упаковка была в папке с пенопластом — всё целое. Доставка — через 3 дня. Работает без перегрева, но при включении слышно шипение, возможно, из-за материала дна."
бытовая техника,"Заказала холодильник, доставили через 4 дня, но при открытии двери в помещении появляется сильный запах пластиковых деталей — уже второй день не могу его устранить. Внутренние полки из пластика — легко скользят и не защищают продукты от прямого контакта с холодом."
бытовая техника,"Пылесос мощный, включился сразу, но после 10 минут выключился — не понятно почему."
бытовая техника,"Заказала холодильник, доставили за 3 дня, но при открытии двери слышен сильный скрип — явный дефект, несоответствующий цене. Внутри — запах пластиковых деталей, не справляется с холодом, в коробке оказалась неправильная модель, не та, что в описании."
бытовая техника,"Микроволновка — просто идеальная! Всё быстро и равномерно, даже тёплые десерты получаются без сухости. Удобный дисплей и функция «вспомогательного режима» — реально спасает в срочное время!"
бытовая техника,"Чайник работает стабильно, подогревает воду равномерно. Упаковка была в пластиковой коробке с защитными пленками, всё в порядке."
бытовая техника,"Пылесос пришёл — и сразу поняла, что это не просто техника, а настоящий помощник! Убрал весь ковёр за 10 минут, даже углы — как в магии. Дом стал чистым и светлым, я просто в восторге!"
бытовая техника,"Микроволновка пришла без повреждений, упаковка герметичная. Всё функционирует, включается без задержек, но в режиме нагрева иногда появляется небольшое покрытие конденсата на двери — возможно, влажность в помещении."
бытовая техника,"Пылесос пришёл вовремя, упаковка целая. Сразу включил — пыль улетела с пола, даже под коврами! Дом стал чистым, как в сказке. Теперь каждый день я в восторге от чистоты и комфорта — просто волшебство!"
бытовая техника,"Заказала холодильник, доставили через 4 дня, упаковка плотная, нет следов повреждений. Внутри всё чисто, дверь закрывается плотно, температура в холодильной камере стабильная."
бытовая техника,"Микроволновка — настоящий спаситель! Порции обогреваются за 3 минуты, не перегреваются, не пахнет. Даже молочные продукты в ней — без лишнего пара. Ставлю 5 звёзд — теперь каждый вечер у нас есть горячий чай или обед без лишних усилий!"
бытовая техника,"Покупала стиральную машину с функцией сушки, но при первом цикле сгорел нагревательный элемент — вышла из строя в течение 2 дней. Устройство не прошло тест на надёжность, заявленные 10 лет срока службы — явное преувеличение. Доставка была быстрой, но не помогло проблема с качеством."
бытовая техника,"Микроволновка стала незаменимой! Всё готовится за 2 минуты — суп, каша, даже пирожки. Никакого лишнего пара, просто идеально. Удобно, быстро, и главное — не греет всё, как раньше в старых моделях."
бытовая техника,"Пришла стиральная машина, но она не вписывается в мой угол комнаты — размеры на картинке в 2 раза больше, чем в реальности. Даже не удалось установить, потому что не хватает места. Доставка была вовремя, но в упаковке — трещина на корпусе, не думала, что такая деталь может быть повреждена."
бытовая техника,"Чайник горячий, но не всегда выключается — иногда перегревает воду."
бытовая техника,"Заказала холодильник, доставили через 3 дня, упаковка надёжная, всё в порядке. Внутри есть небольшой зазор между дверцами, но не мешает работе."
бытовая техника,"Чайник пришёл с перегревом — после первого нагрева он перегрелся и начал плавить ручку. В инструкции не сказано, что нельзя использовать с водой из крана. Уже сгорел нагревательный элемент, и пришлось возвращать."
бытовая техника,"Чайник, который заказала, не нагревается даже на полном режиме. При включении перегревается, и после 2 минут работы выключается автоматически. Упаковка была целая, но при попытке подключить к розетке — не включается. Проблема в датчике температуры, который не работает вообще. Всё это — не соответствует описанию товара."
бытовая техника,"Плита — просто волшебство! Греет равномерно, даже на самых разных режимах. Я уже не думаю, что можно приготовить что-то вкусное без неё. Попробовала блюда из фарша — получилось идеально!"
бытовая техника,"Пришёл пылесос красного цвета, размером 35 см в ширину. Упаковка была хорошо защищена, не было повреждений. Доставили через 4 дня, работает без сбоев, фильтр легко чистится."
бытовая техника,"Стиральная машина приехала вовремя и без повреждений. Пользоваться стало проще — автоматически сортирует режимы, экономит воду и время. Домашние вещи теперь всегда чистые и свежие — в восторге от результата!"
бытовая техника,"Пылесос пришёл, и я сразу в восторге! Убрал весь дом за один вечер — даже под коврами и в шкафах всё вышло чисто. Теперь каждый день начинается с чистоты и уюта!"
бытовая техника,"Покупала микроволновку красного цвета, размером 25x25x30 см. Упаковка была аккуратной, не было следов повреждений. Пришёл вовремя — через 2 дня. Работает быстро, но при первом включении был слабый шум, уже привык."
бытовая техника,"Микроволновка быстро нагревает еду, но иногда не запускается при пустом режиме."
бытовая техника,"Микроволновка пришла с небольшой вмятиной на боковой панели, но функции работают без сбоев. Доставка прошла без задержек, упаковка надёжная."
бытовая техника,"Холодильник работает стабильно, тише, чем ожидала, температура в камерах держится хорошо."
бытовая техника,"Пылесос держит пыль хорошо, но шнур легко порван — не очень надёжный."
бытовая техника,"Чайник быстро нагревается, но после 3-х дней начал капать воду."
бытовая техника,"Стиральная машина пришла с дефектом — в дверце есть трещина, не закрывается плотно. После нескольких циклов вода не вытекает, а просто стекает с боков, и машина не отвечает на команды. Замена обязательна."
бытовая техника,"Стиральная машина пришла вовремя, упаковка была тщательной. Просто включила — и мгновенно началась цикл стирки. Всё выстирало, без запахов, без пятен. Даже тёплые вещи теперь чистятся как новенькие — это настоящий подарок для семьи!"
бытовая техника,"Чайник, который заказывала, пришёл с трещиной на дне — сразу после включения перегрелся и начал лить воду. Доставка была вовремя, но в упаковке был сухой кусок пены, как будто техника не была тщательно упакована. Никакого гарантийного сервиса — не помогли."
бытовая техника,"Плита — настоящий подарок! Греет равномерно, не перегревается, а дымов нет вообще. Даже котлеты получаются идеально рыхлыми. Сытая кухня — это уже реальность!"
бытовая техника,"Стиральная машина пришла вовремя, упаковка не повреждена. Включила — вращение плавное, не было шума, режимы выбираются через экран."
бытовая техника,"Чайник отвечает на подключение, нагревается за 3 минуты, не перегревается. Упаковка была надёжной, доставка прошла без задержек."
бытовая техника,"Заказала холодильник, доставили через 7 дней, но при открытии двери из-за плохой герметизации в комнате сразу появился запах плесени. Внутри морозильная камера сильнее подвержена коррозии, чем в описании. Установили, но уже через 3 дня дверь не закрывается плотно — влага проникает, и в холодильнике появился конденсат."
бытовая техника,"Плита пришла с трещиной на панели управления — при включении дисплей мигает и не реагирует на кнопки. Заменили на другой бренд, но этот товар не подходит даже для базового использования. Надеялись на долговечность, но качество — как у дешёвого китайского импорта."
бытовая техника,"Купила холодильник — с первого дня вижу, как он отлично сохраняет свежесть! Фрукты и овощи не теряют вкус, а внутренние ячейки очень удобны. Теперь каждый день готовлюсь к ужину с уверенностью, что продукты будут свежими!"
бытовая техника,"Стиральная машина пришла вовремя, доставка без замечаний. Работает стабильно, но в режиме «быстрого стирания» немного шумно."
бытовая техника,"Холодильник пришёл вовремя, упаковка плотная, нет повреждений. Внутри всё чисто, дверь закрывается плотно, холодильная камера работает стабильно."
бытовая техника,"Купила микроволновку красного цвета — упаковка была надёжной, не сломалась даже при транспортировке. Доставили за 2 дня, всё в порядке, нагревает быстро и равномерно."
бытовая техника,"Чайник пришёл в срок, упаковка целая, нет следов увлажнения. Вода нагревается быстро, но не срабатывает автоматическое отключение при перегреве — это нужно уточнить в гарантии."
бытовая техника,"Холодильник работает стабильно, тише, чем ожидала, температура равномерная."
бытовая техника,"Холодильник пришёл вовремя, упаковка герметичная, нет следов повреждений. Внутренние отделки чистые, холодильная камера равномерно охлаждает. Запахи не ощущаются."
бытовая техника,"Пылесос с функцией сушки — просто супер! Убрал весь дом за один вечер, даже в труднодоступных местах. Пыль исчезла, а воздух стал свежим. Удивлена, насколько тихо работает и легко управляется — теперь каждый день начинается с чистоты!"
бытовая техника,"Пришла стиральная машина, размеры оказались на 10 см меньше, чем в описании — в ней не помещаются даже средние бельевые комплекты. Дополнительно обнаружил, что при стирке в режиме «быстро» она не завершает цикл, а просто останавливается, оставляя вещи в баке."
бытовая техника,"Микроволновка быстро нагревает, но пластика в двери немного стирается после 100 циклов."
бытовая техника,"Покупала микроволновку, при включении выделяется сильный запах пластиковых компонентов — не проходит даже через 2 часа. В инструкции написано, что «не используйте при температуре выше 100 градусов», но в реальности при работе нагревается до 120. Теперь не доверяю подобной технике."
бытовая техника,"Стиральная машина пришла вовремя, упаковка целая. В режиме «быстрая стирка» время соответствует заявленному, вода не пересыпается."
бытовая техника,"Плита пришла с неправильными размерами — одна из секций на 5 см меньше, чем указано в описании. Пытаюсь установить на кухню, но не помещается в стандартной полке. Также после нескольких дней работы появился сильный запах из тёплого блока, который не исчезает."
бытовая техника,"Микроволновка нагревает еду быстро, но дверь немного не закрывается плотно."
бытовая техника,"Покупала микроволновку, но в режиме «обжарка» не работает. Попробовала на хлебе — не подогревает, просто стоят на месте. Плата за доставку была высокой, а в отзывах других покупателей сказали, что у неё брак — пластика трескается при нагреве. Никаких гарантий, только «всё работает» в рекламе."
бытовая техника,"Плита стала настоящим спасением — быстро и равномерно греет всё: от бульона до пирогов. Даже дочка с радостью говорит, что теперь можно готовить без страха — всё идеально!"
бытовая техника,"Стиральная машина долго не запускалась, после сброса ошибки всё стало работать."
бытовая техника,"Заказала холодильник, доставка прошла быстро, упаковка целая. Внутренние отделки чистые, шкафы плотно закрываются, холодильная камера хорошо разделена на зоны."
бытовая техника,"Пылесос синего цвета, размером 30 см — пришёл с небольшой вмятиной на корпусе, но это не повлияло на работу. Упаковка была хорошо защищена, доставили через 5 дней."
бытовая техника,"Стиральная машина пришла без повреждений, доставка была в понедельник. Включилась без проблем, шум на минимальном уровне."
бытовая техника,"Пылесос держит пыль хорошо, но в режиме сушки не выходит из режима."
бытовая техника,"Микроволновка поставили с чеком на доставку, упаковка герметичная. Внутри всё чисто, кнопки отвечают, но при нагреве на 100% включается защита от перегрева."
бытовая техника,"Стиральная машина — настоящая находка! Стирала даже тяжелые вещи, и после — всё чисто, как в новом. Быстро справляется с загрузкой, не шумит, а ещё и экономит воду. Спасибо за покупку — теперь у нас всегда чистая одежда!"
бытовая техника,"Пылесос пришёл, и сразу начал использовать — чистить полы стало легче, чем когда-либо! Даже углы и под коврами — всё убирается без усилий. Дом теперь как из кино — чистый, уютный, и я каждый день радуюсь!"
бытовая техника,"Заказала холодильник белого цвета, размером 600x1800 мм — пришёл вовремя, упаковка была герметичной, везде всё целое. Холодильник работает стабильно, температура удерживается на нужном уровне."
бытовая техника,"Пылесос пришёл с отличным дизайном и мощным вращением! Убрал весь ковёр, под кухонной плитой и даже в шкафу — везде чисто. Даже дочь говорит: «Мама, теперь у нас дом как в сериале!»"
бытовая техника,"Плита пришла с неправильным размером — не влезает в кухню, в углах стены. Стационарные ножки не выдерживают нагрузки, после 2 часов работы начали скрипеть. Пыль скапливается на панелях, не справляется с чисткой."
бытовая техника,"Плита пришла в хорошем состоянии, упаковка герметичная. Термостат работает стабильно, греет равномерно по всей поверхности. Нет посторонних запахов, всё как в описании."
бытовая техника,"Микроволновка пришла без повреждений, все функции работают нормально. Установил по инструкции, время нагрева соответствует показаниям на дисплее."
бытовая техника,"Заказала пылесос чёрного цвета, размером 30 см в ширину. Упаковка была очень хорошая — не было трещин, всё целое. Доставка прошла за 5 дней, пылесос работает отлично, особенно на коврах, не уходит в сторону при включении."
бытовая техника,"Чайник серебристого цвета, размером 15 см — упаковка была аккуратной, всё целое. Доставка заняла 3 дня, пришло вовремя, работает без перегрева и шума."
бытовая техника,"Чайник пришёл без дефектов, упаковка была герметичной. Вода нагревается быстро, не перегревается, ручка не скользит при использовании."
бытовая техника,"Заказала холодильник, доставили за 3 дня, но при открытии двери холодильник сильно дребезжит — похоже, несущая конструкция слабая. Внутри запах пластика остался на 5 дней, несмотря на уборку. Никаких гарантий, а сервис не отвечает на письма."
бытовая техника,"Купила новый холодильник — оказался просто шедевром! Всё чисто, тихо, холодит быстро, а внутреннее пространство идеально организовано. Теперь в доме всегда есть свежие продукты, и даже дети радуются, когда видят, как всё аккуратно упорядочено."
бытовая техника,"Микроволновка быстро нагревает еду, но дверца не закрывается плотно — иногда пылится."
бытовая техника,"Холодильник работает стабильно, тихо, всё как в описании."
бытовая техника,"Заказала холодильник, доставили через 4 дня, но при открытии двери оказалось, что внутренние полки из пластика — легко ломаются, а холодильная камера слишком маленькая для семьи из трёх человек. К тому же после 3 дней работы появился запах металла, который не устраняется ни утюгом, ни влажной салфеткой."
бытовая техника,"Пылесос пришёл в целости, упаковка была аккуратно завёрнута. Всё работает, включая фильтр, но вентилятор немного шумит на высоких оборотах."
бытовая техника,"Пришёл пылесос синего цвета, размером 30 см — доставка заняла 4 дня, упаковка была в пленке и коробке, не было повреждений. Всё работает, но фильтр требует регулярной замены."
бытовая техника,"Холодильник пришёл вовремя, упаковка герметичная, нет повреждений. Внутри всё чисто, шкафы выдерживают температуру, вентиляция работает стабильно."
бытовая техника,"Чайник синего цвета, размером 15 см. Упаковка была аккуратно упакована, всё целое. Доставка — через 3 дня. Работает стабильно, но в первый день после включения перегревался — после замены на режим «умеренный» стало нормально."
бытовая техника,"Заказала холодильник белого цвета размером 600x180x180 см. Упаковка была надёжной, никаких повреждений — пришло вовремя, через 3 дня после заказа. Холодильник работает стабильно, температура держится на уровне 4 градуса."
бытовая техника,"Купила холодильник для семьи — ощущение, что в доме стало чище и спокойнее! Весь день не надо переживать за продукты — всё хранится свежим, а холодильная камера распределяет температуру идеально. Удивлена, насколько тихо работает и удобно пользоваться дверью с подсветкой!"
бытовая техника,"Стиральная машина хорошо справляется с загрузкой, но в шкафу появилась плесень."
бытовая техника,"Приобрела стиральную машину серого цвета, размером 600x560x860 мм. Упаковка была надёжной, ничего не ломалось. Доставка прошла за 4 дня. Машина включилась без проблем, но при первом использовании немного шумно — возможно, из-за несбалансированной загрузки."
бытовая техника,"Пылесос пришёл с небольшой вмятиной на корпусе, но функции работают стабильно. Упаковка была хорошо защищена, доставка прошла без задержек."
бытовая техника,"Плита с новой зоной для подогрева — просто волшебство! Греет равномерно, не перегревает, а ещё и есть функция программирования. Удивилась, насколько легко готовить на ней даже сложные блюда — теперь каждый день начинается с вкусного завтрака!"
бытовая техника,"Стиральная машина пришла вовремя и всё в порядке! Сначала немного сомневалась, но после первого цикла поняла — она просто волшебная: стирает даже очень загрязнённые вещи без вреда для ткани. Теперь у меня чистые белья и я не тратю время на ручную стирку!"
бытовая техника,"Купила чайник синего цвета, размером 18 см. Упаковка была в коробке с влагозащитной пленкой, не пропустила влагу. Доставили через 2 дня — быстро. Работает стабильно, но при первом нагреве немного поднимался пыльный налет — после очистки всё нормально."
бытовая техника,"Холодильник работает стабильно, тихо, температура равномерная. Только вентилятор немного шумит."
бытовая техника,"Стиральная машина справляется с загрузкой, но иногда срабатывает аварийный сигнал."
бытовая техника,"Купила холодильник для семьи — с первого дня заметила, как он отлично сохраняет свежесть! Всё в порядке: морозильная камера работает стабильно, температура контролируется, а внутреннее пространство — чистое и уютное. Спасибо за качественный продукт!"
бытовая техника,"Пылесос пришёл с повреждённым вентилятором — включил, и сразу начал гудеть, как старый двигатель. Спустя 2 дня сработало, но уже не включается в режиме «сухой пыль». Упаковка была разорвана, и в процессе доставки пыль попала в датчики. Доставка — 7 дней, хотя указано 3."
бытовая техника,"Покупала стиральную машину с функцией сушки, но при первом использовании сработала только 3 минуты — выключилась сама. Проверила, нет ошибок, но машина не включается повторно. В руководстве не указано, что нужно включать сушку только при определённой температуре. Качество сборки под вопросом."
бытовая техника,"Чайник быстро кипит, но после нескольких циклов начал плавить ручку."
бытовая техника,"Купила микроволновку чёрного цвета, компактную — 25 см в диаметре. Упаковка была плотной, не было видно повреждений. Доставка была вовремя — через 2 дня. Работает быстро, но в первый раз при включении в режиме «обжарка» появился небольшой запах пластика, прошёл через день."
бытовая техника,"Пылесос мощный, хорошо убирает пыль, но потребляет много энергии."
бытовая техника,"Заказала холодильник, доставили через 5 дней, но при открытии двери холодильник дрожит и шумит, как будто внутри что-то трескается. Утром обнаружил, что внизу стоял лёд — влага из кухни проникла в боковую стенку. По гарантии не принимают, говорят, что это нормально для «натуральных» моделей."
бытовая техника,"Пришёл пылесос синего цвета, размером 1500 мм — упаковка была прочной, не было повреждений. Доставка прошла за 3 дня, всё в порядке, пыль убирает хорошо, но в сменном фильтре чуть дольше нужно очищать."
бытовая техника,"Пылесос хорошо втягивает пыль, но в салоне залипает на коврах и нужно чистить часто."
бытовая техника,"Покупала микроволновку с функцией обжаривания, но после 3 дней эксплуатации начал выделяться резкий запах пластиковых деталей. Пыль на дне и внутри корпуса — не очищалась, даже при регулярном мытье. Всё это делает её непригодной для использования в семье с детьми."
бытовая техника,"Плита сработала на 100%! Греет равномерно, не перегревается, и даже на жареных блюдах не выделяет запаха. Даже муж сказал: «Это лучшая плита, которую я видел за годы»!"
бытовая техника,"Заказала стиральную машину серого цвета, размером 60 см. Упаковка была плотной, при доставке не было повреждений. Доставка прошла за 2 дня. Машина включается без шума, но в первые сутки слегка гудела — сейчас всё в норме."
бытовая техника,"Микроволновка — просто фантастика! Мгновенно нагревает пищу, не перегревает, а ещё и не пахнет. Особенно рада, что можно использовать для завтраков и обедов — теперь утро и вечер проходят с улыбкой!"
бытовая техника,"Микроволновка пришлась по размеру — не влезает в мой кухонный угол, и при нагреве плавит пластиковые крышки. Крышка не закрывается плотно, и в процессе работы часто слышен звук стука, как будто внутрь попадает воздух."
бытовая техника,"Приобрела стиральную машину серого цвета, размером 600x560x860 мм. Упаковка была в коробке с влагозащитным покрытием, всё в порядке. Доставили за 4 дня — быстро и без лишних задержек. При включении немного шумит, но не мешает работе, стирка проходит без проблем."
бытовая техника,"Пылесос мощный, убирает пыль как в магазине, только потребляет много энергии."
бытовая техника,"Заказала холодильник белого цвета размером 600x180x180 см. Доставили через 3 дня, упаковка была надёжной, нет следов повреждений. Холодильник работает стабильно, температура держится на уровне, но дверь иногда не закрывается полностью."
бытовая техника,"Стиральная машина доставили через 3 дня, упаковка целая, включилась без проблем. Вода поступает равномерно, режимы работают, но шум при высокой скорости немного заметен."
бытовая техника,"Холодильник пришёл в срок, упаковка плотная, без повреждений. Внутренние отделки чистые, температурный режим стабилен, вентиляция работает без звуков."
бытовая техника,"Холодильник работает стабильно, тихо, морозильная камера держит температуру."
бытовая техника,"Купила холодильник, и теперь в доме всегда есть свежие продукты! Внутри чисто, холодильная камера равномерно охлаждает, а компрессор работает тихо — никаких лишних шумов. Настоящая радость каждый день!"
бытовая техника,"Купила холодильник для семьи — с первого дня включился, охлаждает равномерно, морозильная камера отлично держит продукты, даже мороженое не растаяло! Теперь каждый день в доме холодно и свежо — в восторге!"
бытовая техника,"Чайник пришёл с уменьшенным объемом — в описании написано 1,5 л, а на деле 1 л. Кроме того, при включении срабатывает перегрев, и сразу выключается. Никаких предупреждений — просто падает температура и выключается. Очень неудовлетворён."
бытовая техника,"Заказала холодильник белого цвета размером 60 см — пришёл вовремя, упаковка была хорошо защищена, внутри всё целое. Срок доставки был 3 дня, как и обещали."
бытовая техника,"Заказала холодильник, доставили через 4 дня, упаковка плотная, без повреждений. Внутри всё чисто, есть возможность регулировки температуры, но вентиляция в верхней части немного сильнее, чем в других моделях."
бытовая техника,"Пылесос белого цвета, размером 30x20x15 см. Упаковка была упакована в пластиковый чехол, не пролетел, пришёл без повреждений. Доставка заняла 5 дней, но всё в порядке — отлично убирает пыль и ковры."
бытовая техника,"Стиральная машина превзошла все ожидания! Стала главным помощником в доме — даже самые загрязнённые вещи стираются за один цикл, без пятен и запахов. Мама сказала, что это лучший подарок за все годы!"
бытовая техника,"Стиральная машина супер! Просто включила — и уже через час была чистая бельевая ткань. Даже тёплые вещи справляется отлично. Удобный интерфейс, тихо работает — теперь я спокойно могу стирать вечером, не боясь шума."
бытовая техника,"Холодильник работает стабильно, тихо, холодит быстро — очень доволен."
бытовая техника,"Чайник пришёл с дефектом — ручка отслаивается, не держит тепло. После 3 минут нагрева вылил воду, перегрелся. Доставка была вовремя, но товар — не годный. Никаких гарантий, поддержка не отвечала, просто удалили заказ."
бытовая техника,"Стиральная машина справляется с загрузкой, но после нескольких циклов появился запах."
бытовая техника,"Купила холодильник для семьи — с первого дня заметила, как он держит температуру, морозит даже самые тёплые продукты! Внутри всё чисто, удобно размещать бутылки и мороженое. Очень доволен, теперь каждый день с утра вижу свежие овощи и молоко — жизнь стала проще и вкуснее!"
бытовая техника,"Пришёл пылесос, упаковка целая, в комплекте есть все аксессуары. Запускается без проблем, но фильтр немного мешает при включении."
бытовая техника,"Чайник работает без сбоев, температура воды поддерживается стабильно. Упаковка была тщательно упакована, нет следов износа."
бытовая техника,"Пылесос пришёл, и сразу включил — и в первый же день убрал пыль с дивана, ковра и даже под кухонным столом. Даже под ковром всё стало чистым. Теперь каждый день — это уборка без усилий. Настоящее счастье в доме!"
бытовая техника,"Стиральная машина хорошо справляется с загрузкой, но шумит при выключении."
бытовая техника,"Покупала микроволновку красного цвета, размером 25x25x30 см. Упаковка была плотной, не было сколов. Доставка — через 4 дня. Всё работает, включается без задержек, но в режиме «микроволн» чуть перегревает чашку."
бытовая техника,"Пылесос пришёл с неисправной кнопкой включения — не включается даже при нажатии. Пыль не уходит, а просто скапливается в фильтре. Доставка была быстрой, но при открытии корпуса видно, что внутренние элементы изношены, а не поставили в коробке — как будто уже использовали. Не рекомендую."
бытовая техника,"Купила новый холодильник — огонь! Всё работает идеально: морозильная камера держит температуру, а внутренние отделения чистые и удобные. Даже с большим количеством продуктов не перегревается. Теперь в доме всегда есть свежая еда — счастье на каждом блюде!"
бытовая техника,"Заказала холодильник белого цвета, размером 600x180x180 см. Упаковка была хорошо защищена, приёмник целый. Доставка была вовремя — через 3 дня. Холодильник работает стабильно, температура удерживается на уровне 4 градуса."
бытовая техника,"Стиральная машина пришла через 3 дня, упаковка без повреждений. Сначала немного сомневалась, но после первой стирки — восторг! Быстро и тихо, всё вещи чистые, даже сильные загрязнения убирает — теперь у нас всегда чистые белья!"
бытовая техника,"Чайник быстро кипит, но после нескольких циклов начал лить воду — неисправен."
бытовая техника,"Микроволновка быстро нагревает, но иногда плавится пакетик из пластика."
бытовая техника,"Пылесос доставили через 3 дня, упаковка целая, компоненты в порядке. Фильтр легко убирается, режимы включаются без задержек."
бытовая техника,"Плита пришла в хорошем состоянии, упаковка целая. Термостаты отвечают на регулировку, подогрев равномерный, нет перегрева в нижних зонах."
бытовая техника,"Чайник пришёл с неправильной мощностью — заявлено 1800 Вт, но на деле только 1200 Вт. При включении сразу срабатывает защита, и не нагревается. Доставили с повреждением ручки — она отвалилась, и сейчас чайник не держится в руке. Упаковка была разорвана, видно, что в пути был перегруз."
бытовая техника,"Заказала холодильник, доставка была быстрой, но при открытии двери он дрожит — вибрации сильные, как будто несущая рама слабая. Внутри — слишком мало места для мелкой посуды, и холодильник не держит температуру в верхней части, охлаждает только нижнюю часть."
бытовая техника,"Чайник не нагревается после 2 минут — неисправен, возвращаю."
бытовая техника,"Чайник пришёл быстро, упаковка не повреждена. Нагрев происходит равномерно, не перегревается, но вода не полностью кипит при минимальной мощности."
бытовая техника,"Заказала холодильник, пришёл в срок, упаковка плотная, нет повреждений. Внутри есть небольшое количество пыли, которую легко убрать. Работает стабильно, температура равномерно распределяется."
бытовая техника,"Пришла стиральная машина серого цвета, размером 85 см. Упаковка была плотной, не было видно повреждений. Доставка прошла за 4 дня, всё в порядке, работает стабильно."
бытовая техника,"Заказала холодильник белого цвета, размером 600x180x180 см. Доставка была за 3 дня, упаковка была надёжной, всё целое. Холодильник работает стабильно, тише, чем ожидала."
бытовая техника,"Стиральная машина быстро справляется с загрузкой, но после нескольких циклов появился небольшой запах."
бытовая техника,"Заказала холодильник белого цвета, размером 600x180x180 см. Упаковка была тщательно упакована, никаких повреждений — всё целое. Доставка через 3 дня, пришло вовремя. Холодильник работает стабильно, температура держится на нужном уровне."
бытовая техника,"Купила холодильник, и осталась в восторге! Очень тихий, вместительный, температура удерживается идеально — даже мороженое не растаяло в течение недели. Теперь в доме всегда есть свежие продукты, и мне не нужно каждый день ходить в магазин!"
бытовая техника,"Микроволновка поставили без повреждений, упаковка целая. Работает с точностью температур, время нагрева соответствует индикации, но дверь немного скрипит при закрытии."
бытовая техника,"Чайник — мой лучший друг! Греет воду быстро, не перегревает, а ещё встроен датчик температуры. Каждое утро начинается с чашки горячего чая — и я в восторге от этого момента!"
бытовая техника,"Стиральная машина тихая, но после 2-х циклов появилась небольшая влага в подвале."
бытовая техника,"Стиральная машина справляется с тяжёлыми вещами, но шумит при каждом цикле."
бытовая техника,"Микроволновка быстро нагревает, но иногда не запускается с первого раза."
бытовая техника,"Пришла стиральная машина серого цвета, размером 600x560x860 мм. Упаковка была плотно упакована, не было повреждений. Доставка прошла за 4 дня. Машина включается без проблем, но при первом запуске слышался незначительный шум вентилятора — пропал через 2 дня."
бытовая техника,"Купила чайник синего цвета, объёмом 1,5 л. Упаковка была упакована в картонный короб, без повреждений. Доставка — за 3 дня. Чайник быстро нагревается, но при первом использовании упал с подставки — повреждение на краю. Теперь прилагается крепкий ремешок, работает стабильно."
бытовая техника,"Стиральная машина пришла вовремя, упаковка надёжная. Работает стабильно, шум на минимальном уровне, но в режиме отжима слышно легкое скрипение, не мешает, но заметно."
бытовая техника,"Микроволновка быстро нагревает, но в дверце появилась трещина — не понравилось."
бытовая техника,"Чайник быстро кипит, но после 3-х дней начал капать воду с крана."
бытовая техника,"Стиральная машина справляется с загрузкой, но шумит при отжиме."
бытовая техника,"Микроволновка пришла быстро, упаковка целая. В режиме обогрева работает стабильно, но дверца чуть дрожит при закрытии."
бытовая техника,"Купила микроволновку чёрного цвета, компактную модель размером 25 см. Упаковка была плотной, не пропускала влагу, всё в порядке. Доставили через два дня — вовремя. Работает быстро, но при первом включении немного дрожал, сейчас стабилизировалось."
бытовая техника,"Стиральная машина пришла с небольшой вмятиной на корпусе, но не влияет на функционирование. Вода поступает равномерно, режимы срабатывают без сбоев. Доставка была в понедельник, как и было обещано."
бытовая техника,"Пылесос пришёл с повреждённым шлангом — не закрывается, пыль просто вытекает. Доставили на 4 дня позже срока, и в упаковке был кусок пыли. Стандартный китайский кривой крепёж — не выдерживает даже небольшого давления. Не рекомендую."
бытовая техника,"Пылесос пришёл вовремя и работает на высшем уровне! Убираю полы, ковры — всё сухо, без пыли, а ещё и не шумит. Даже папа сказал: «Это лучший пылесос, которого я когда-либо видел!»"
бытовая техника,"Микроволновка стала незаменимой — быстро и удобно готовлю обеды для всей семьи. Никаких задержек, никаких проблем. Особенно люблю, как быстро разогревает пищу без потери вкуса!"
бытовая техника,"Чайник пришёл с небольшой вмятиной на дне, но это не влияет на функционирование. Нагрев происходит быстро, без перегрева, вода не кипит с перегревом."
бытовая техника,"Покупала газовую плиту, и осталась в восторге! Гриль работает на 100%, плита быстро нагревается, а огонь равномерно распределяется. У нас теперь готовят не только ужин, но и пироги, и блинчики — всё идеально! Спасибо за такой качественный выбор!"
бытовая техника,"Купила стиральную машину, думала, что всё нормально, но при первом использовании вышла вода из дна — вода не стекала, а стекала на пол. Доставили с неправильной упаковкой — в коробке не было инструкции и вилки. Заметила, что вентиляция не работает, и машина быстро перегревается. Плохая поставляется техника."
бытовая техника,"Пришёл пылесос — упаковка целая, в комплекте всё как указано. Вентилятор работает без шума, пылесборник легко снимается и моется."
бытовая техника,"Пришла стиральная машина серого цвета, размером 85x60x85 см. Упаковка была хорошо защищена, только на передней панели — небольшой след от упаковки. Доставили за 5 дней. Всё работает, но при запуске шумно — возможно, требуется настройка."
бытовая техника,"Стиральная машина установили в квартире, пришла без повреждений. Упаковка была в пленке и коробке, все детали в порядке, работает без сбоев."
бытовая техника,"Стиральная машина пришла без повреждений, упаковка целая. Включалась без проблем, вращение барабана плавное, шум минимальный."
бытовая техника,"Холодильник работает стабильно, тихо, холодит быстро — отлично для семьи."
бытовая техника,"Пылесос пришёл с неправильным размером — не подходит под мой кухонный угол, держится плохо. Двигатель за 2 дня вышел из строя, включил — сразу громкий хлопок. Заказывала по фото, но реальность — полный фейл, не подходит по размеру и качеству."
бытовая техника,"Покупала газовую плиту — и не ошиблась! Греет равномерно, огонь регулируется легко, даже на детской кухне не разгорается. Всё работает без шума и запахов. Теперь готовим вкусные блюда каждый вечер — дети и родители счастливы!"
бытовая техника,"Заказала холодильник белого цвета размером 600x180x180 мм — пришёл вовремя, упаковка плотная, не сломалась. Всё работает стабильно, холодильная камера быстро охлаждает."
бытовая техника,"Пришёл пылесос — корпус чистый, без следов пыли. Установил на место, включил, работает без шума, фильтр легко убирается."
бытовая техника,"Стиральная машина пришла в хорошем состоянии, упаковка не повреждена. Запускается без сбоев, уровень воды измеряется точно, шум на минимальном режиме низкий."
бытовая техника,"Пылесос сильный, но прибор застрял в пыльной щели, нужна замена фильтра."
бытовая техника,"Пылесос пришёлся как нельзя! Удаляет пыль даже с ковров, не оставляет следов, а главное — не шумит. Семья в восторге, теперь каждый день — как в сказке!"
бытовая техника,"Микроволновка установлена, работает на всех режимах. Внутренняя поверхность не покрыта трещинами, пластика не выделяет запахов после первых дней эксплуатации."
бытовая техника,"Холодильник работает стабильно, тихо, температура равномерная. Никаких сбоев после месяца использования."
бытовая техника,"Пришла плита красного цвета, размером 60x50 см. Упаковка была прочной, не было никаких царапин. Доставка — через 4 дня. Плита греет равномерно, только в первые дни немного греется медленно, но сейчас всё работает стабильно."
бытовая техника,"Микроволновка пришла быстро, упаковка целая. Всё функционирует, включая режимы обжарки, но дверь немного не закрывается плотно, требуется настройка."
бытовая техника,"Плита пришла с неправильными размерами — на 5 см меньше, чем указано в описании. Вместо 60 см у меня 55 см, не влезает в мой кухонный угол. После установки вышло, что нагревательные элементы перегреваются и выключаются через 10 минут — не соответствует заявленным характеристикам."
бытовая техника,"Пылесос пришёл в хорошем состоянии, упаковка герметична. Фильтр легко убирается, ветер на низкой скорости стабилен, на высокой — чуть громче, чем ожидалось."
бытовая техника,"Купила холодильник для семьи — сразу впечатлила вместительность и тишина! Всё работает стабильно, даже на самых холодных режимах не греет. Всё по-настоящему, как в рекламе, теперь в доме всегда есть свежие продукты!"
бытовая техника,"Пылесос доставили через 3 дня, упаковка целая, компоненты собраны по инструкции. Система пыли удерживает хорошо, фильтр не засоряется в течение первой недели."
бытовая техника,"Стиральная машина — настоящая находка! Стирка проходит быстро, даже большие вещи справляется без лишнего шума. Удобный режим «быстрая стирка» — просто супер. Теперь у нас в доме всегда чистая одежда!"
бытовая техника,"Купила холодильник — с первого дня заметила, как идеально сохраняет свежесть продуктов! Внутри чисто, холодно, и даже морковь не пересушивается. Теперь каждый день в доме — как в магазине свежих овощей! Очень доволен!"
обувь,"Покупала кроссовки для ребёнка — размер 34, упаковка в пакетике с прозрачной упаковкой, не пропустили. Цвет синий, как на фото. Обувь держит форму, не скользит. Доставка — 5 дней, всё вовремя."
обувь,"Туфли в стиле лофт выглядят красиво, но после первой недели на боку образовалась трещина — не выдержали нагрузки. Размер 39 оказался слишком мал, пришлось заказывать в размере 40, но и там не сидят по всей длине. Ужасная фурнитура — застёжка скользит и не держится."
обувь,"Кроссовки приятного цвета, материал на ноге мягкий, подошли по размеру. Упаковка плотная, без повреждений, доставка прошла быстро."
обувь,"Приобрела кроссовки для повседневной носки — белые, как в описании, упаковка простая, но аккуратная. Размер 41, сидит комфортно, не давит. Доставка заняла 4 дня, всё в порядке."
обувь,"Туфли смотрятся красиво, но после первой недели носки — разошлись по краям, не выдерживают нагрузки. Упаковка была повреждена при доставке, а в обуви — вонь, как будто не сушили. Не рекомендую, особенно для активного образа жизни."
обувь,"Туфли на женскую ногу — устойчивы к износу, стелька снабжена поддержкой. Стильный внешний вид, но шнурки немного короткие для узких стоп."
обувь,"Кроссовки хорошо сидят на ноге, материал приятный к телу, подошли на среднюю высоту. Упаковка плотная, без повреждений, доставка была в срок."
обувь,"Заказала женские сапоги на зиму, но пришли с дефектами: швы на левой стороне рваны, подошва отслаивается. Размер 38 — не подошёл, в нём было слишком мало пространства для пальцев. Доставка была очень медленной — 20 дней на поставку, хотя обещали 3 дня."
обувь,"Купила кроссовки для повседневной носки, но после двух дней начала сильно скользить — подошва изношена, не держит форму. Даже на гладкой поверхности нога скользит. Качество явно не соответствует описанию."
обувь,"Дочь выбрала сапоги на зиму — она в восторге! Теплые, красивые, не промокли даже в дождь. Спасибо за качественный товар!"
обувь,"Сапоги хорошо держат форму, даже после нескольких месяцев."
обувь,"Сандалии для лета — светло-бежевый цвет, размер 38, отлично смотрятся с юбкой. Упаковка простая, но защищает от пыли. Доставили за 4 дня, не было задержек."
обувь,"Детские кроссовки — размер 25, цвет синий. Упаковка в коробке с рисунком, красиво. Доставка за 2 дня. Дети очень любят, не скользят, а ещё и держатся на обуви. Качество умеренное, но для малышей подойдёт."
обувь,"Купила сандалии для лета, но они не подходят по размеру — в описании написано «на 1 размер меньше», а на деле — на 2 меньше. На широкой ноге не сидят, защемлят. Кроме того, влагостойкость не работает — после дождя внутри обуви мокрый запах."
обувь,"Заказала тёплые ботинки для мужа — размер 44, цвет серый, как на фото. Упаковка была аккуратной, с чётким этикетом. Качество хорошее, материал плотный, не проваливается. Доставка прошла за 5 дней, быстро и без ошибок."
обувь,"Новые сапоги для зимы — впечатлили! Тёплые, плотные, не проникает ветер. Мой муж сказал, что это лучшая обувь, которую он носил летом и зимой. Очень доволен!"
обувь,"Купила кроссовки для работы — теперь иду по офису с комфортом! Очень мягкие, подошли на все виды поверхности, не скользят и не устают. Удивлена, насколько хорошо они держат форму — несмотря на долгий день, ноги не болят!"
обувь,"Купила кроссовки для повседневной носки, но после первого использования разошлись по пятке — обувь очень неудобная, особенно на длинных ногах. Размер 42 не подошёл, заказала 43, а там вообще не держится на стопе, как будто утонула в лёгкой обуви."
обувь,"Сандалии, которые заказала, не подходят по размеру — в упаковке указано 37, а на деле влезают только на ногу длиной 22 см. У меня 24 см, и они не держатся. Также после носки появился запах, несмотря на заявленный «без запаха». Качество — пластика, как у дешёвых кроссовок в магазинах."
обувь,"Сандалии красивые, но быстро изнашиваются на краях."
обувь,"Купила мужские ботинки — и сразу поняла, что это покупка на всю жизнь! Очень прочные, сухие, не ломаются. Сначала подумала, что это дорого, но теперь вижу, что это вложение в комфорт. Муж каждый день говорит: 'Это лучшая обувь, которую я носил!'"
обувь,"Купила кроссовки для повседневной носки — ожидала комфорт и долговечность, но после двух недель износились стельки, а в обрезе не держат форму. Даже на улице после дождя начали пропускать воду. Размер 42 оказался слишком маленьким — нога сжимается, болит стопа."
обувь,"Туфли на офис — смотрятся стильно, но не удерживают форму на ноге."
обувь,"Купила ботинки для выхода на работу — размер 39, но пришёл размер 40, и теперь они не сидят по ноге, как в описании. Носить не хочется — неудобно, промокает даже в тёплый день. Доставка — 14 дней, при этом не было уведомлений о статусе."
обувь,"Ботинки выглядят дорого, качество — на уровне."
обувь,"Ботинки на каблуке — материал толстый, не скользит, застёжка на молнии работает плавно. Упаковка была в пластиковом пакете с внутренним подложным слоем."
обувь,"Заказала ботинки для дачи — размер 41, цвет коричневый. Упаковка была в пластиковой коробке с защитным покрытием, не проливалось. Качество хорошее, подошва устойчивая, доставили через 5 дней, быстро и без ошибок."
обувь,"Купила кроссовки для прогулок — такие приятные, как будто каждый шаг — легкий и комфортный! Нога не болит, даже после долгого дня на работе. Всё по-настоящему радует!"
обувь,"Туфли на шнуровке — устойчивы к износу, стелька сбалансирована, не скользят на скользких поверхностях. Доставка в срок, без задержек."
обувь,"Покупала женские туфли на высоком каблуке — обещали, что они не сползают, но на деле каблук съехал после 2 дней носки. Уже второй раз заказывала, потому что в первом размере был перекос — в размере 38 пришлось заказывать 39, а на 39 не сидит, слишком тесно. Всё это из-за плохого подбора размера."
обувь,"Покупала ботинки для ребёнка — размер 34, но они сидят слишком тесно. Дети уже не хотят носить, потому что нога постоянно болит. Качество — пластика, как у дешёвого бренда, не выдерживает нагрузки."
обувь,"Сандалии, которые заказала, не держат форму — через 2 дня стопы начали болеть, а подошва начали скользить. Странно, что на сайте указано «для сухой и теплой погоды», а в реальности они не выдерживают даже простой прогулки. Доставка была медленной — пришло через 14 дней."
обувь,"Покупала сандалии на лето — размер 40, цвет оранжевый, как на картинке. Упаковка — в пластиковой коробке с рисунком, необычная, но не мешает. Доставка — через 4 дня. Обувь не скользит, но не очень комфортна на длинные прогулки, чуть тяжело на пятке."
обувь,"Заказала сапоги на зиму, но пришёл товар — размер не соответствует. Указанный размер 42, а на деле посадка — как 39. Нога ощущается в узком пространстве, ботинок постоянно скользит."
обувь,"Кроссовки удобные, отлично подошли для прогулок."
обувь,"Кроссовки удобные, подошли под офисную одежду."
обувь,"Купила кроссовки для походов — теперь могу ходить по городу без усталости! Очень комфортно, подошли идеально, даже на длинных прогулках не чувствуется утомления. Очень довольна!"
обувь,"Сандалии, которые заказала, в итоге оказались совершенно неудобными — на пятке быстро появляются мозоли, а стелька из пластика не держит форму. Размер 38 — не подошёл, чувствуется, что он на 1 размер меньше, чем указано. Доставка была задержана на 10 дней, и в упаковке был повреждённый кабель — явно не та обувь, что продаётся."
обувь,"Ботинки на каблуке — устойчивы, застёжка на молнии работает плавно. Нет ощущения усадки после первого ношения. Доставка произошла в течение 4 дней."
обувь,"Сандалии красивые, но не удерживают влагу — на солнце сушатся быстро."
обувь,"Сандалии из натуральной кожи — приятно на ощупь, кабелька устойчива, не разрушается при частом использовании. Упаковка была чистая, без следов."
обувь,"Ботинки устойчивые, стоят своих денег."
обувь,"Сапоги на зиму — толстая подошва, устойчивы к ходу по льду. Кожа не трескается, фиксация на каблуке надёжная. Упаковка была в коробке с влагозащитой."
обувь,"Сандалии на лето — легкие, быстро сохнут, на солнце не ломаются."
обувь,"Заказала сандалии для лета, но пришли с повреждённым шнурком — один из шнурков отрезан на 2 см. Пришлось возвращать. Доставка заняла 14 дней, хотя указано 3–5. Всё это из-за плохого контроля логистики и отсутствия визуальной проверки при отправке."
обувь,"Покупала сапоги на зиму — восторг! Тепло, устойчивы к ходьбе, обувь не ломается даже после сильных снегопадов. Дочка уже не может жить без них — у неё теперь целый комплект!"
обувь,"Заказала ботинки для мужа, размер 44, цвет — коричневый, как на фото. Упаковка была аккуратной, в коробке с чистым листом инструкции. Обувь устойчива к нагрузкам, сроки доставки — 5 дней, всё в порядке."
обувь,"Сапоги для холодного времени года — плотные, теплые, ветер не проникает. Внутренняя часть мягкая, не вызывает раздражения. Доставка была своевременной, упаковка была чистой и аккуратной."
обувь,"Сандалии, которые заказала для лета, вдруг начали ломаться — струна на каблуке разорвалась через неделю. Доставили в пятницу, а в воскресенье уже не хватало каблука. Никакого возврата не приняли — жалоба не обработана."
обувь,"Сандалии из натуральной кожи — материал держит форму, не теряет цвета даже после нескольких дней носки. Упаковка была в коробке с вкладышем, всё чисто и аккуратно."
обувь,"Приобрела сандалии для лета — пришли с запахом, несмотря на обещания «без запаха». Видно, что материал изношен, а крепление на пальце ослабло. Размер 37 — не подошёл, в нём слишком мало пространства, и обувь смещается в сторону. Доставка была отложена на неделю."
обувь,"Сапоги не пропускают влагу, отлично подойдут на морозе."
обувь,"Купила сапоги на зиму — размер 42, подошли идеально. Упаковка плотная, без повреждений, цвет — тёмно-серый, как на фото. Доставили через 4 дня, быстро и без лишних вопросов."
обувь,"Приобрела ботинки для детей — размеры не соответствуют, в обуви дети не могут стоять без поддержки. Подошва слишком мягкая, в результате дети постоянно скользят. Доставка была в два раза позже, чем указано в описании."
обувь,"Купила сандалии для лета — на первой же прогулке подошва начала трескаться, а ремешки растягиваются. Размер 37 был указан как «подходит всем», но на широкой ноге — не сидит, нужно было заказывать 38, а там вообще не хватало ширины. Ужасно."
обувь,"Заказала женские туфли на высоком каблуке, размер 38, цвет — бежевый. Упаковка была аккуратной, все детали (включая застёжку) чистые. Обувь держит форму, но немного тяжеловатая на обувной подошве. Доставка — 5 дней, всё в срок."
обувь,"Ботинки для работы — ожидала прочности, а получила полную неудовлетворённость. Подошва износилась на 30% уже после 3 дней. Носить невозможно — каждый шаг вызывает боль в пятке. Доставка была отменена из-за неправильного адреса."
обувь,Сандалии справляются с жарой — отлично!
обувь,"Кроссовки комфортные, подошли под любую работу."
обувь,"Заказала туфли на высоком каблуке — цвет черный, упаковка в коробке с защитной пленкой. Размер 38, сидит плотно, фиксация на каблуке надёжная. Доставка прошла за 5 дней, всё вовремя."
обувь,"Туфли среднего размера, подошли по размеру, фиксация на боку надёжная. Упаковка была в защитной пленке, товар не повреждён."
обувь,"Покупала ботинки для ходьбы по льду, но после 3 дней использования шнурки начали рваться, а пятно на подошве — не вытерли. Доставка была очень медленной — 21 день. Размер 44, а в обувке — 43,5, не хватает пространства на пальцах. Очень разочарована."
обувь,"Ботинки прочные, стоят денег — рекомендую."
обувь,"Приобрела сапоги для зимы — они просто шикарные! Тепло, уютно, как будто в доме. Мой муж сказал, что это лучшая обувь, которую он носил уже давно!"
обувь,"Купила туфли на каждый день — красивые, мягкие, как будто носишь обувь в любимом кафе. Спасибо за качественный товар, теперь каждый день начинается с улыбки!"
обувь,"Сапоги на зиму — толстая подошва, держит форму, не пропускает влагу. Упаковка была в пакете с вкладышем, всё упаковано аккуратно."
обувь,"Кроссовки приятного цвета, материал на ноге устойчивый, подошли по размеру. Упаковка плотная, без повреждений, доставка была в срок."
обувь,"Кроссовки комфортные, подошли под любую одежду."
обувь,"Ботинки на каблуке — удобны для повседневной носки. Материал устойчив к износу, стелька мягкая. Упаковка была в защитной коробке, всё было аккуратно упаковано."
обувь,"Ботинки из тёплой кожи, стелька мягкая, не скользит на льду. Форма ноги соответствует, застёжка — надёжная. Доставка — быстро, упаковка — чистая."
обувь,"Сандалии из синтетической кожи — прочные, не теряют форму. Застёжка на молнии легко срабатывает. Доставка — в течение 3 дней, всё в порядке."
обувь,"Брала кроссовки для ребёнка — он в восторге! Сказал, что любит ходить по парку, не уставает, а на улице даже не скользит. Отличный выбор!"
обувь,"Туфли на высоком каблуке — огонь! Ставлю 5 звёзд. Носила на выход, а вечером — в кафе. Выглядят как у модницы, а по комфорту — как у ведущей. Настоящая находка!"
обувь,"Ботинки из натуральной кожи — тонкий слой, не растягивается. Застёжка на молнии работает стабильно. Упаковка была аккуратной, без повреждений."
обувь,Ботинки на замке — сломались через месяц.
обувь,"Купила кроссовки для прогулок, но после двух дней использования шнурки начали рваться, а подошва начали трескаться — явно не выдерживает нагрузки. Размер 42 не подошёл, был слишком мал, пришлось заказывать в большом размере, и тогда обувь сильно сидит на пятке, неудобно."
обувь,"Детские сандалии — идеальный выбор! Дочь сказала, что любит их, не скользит, легко снимать. Очень удобно для прогулок в парке. Спасибо за красивый и практичный товар!"
обувь,"Купила кроссовки для прогулок — невероятно удобные! Ходить по городу стало приятнее, а ботинки не скользят даже на мокром асфальте. Очень доволен покупкой!"
обувь,"Купила кроссовки для ребёнка — размер 25, цвет жёлтый, как в описании. Упаковка была в пластиковой коробке с защитными вкладышами. Обувь очень мягкая, но ремешки немного тонкие — на длинные ноги не подойдут."
обувь,"Сандалии, которые заказала, не прошли тест на устойчивость: после 2 дней использования левая сторона разошлась, а стелька выскочила. Доставка была с нарушением сроков — пришло через 18 дней. Надеялась на комфорт, а получила дискомфорт и раздражение на коже."
обувь,"Сапоги теплые, но тяжелые — для прогулок не идеально."
обувь,"Купила кроссовки для прогулок, но после первой недели начали разрываться шнурки — явно плохая фиксация, не выдерживает нагрузки. Размер 42 оказался слишком маленьким, пришлось заказывать больший, а на нём нога болит от давления."
обувь,"Покупала сандалии для лета — размер 38, цвет — светло-розовый. Упаковка простая, в пакете с валиком. Обувь не снимается с ноги, не скользит. Доставка была за 4 дня, всё как обещали. Рекомендую!"
обувь,"Сандалии легкие, быстро садятся на ногу."
обувь,"Сапоги теплые, но тяжелые, подойдут только в зиму."
обувь,"Покупала сандалии для лета — цвет оранжевый, как в описании, упаковка в коробке с защитной пленкой. Размер 38, подошёл, но на ноге немного скользит. Доставили за 4 дня, всё вовремя."
обувь,"Туфли выглядят красиво, но после первой недели появился неприятный запах — воняет пластиком. Также материал быстро теряет форму, особенно при длительном ношении в сухом помещении."
обувь,"Туфли на плоской подошве — удобны для повседневной носки. Стелька мягкая, не давит на стопу. Доставка прошла быстро, товар пришёл в оригинальной упаковке."
обувь,"Сандалии из натуральной кожи — выглядят элегантно, крепление на боку надёжное, не скользит при ходьбе. Упаковка в коробке с защитным слоем."
обувь,"Купила сапоги на зиму — цвет подошёл под интерьер, упаковка плотная, без повреждений. Размер 42 — идеально сидит, не скользит. Доставили за 3 дня, спасибо!"
обувь,Сандалии быстро вышли из строя — не рекомендую.
обувь,"Кроссовки выглядят привлекательно, но после двух дней использования левая часть разорвалась у пятки — явно не выдерживает нагрузки. Доставили в несвоевременный срок — 18 дней, а в письме сказали, что товар был пересылён на другой склад. Очень разочарован."
обувь,"Заказывала женские сапоги на зиму, но при получении обнаружила, что они слишком малы — в размере 38 пошли как 36, а у меня нога в этом размере. Даже с небольшим запасом не сидят. Доставка была несвоевременной — 14 дней, хотя обещали 3."
обувь,"Купила кроссовки для ежедневной носки, но обнаружила, что в размере 42 они сильно уходят в ширину — нога смещается, обувь мешает при ходьбе. Кроме того, подошва быстро износилась после 3 дней использования, не выдерживает нагрузки."
обувь,"Кроссовки приятного веса, подошли по размеру. Подошва не скользит, материал на стельке мягкий. Доставка была вовремя, упаковка герметичная."
обувь,"Туфли красивые, но немного жесткие на стопе."
обувь,"Покупала сандалии для лета — размер 38, цвет светло-бежевый. Упаковка простая, в пакетике, не смещалась. Обувь удобная, но ремешок немного тонкий — на ногу с толстым подошвой не очень сидит. Доставка — 4 дня, всё вовремя."
обувь,"Кроссовки удобные, подошли на работу — не скользят, не мешают движению."
обувь,"Туфли на женскую ногу — идеально сидят, не скользят."
обувь,"Туфли на высоком каблуке — выглядят элегантно, но на стопе немного утомляет. Упаковка в коробке с защитным слоем, все элементы в порядке."
обувь,"Заказала женские сапоги на зиму, но пришёл в шок: в упаковке обувь была с повреждённой подошвой и на шнурках — нитки начали выпадать. Доставили через 15 дней, хотя в описании было написано «доставка в течение 3 дней». Всё это ведёт к полному разочарованию."
обувь,"Ботинки прочные, не мнутся даже после долгих ходов."
обувь,"Купила ботинки для сына — он уже не скучает по школьным туфлям. Удобные, красивые, не снимают с ног. Сын счастлив и каждый день ходит с ними. Очень рада!"
обувь,"Детские сандалии — настоящий прорыв! Дочка с радостью носит их на прогулках, не теряет их, не скользит. Очень красиво, а главное — не садится на ногу. Удивляюсь, как они держат форму даже после игры!"
обувь,"Сандалии с закрытой подошвой — устойчивы к небольшим вибрациям. Резиновый кабель на подошве не скользит. Упаковка плотная, без складок и повреждений."
обувь,"Кроссовки приятного веса, подошли по размеру. Верх из ткани не скользит, подошва устойчива на неровной поверхности. Доставка была в срок, упаковка плотная, без повреждений."
обувь,"Купила сапоги для зимы — цвет подошёл под домашнюю обстановку, упаковка плотная и защитная. Размер 42 подошёл идеально, не был пересадкой. Доставили через 3 дня, всё в срок."
обувь,"Купила ботинки для мужа, но пришёл с размером 44 — обувь сильно сжимает ногу, особенно в области лодыжки. Фурнитура отклеилась через неделю, а подошва изношена уже на треть. Плохая посадка и неудовлетворительное качество — не рекомендую."
обувь,"Кроссовки для детей, размер 25, цвет — синий. Упаковка в коробке с рисунком, удобно хранить. Дети очень любят — не скользят, подошли по размеру. Доставка — 6 дней, заказалась в выходные, всё вовремя."
обувь,"Купила сапоги для зимы — размер 42, подошли идеально. Упаковка плотная, без скатывания, цвет — тёмно-серый, как на фото. Доставка за 3 дня, всё в порядке, обувь теплая и держит форму."
обувь,"Сандалии на тонком каблуке — устойчивы, не провисают. Запаха не ощущается, фиксаторы на стопе надежные. Доставка — быстро, без задержек."
обувь,"Сандалии в новом стиле — идеально подошли к платью на выход. Легко снимать и надевать, не скользят, а главное — не мешают в движении. Удивилась, насколько приятно носить!"
обувь,"Кроссовки удобные, подошли под обувь для прогулок."
обувь,"Туфли на высоком каблуке — устойчивы, не проваливаются. Стелька снабжена вставками, хорошо держит форму. Упаковка в коробке с вкладышем."
обувь,"Заказала кроссовки для дочки — размер 35, упаковка была в прозрачной пленке с защитным слоем, не проникает влаги. Цвет — бежевый, как в описании, но немного светлее. Доставка за 3 дня, всё в порядке."
обувь,"Купила кроссовки для повседневной носки — они действительно идеальны! Очень комфортные, не скользят, а главное — не разбухают в жару. Даже на работе не устаю от них, чувствую себя как дома!"
обувь,"Для ребёнка купила детские кроссовки — размер 24, цвет синий, упаковка была в прозрачной пленке с надписью. Обувь мягкая, не вызывает аллергии, дочь очень довольна. Доставка была за 3 дня, всё чисто и быстро."
обувь,"Покупала ботинки на мужа — он с ума сходил! Очень уютные, отлично смотрятся с джинсами, а главное — не скользят. Огромное спасибо!"
обувь,"Сапоги на погоду — стопа не болит, шнурки легко регулируются. Упаковка плотная, без складок. Доставка прошла без задержек."
обувь,"Кроссовки комфортные, материал на пятке не скользит. Подошли на ногу, не вызывают давления. Упаковка плотная, без повреждений."
обувь,"Сапоги на зиму — толстый слой из искусственной кожи, устойчивы к небольшому морозу. Стабильная посадка, не скользит по льду. Доставка — быстро, упаковка чистая."
обувь,"Купила кроссовки для повседневной носки, но после двух недель использования на ноге появилась боль — подошва слишком мягкая и не выдерживает нагрузки. Даже на короткой прогулке чувствуется ухудшение поддержки."
обувь,"Сапоги для зимы — просто супер! Очень тёплые, плотные, как будто в них уютно. Моя мама сказала, что это лучшая обувь, которую она когда-либо покупала. Уже носит каждый день — и в снег, и в сухую погоду!"
обувь,"Покупала туфли на обувь для офиса, но они не подходят по высоте — стелька слишком тонкая, нога сразу утомляется. Вдобавок, швы на лодыжке расходятся после 2 дней ношения. Качество, по моему мнению, ниже среднего — не стоит покупать."
обувь,"Туфли красивые, сшиты качественно, не ломаются."
обувь,"Сапоги на зиму — теплые, дышащие, внутри есть встроенный слой. Доставка была быстрая, упаковка была аккуратной."
обувь,"Сандалии из натуральной кожи — материал тонкий, но не ломается. Стабильность на плоской поверхности хорошая. Упаковка синяя, вкладыш внутри — не пропал."
обувь,"Купила кроссовки для повседневной носки, но после первой недели стали сильно дырить на подошве — качество явно не соответствует описанию. Даже на малейшем натяжении разрывается материал. Проблема в том, что обувь не выдерживает нагрузки, особенно на улице."
обувь,"Заказала туфли на работу — размер 37, цвет чёрный, как указано. Упаковка — в картонной коробке с вкладкой, не скользит. Доставка — через 6 дней, немного позже, чем ожидала. Обувь сидит плотно, подошва не смещается, в целом — качественная, не скользит по стеклу."
обувь,"Сапоги с подошвой из эко-резины — устойчивы к влаге, не ломаются. Упаковка с защитным покрытием, всё в порядке, не было повреждений при получении."
обувь,"Покупала туфли для женщины, заказала размер 38, но пришёл размер 37 — совсем не подошло. Нога не влезает, сильная боль в стопе. Качество ужасное — швы на лодыжке прорвались после двух дней носки. Никаких гарантий, никакой связи с отзывами на сайте."
обувь,"Сандалии сидят хорошо, но не держат форму после сушки."
обувь,"Пришла сапоги, но в них быстро появился неприятный запах — даже несмотря на обещание «без запаха». Внутренняя часть из низкокачественного материала, быстро теряет форму, не держит влагу. Доставка — 14 дней, а в почте курьер сказал, что товар был заблокирован на складе из-за ошибки в заказе."
обувь,"Заказала ботинки для мужа, размер 44, цвет — чёрный. Упаковка была в защитной пленке, не пролетела. Доставка заняла 5 дней, всё в порядке. Качество хорошее, фурнитура прочная, не скользит на льду."
обувь,"Купила женские туфли на работу — выглядят стильно, а главное, не скользят! Всё, что нужно: удобно, красиво, и даже после 6 часов в офисе ноги не устают. Спасибо за отличный выбор!"
обувь,"Сапоги теплые, но тяжелые, не очень удобны в походах."
обувь,"Сандалии сухие и легкие, отлично подходят на пляж."
обувь,"Купила сапоги для зимы — цвет подошёл (серо-чёрный), размер 42, подошёл идеально. Упаковка плотная, защитила обувь от повреждений. Доставили через 3 дня, всё вовремя."
обувь,"Туфли на высоком каблуке — устойчивы, не скользят. Стелька съемная, удобно для ежедневной носки. Заказали в подарок — упаковка привлекательная."
обувь,"Кроссовки приятного цвета, материал на ноге мягкий, подошли по размеру. Упаковка плотная, не разошлась при транспортировке."
обувь,"Заказала ботинки для сына — размер 38, упаковка была в плащевом пакете с наклейкой, всё чисто и аккуратно. Цвет — серо-чёрный, как в фото, но на деле чуть светлее. Доставка — 5 дней, как и обещали. Обувь устойчива, не скользит, сын говорит, что удобно."
обувь,"Сапоги на ребёнка — отлично сидят, не разворачиваются."
обувь,"Заказала туфли для дочки в размере 23 — пришёл с перепадом размеров: в реальности на ноге не сидит, ощущается давление на пятку. Также материал тонкий и быстро впитывает влагу, после прогулки в дождь — мокрый и неприятный запах."
обувь,"Сапоги на зиму — плотные, не проникают влагу. Подошли по размеру, швы не заметны. Упаковка — в пакетике с защитным покрытием, без повреждений."
обувь,"Брала ботинки для зимы — обещали устойчивость к морозу, но после 2 недель в холоде стелька начали высыхать и трескаться. Кабель в подошве слабый, и на лёгкой поверхности появляются пятна. Всё это из-за низкого качества резиновой подошвы и неудовлетворительного сцепления с полом."
обувь,"Кроссовки удобные, подошли под любую повседневную одежду."
обувь,"Кроссовки комфортные, подошли по размеру. Подошва не скользит, материал держит форму. Доставка была вовремя, упаковка плотная, без повреждений."
обувь,"Заказала ботинки для девочки 7 лет — цвета (розовые с золотыми деталями) очень привлекательные, упаковка в коробке с рисунком, как на фото. Размер 23,5 — идеально сидит, малыша очень понравилось."
обувь,"Брала мужу мужские ботинки размера 45, цвет — чёрный. Упаковка была в коробке с вентиляцией, не пропиталась влагой. Обувь прочная, не проваливается. Доставка — 7 дней, всё прошло без проблем."
обувь,"Заказала туфли на работу — красиво выглядят, но материал очень тонкий, после нескольких дней носки начали трескаться у каблука. Не выдерживает нагрузки, особенно на длинных рабочих днях. Надеялась на долговечность — разочарована."
обувь,"Сапоги для зимы — просто супер! Тепло, прочны, не проникает влаги. Мама сказала, что это лучшая обувь, которую она уже носила. Спасибо за качественный товар!"
обувь,"Сапоги выглядят презентабельно, шнурки не провисают, стабилизируют движение. Доставка прошла быстро, товар пришёл в оригинальной упаковке."
обувь,"Сапоги держат форму, шнурки прочные."
обувь,"Ботинки на зиму — теплые, но тяжелые."
обувь,"Кроссовки приятного цвета, материал на ощупь приятный, подошли по размеру. Упаковка плотная, без повреждений. Доставка была в срок."
обувь,"Заказывала сапоги на зиму, но пришли в размере 40, а мне нужно 42. Доставили с задержкой на 10 дней, а когда открыли — внутри обувь мокрая, влагостойкость не сработала. Качество — как у дешёвого магазина, стелька скользит, не удерживает ногу."
обувь,"Купила сапоги для зимы — размер 42, подошли идеально. Упаковка плотная, без повреждений. Цвет — тёмно-серый, как на фото. Доставили через 3 дня, быстро и без лишних вопросов."
обувь,"Ботинки износостойкие, фурнитура крепкая — рекомендую."
обувь,"Ботинки теплые, но немного тяжелые."
обувь,"Сапоги из натуральной кожи — тонкая текстура, не теряют форму. Упаковка герметична, нет пыли. Доставка в срок."
обувь,"Туфли из ткани приятно ощущаются на коже, застежка на молнии работает плавно. В упаковке всё чисто, без складок или пятен."
обувь,"Туфли на каблуке выглядят элегантно, подошли по размеру. Всё в порядке: нет следов износа, фиксаторы не скрипят."
обувь,"Купила кроссовки для прогулок, но после первого использования разошлись по пятке — обувь не сидит, чувствуется ощущение давления. Размер 42 оказался слишком маленьким, пришлось заказывать 43, но даже тогда по каблу ломается, нога не влезает."
обувь,"Купила ботинки для поездок — они выглядят как из кино! Очень стильно, дышат, не мешают ноге. Хочу купить ещё пару на другую пару. Удивлена, насколько они комфортны!"
обувь,"Туфли на высоком каблуке — красиво, но не устойчивы."
обувь,"Купила туфли для девочки 7 лет — обувь выглядела красиво, но после первого дня носки на стельке появился скол, и у девочки начали болеть пятки. Размер 23 не подошёл — обувь слишком узкая, а внутри — нет внутреннего укрепления, что привело к перетягиванию. Очень не рекомендую."
обувь,"Сапоги для зимы — тёплые, материал плотный. Стелька хорошо держит форму. Доставка была быстрая, упаковка герметичная, вещь пришла в оригинальной упаковке."
обувь,"Ботинки на высоком каблуке — высота соответствует описанию. Стабильность на ноге хорошая, застежка на молнии работает плавно. Упаковка была в пленке, не проникает влаги."
обувь,"Сандалии на солнце — сухие, не скользят, но быстро грязные."
обувь,"Ботинки на зиму — тёплые, но немного тяжелые."
обувь,"Заказала сапоги на зиму, но пришёл в отчаяние — обувь пропускает влагу, внутри мокрое, несмотря на заявленную водонепроницаемость. Доставка была не вовремя — через 14 дней пришло, хотя в описании указано 5 дней. Качество фурнитуры — пластики, которые сразу начали трескаться."
обувь,"Сандалии пришли с дефектами — одна из них имеет трещину у подошвы, а вторая — неправильно склеена. Размер 37 оказался не подошёл — нога в нём болит, как будто в тесной обуви. Доставка — 21 день, в итоге не возвращали, потому что не хотели платить за доставку обратно."
обувь,"Заказала сапоги на зиму, но пришли с серьёзными дефектами: шов на задней части обуви рваный, в нём проникает влага. Доставка была очень медленной — 21 день с момента заказа. На ногу садится неправильно, даже не подошёл по размеру — пришлось возвращать."
обувь,"Покупала ботинки для работы — надеялась на прочность, но после 3 дней носки шнурки начали сползать, а подошва пошла в пазы. Стало ясно, что обувь не рассчитана на нагрузки. Размер 41 — не подошёл, нога ощущается вдавленной, как будто обувь слишком узкая."
обувь,"Туфли на высоком каблуке — высота каблука соответствует описанию, подошли на ногу, но стелька немного жесткая. Доставка произошла через 4 дня, упаковка чистая."
обувь,"Покупала сапоги на зиму, но при первом же употреблении в холоде обувь начали протекать — резиновая подошва не держит, вода проникает в верх. Доставка была в два раза дольше, чем обещали, и заказ был отклонён из-за ошибки в размере."
обувь,"Сапоги теплые, идеально для зимы."
обувь,"Заказала ботинки на осень — размер 41, упаковка в полиэтиленовой упаковке, не пропустили. Цвет тёмно-коричневый, как в описании. Удобные, не проваливаются. Доставка за 3 дня, всё было чисто и быстро."
обувь,"Кроссовки удобные, ходить по городу — не скользит."
обувь,"Кроссовки очень удобные, ходить не надо напрягаться."
обувь,"Сандалии с подошвой из гелевой основы — приятно на ноге. Доставка произошла за 3 дня. Упаковка — стандартная, без лишнего материала."
обувь,"Для мужа купила ботинки — размер 44, цвет серый, упаковка в коробке с рисунком, не сломались при транспортировке. Доставка за 6 дней, чуть дольше, чем ожидала, но всё же вовремя. Очень приятные на ощупь, не скользят."
обувь,"Купила кроссовки для ежедневной носки — теперь идти на работу стало легко и комфортно! Удобная подошва, не скользит, а ещё выглядят стильно. Очень довольна покупкой!"
обувь,"Туфли на высоком каблуке — прямой по высоте, как указано в описании. Форма устойчива, шнурки не спадают. Упаковка в коробке, без лишних элементов."
обувь,"Заказала сандалии на выходные — цвет светло-бежевый, как в фото. Упаковка в коробке, всё чисто и аккуратно. Размер 39, подошёл по ноге, но чуть тесноват на пальцах. Доставка была вовремя — через 4 дня."
обувь,"Сандалии смотрятся стильные, но в продаже указано, что они подходят на все размеры, а на деле — в размере 37-38 нога не удерживается, стелька скользит. Пришёл в сухую погоду — обувь сразу впитала влагу и стала липкой. Очень разочарована."
обувь,"Брала туфли на работу — размер 38, цвет чёрный, как указано. Упаковка в коробке с вставкой, не вылезли пальцы. Качество хорошее, но на пятке немного утомляет после 2 часов ходьбы."
обувь,"Кроссовки комфортные, подошли по размеру. Материал на подошве устойчивый, не скользит. Доставка была в срок, упаковка плотная, без повреждений."
обувь,"Заказала сандалии для лета, размер 39, цвет — оранжевый. Упаковка — в пакете с защитным покрытием, не лопнула. Обувь удобная, но не очень устойчива к воде. Доставили за 6 дней, всё вовремя и без лишних вопросов."
обувь,"Сапоги на зиму — прочные, держат форму."
обувь,"Сандалии легкие, быстро сушатся, отлично на пляже."
обувь,"Кроссовки для мужчин — обещали устойчивость, но после 3 дней использования подошва проседает, а стелька скользит. Размер 44 — не соответствует, в нём нога не влезает, а в 43 — слишком большой. Всё это из-за неправильного расчёта размера в описании."
обувь,"Туфли на высоком каблуке выглядели красиво, но после первого дня носки разошлись. Ткань резко потрескалась, и появилась трещина на подошве. Проблема не в дизайне — в качестве материалов."
обувь,"Брала туфли на работу — размер 37, упаковка в картонной коробке с защитным слоем. Цвет чёрный, выглядят элегантно. Фурнитура крепкая, не скрипит. Доставили через 4 дня, быстро и без ошибок."
обувь,"Сапоги на зиму — тёплые, внутри хорошая вентиляция. Застежка на молнии работает плавно. Доставка была в срок, упаковка защищала обувь от повреждений."
обувь,"Купила ботинки для мужа — ожидала прочности, но после одного дня ходьбы шнурки начали ломаться, а стелька изогнулась. Доставка прошла с задержками — пришли через 27 дней. Размер 44 был не соответствующим — на ноге болит, неудобно ходить, особенно по скользким поверхностям."
обувь,"Сандалии пришли с неправильной упаковкой — в них был сильный запах, как из мусора. Носила на пляже — через 3 дня лодыжка покраснела из-за плохой поддержки. Размер 37 был чрезмерно мал, не хватало пространства для ноги. Очень разочарована."
обувь,"Купила туфли на работу — выглядят стильно, как в модной фотосессии, а на ноге — как будто в облаке. Спасибо за такой качественный товар!"
обувь,"Ботинки на каблуке — хороший баланс между стилем и функциональностью. Внешний вид приятный, фиксаторы на стельке надёжные. Упаковка в коробке, как в описании."
обувь,"Туфли на шнурках — отлично сидят, не скользят."
обувь,"Покупала сандалии для лета — размер 39, цвет оранжевый, упаковка в пакете с защитным покрытием. Доставили через 5 дней, всё быстро. Удобные, но не для долгой поездки — на тёплой пляжной поверхности всё нормально."
обувь,"Детские сапоги заказала — в размере 34, но пришли с перекосом, не сидят на ноге. Уже второй раз сталкиваюсь с таким браком. Надевала на ребёнка — сапоги мокнут, не выдерживают дождя. Всё это из-за плохого контроля размеров и низкого качества водоотталкивающего покрытия."
обувь,"Сандалии понравились с первого взгляда — легкие, красивые, и главное — не теряют форму даже при жаре. Удивилась, как хорошо сидят на ноге!"
обувь,"Ботинки на зиму — тёплые, но тяжеловаты, ходить долго — неудобно."
обувь,"Сандалии, которые заказывала, пришли с повреждённым шнурком — на пакете не было отметки о возможных дефектах. Доставка была в два раза дольше, чем указано в описании. Надо было подождать ещё 3 дня."
обувь,"Туфли красивые, но чуть тонкие — не подошли на большие ноги."
обувь,"Сандалии из натуральной кожи — выглядят натурально, не скользят на бетоне. Упаковка в пакете с влагозащитным покрытием, всё в порядке."
обувь,"Купила сапоги для зимы — цвет подошёл к моему наряду, упаковка была аккуратной, внутри — мягкий чехол. Размер 42 подошёл, хоть и чуть больше, чем указано в описании. Доставка была в срок — через 3 дня. Обувь теплая, но не тяжёлая, отлично подойдёт на прогулки по снегу."
обувь,"Брала ботинки для походов — доставка была заведомо задержана на 10 дней. При открытии упаковки обнаружил, что подошва изношена уже после 10 минут ходьбы, а внутренняя часть не выдерживает давления. Размер 41 был слишком велик — обувь постоянно скользит по ноге."
обувь,"Кроссовки комфортные, подошли под офисную одежду."
обувь,"Заказала туфли на работу — размер 37, цвет бежевый. Упаковка в пакете с защитным слоем, не треснули. Доставили за 4 дня, всё в срок. Обувь не скользит, подошла по высоте, но чуть тяжеловатая — на умеренные прогулки хватает."
обувь,"Заказала женские туфли на высоком каблуке — цвет бежевый, размер 37, упаковка в коробке с тканевым покрытием. Удобные, но чуть узкие — на тонкой ноге может быть неудобно. Доставили за 6 дней, без задержек."
обувь,"Сандалии легкие, не скользят на бетоне. Ремешки не рвутся, фиксируют ногу. Упаковка была аккуратной, без повреждений"
обувь,"Купила кроссовки для повседневной носки — ожидала комфорт, а получила жесткую подошву, которая мешает при ходьбе. Через 3 дня появилась трещина на лёгкой части стельки, а после — пахнет пластиком. Недостаточно качественные материалы, не выдерживает даже обычной нагрузки."
обувь,"Заказала туфли на работу — размер 37, цвет — чёрный. Упаковка в эко-пакете, без лишнего материала. Качество приятное, фурнитура не скрипит. Доставка через 2 дня, быстро и без ошибок. Обувь выглядит дорого и стильно."
обувь,"Туфли красивые, но стелька жёсткая, не подошли под ногу."
обувь,"Покупала кроссовки для ребёнка (6 лет), размер 24, цвет — голубой. Упаковка была в прозрачной пленке с защитным слоем — всё в порядке. Обувь мягкая, не скользит, но ремешки немного короткие. Доставили за 4 дня, быстро и без ошибок."
обувь,"Заказала туфли на дождь, но они мокнут через 15 минут — дождевая устойчивость на уровне бабушкиных сапог. Размер 39 оказался слишком велик, в них неудобно ходить, даже на короткую прогулку. Всё это — не соответствует описанию."
обувь,"Кроссовки для взрослых — размер 44, цвет белый с красной полосой. Упаковка была в коробке с логотипом, всё было аккуратно, без складок. Доставка — 2 дня, быстро. Обувь держит форму, не разбухает, по шнуру — прочный, не провисает."
обувь,"Купила сапоги на зиму — размер 42, подошли идеально. Упаковка плотная, не пролетела, цвет — тёмно-серый, как на фото. Доставили за 3 дня, всё вовремя. Обувь теплая, держит форму, подошла даже на прогулки по снегу."
обувь,"Ботинки на зиму — материал толстый, держит тепло. Запах прошёл через несколько дней. Доставка была быстрее, чем ожидалось."
обувь,"Новые туфли на высоком каблуке — огонь! Стильные, не скользят, и главное — не мешают при ходьбе. Удивилась, насколько они удобны — даже после 8 часов в офисе не чувствую усталости!"
обувь,"Купила сапоги для зимы — цвет подошёл к моему стилю, упаковка плотная, без складок. Размер 42 — подошёл идеально, обувь теплая и устойчивая. Доставили за 3 дня, всё в порядке."
обувь,"Заказывала сапоги на зиму, но пришёл товар с неправильным размером — размер 38 оказался слишком мал, а 39 — слишком велик. Внутри обуви нет подкладки, нога мокрая и быстро промерзает, даже в сухую погоду. Качество выглядит как у бюджетной марки, не стоит покупать."
обувь,"Покупала сандалии для лета — размер 38, цвет светло-бежевый. Упаковка простая, но надёжная, не повредились. Доставили через 4 дня. Обувь комфортная, подошла на работу, но чуть узкие в пальцах — посоветовала смотреть на размеры."
обувь,"Ботинки теплые, но немного тяжелые — для походов не идеально."
обувь,"Сандалии для женщин — цвет оранжевый, как указано в описании, упаковка в пакете с чехлом. Размер 37 — подошёл, но немного узкий на пальцах. Доставили за 2 дня, быстро и без ошибок."
обувь,"Кроссовки приятного цвета, материал на пятке устойчивый, подошли по размеру. Доставка была в срок, упаковка плотная, без повреждений."
обувь,"Сандалии легкие, но не держат форму — после нескольких дней начали деформироваться."
обувь,"Сандалии с ремешком — удобны в жару. Ремешок не провисает, подошва не скользит. Упаковка была в пакете с защитным покрытием, не было повреждений."
обувь,"Купила ботинки для сына — он в восторге! Очень надёжные, не ломаются, и он говорит, что чувствует себя как в кроссовках, но с более сильным ощущением устойчивости. Родители тоже в восторге!"
обувь,"Сапоги держат форму, отлично справляются с мокрым климатом."
обувь,"Купила туфли на работу — с первого дня чувствовала себя уверенно. Модные, не скользят, стабильная подошва. Очень доволен покупкой!"
обувь,"Сандалии легкие, быстро садятся — на даче очень удобны."
обувь,"Сандалии на резинке — не скользят даже на скользкой поверхности. Материал не трескается, после нескольких дней использования выглядят как новые. Упаковка герметичная, без потери влаги."
обувь,"Сапоги для зимы — плотные, теплые, воротник не провисает. В комплекте — носок и инструкция. Доставка была быстрая, товар пришёл в целости и сохранности."
обувь,"Заказала сапоги на зиму, но пришёл в панику — размер не соответствует. Указали 42, а в реальности — очень маленький, как у 40. Нога болит, сидит неловко. Доставка была в два раза дольше, чем указано в описании."
обувь,"Детские ботинки — заказывала на 3 года, но пришёл размер 2, хотя в описании сказано, что ботинки подходят на 3-4 года. Нога не влезает, обувь слишком маленькая. Кроме того, у основания ботинка есть отверстия — видно, что материал не тщательно сшит. Очень разочарована."
обувь,"Заказала сандалии для лета, но пришлось отменить покупку — в размере 39 они оказались на 2 размера меньше, чем указано. Попробовала в других размерах — все не сидят. Доставка была неоднократно отложена, а товар пришёл с повреждением — одна сторона обуви была разорвана."
обувь,"Заказала ботинки для мужа, размер 44, цвет — бежевый. Упаковка была в пластиковой коробке с защитным покрытием. Качество хорошее, подошва прочная, не скользит. Доставка за 5 дней — быстро, всё в порядке."
обувь,"Купила кроссовки для повседневной носки — ожидала комфорт и долговечность, но после двух недель использования левая стелька начали трескаться, а на пятке появился зазор. Размер 42 не подошёл — на ноге ощущается сильная неудобство, обувь сжимается, как будто носок слишком малый."
обувь,Сандалии с узким ремешком — не подошли мне по размеру.
обувь,"Туфли на каждый день — удобные, не скользят. Запаха не ощущается, фиксаторы на подошве прочные."
обувь,"Купила кроссовки для повседневной носки, но очень разочарована: размер не соответствует, в размере 42 пошёл с узким профилем, а у меня нога широкая — после покупки пришлось возвращать. Кроме того, материал быстро износился на пятке, особенно после 3 дней ношения."
обувь,"Сандалии с каблуком — выглядят стильно, но после 3 дней носки на каблуке появился разрез в верхней части. Фурнитура не выдерживает давления, не подошло ни по размеру, ни по форме. Никакого качества, не рекомендую."
обувь,"Купила кроссовки для повседневной носки — обещали комфорт, но после двух дней стали скользить, а на стыке подошвы появился трещин. Нога болит, особенно после долгой ходьбы. Размер 42 оказался слишком маленьким — влезает, но сжимает лодыжку."
обувь,"Покупала сапоги для зимы — впечатлили сразу! Тёплые, уютные, не скользят даже на мокрой земле. Сын уже не хочет брать другие — говорит, что эти самые лучшие!"
обувь,"Сандалии из натуральной кожи — просто волшебство! Легкие, красивые, не скользят даже на мокрой плитке. Моя подруга пошла на них с дачи и сказала: «Это лучшая обувь, которую я видела за год!»"
обувь,"Туфли на ногу сидят хорошо, не скользят."
обувь,"Заказала туфли на работу — размер 37, цвет чёрный. Упаковка в тканевом пакете, не дышит, но не повреждена. Качество — надёжное, фиксатор на пятке не скрипит. Доставили за 4 дня, всё в срок и аккуратно упаковано."
обувь,"Купила кроссовки для работы — теперь иду по офису с комфортом! Удобные, не скользят, а ещё приятно ощущать на ноге. Очень довольна покупкой!"
обувь,"Ботинки из натуральной кожи, внешний вид сохраняет цвет в течение времени. Фиксация на стопе надёжная, но стелька немного жёсткая для длительной носки."
обувь,"Кроссовки плотно облегают ногу, материал держит форму даже после нескольких дней ношения. Упаковка герметичная, без повреждений при доставке."
обувь,"Туфли смотрятся стильно, но не очень устойчивы на улице."
обувь,"Покупала туфли на работу, но на второй день после носки начали скрипеть застёжки и стопа болела. Ткань не держит форму, быстро вытягивается. Доставка была вовремя, но в упаковке обувь была повреждена — боковая сторона разорвана, видно, что её сбивали при транспортировке."
обувь,"Брала ботинки для дачи, но при первом же походе на улицу обувь начало лопаться у пятки. Поверхность изношена, швы не прочные. Доставка прошла без проблем, но пришёл товар в упаковке с повреждённой лентой, и в ней обувь была смята. Не рекомендую ни в каких условиях."
обувь,"Ботинки на высоком каблуке — высота соответствует описанию. Стелька не скользит, застёжка надёжная. Упаковка в коробке с вкладкой."
обувь,"Туфли на женскую ногу — швы ровные, обувь не скользит. Стоимость в пределах ожидаемой. Доставка прошла без задержек, товар был в оригинальной упаковке."
обувь,"Туфли на шнуровке — симметричные по форме, швы качественные. Вес обуви средний, не вызывает дискомфорта при долгом ношении. Доставка прошла без задержек."
обувь,"Заказала сапоги размера 42, но пришёл размер 41 — не подошёл по длине. Нога выступает, неудобно ходить. Доставка была в срок, но при этом упаковка была разорвана, а обувь соприкоснулась с влажным воздухом — уже после приёма появилась гниль на подошве."
обувь,"Сапоги теплые, отлично подойдут на мороз."
обувь,"Сапоги красивые, но стелька тонкая — после двух дней начали давить."
обувь,"Кроссовки удобны для повседневной носки, подошли по размеру. Материал стабильный, шнурки легко фиксируются. Доставка была в срок, упаковка герметичная, без повреждений."
обувь,"Детские кроссовки — размер 25, цвет голубой. Упаковка в коробке с рисунком, красиво оформлено. Дети в восторге, обувь держит форму, не скользит. Доставка — 6 дней, пришло без повреждений, всё как на сайте."
обувь,"Купила сапоги для зимы — размер 42, подошли идеально. Упаковка плотная, без повреждений, цвет — тёмно-серый, как на фото. Доставка через 3 дня, всё вовремя. Обувь теплая, материал приятный к коже."
обувь,"Ботинки на высоком каблуке — подошли по размеру, стабильны на неровной поверхности. Доставка была вовремя, упаковка надёжная."
обувь,"Сандалии для лета — идеальный выбор! Легкие, красивые, не страдают от солнца. Каждый день в них чувствую себя как в парке. Удивлена, насколько они держат форму!"
обувь,"Кроссовки удобные, отлично сидят на ноге."
обувь,"Покупала детские туфли на 3 года — на обувь не сидит, слишком тонкая подошва, после 10 минут ходьбы лодыжка начинает болеть. Размер 23 не подошёл, в нём было слишком мало места. Доставка пришла с повреждениями — обувь была разорвана у линии стельки."
обувь,"Сапоги на зиму — тёплые, материал держит тепло. Форма узкая, может не подойти для широких ног. Доставка — в течение 3 дней, упаковка не проникла влагой."
обувь,"Ботинки на высоком каблуке — стабильные, шнурки надёжные, не провисают. Упаковка была в коробке с защитными пленками, всё в порядке."
обувь,"Туфли на высоком каблуке — красный цвет, размер 37, упаковка в красивой тканевой сумке с наклейкой. Доставили через 6 дней, всё в срок. Обувь устойчива, не проваливается, но чуть жёсткая на стопе."
обувь,"Купила ботинки для работы, но качество ужасное: каблук рассыпался через 2 недели, а внутренняя часть быстро потрескалась. Размер 41 — на самом деле 42, и не сидит на ноге. Доставка заняла 20 дней, а при получении обнаружил, что обувь была не та, что описана — не соответствует фото."
обувь,"Сапоги для зимы — подошли по размеру, шов ровный, материал не теряет форму при хранении. Доставка была быстрая, упаковка в полиэтиленовом пакете, без сколов."
обувь,"Кроссовки плотно облегают ногу, материал приятный к коже. Упаковка плотная, без повреждений. Доставка была вовремя."
обувь,"Покупала женские сапоги на зиму — доставка заняла 14 дней, хотя в описании было написано «доставка в течение 3 дней». Когда получила, обувь сильно потрескалась на каблуке, а внутри — неправильно сшиты швы, нога скользит при ходьбе."
обувь,"Сандалии на лето — легкие, хорошо дышат. Подошва не проседает после нескольких дней ношения. Доставка прошла без задержек, упаковка упакована в пакет с вкладышем."
обувь,"Новые туфли на высоком каблуке — в шоке от красоты! Выглядят элегантно, пошли на работу — все смотрят и говорят: «О, эти туфли!». Надо было их купить уже давно!"
обувь,"Кроссовки приятного цвета, материал на стопе мягкий, подошли по размеру. Упаковка плотная, без повреждений, доставка прошла быстро."
обувь,"Купила кроссовки для повседневной носки, но после нескольких дней использования начался износ стельки — она растянулась и стала скользить. Также обнаружила, что в размере 41 пошло на 42, в итоге купила с запасом, но нога болит от неудовлетворительного сидения."
обувь,"Покупала туфли на работу — размер 38 был указан как «для средней ноги», но в реальности обувь сильно сдавливает пальцы, особенно при ходьбе. Появился дискомфорт уже через день. Доставка прошла быстро, но товар не соответствует описанию."
обувь,"Сандалии из искусственного материала — прочные, не скользят на бетоне. Упаковка была в пластиковой коробке с защитными пленками."
обувь,"Купила кроссовки для повседневной носки, но после двух дней использования на лодыжке появилась усталость — подошва слишком мягкая, не держит форму. Кроме того, в описании сказано, что размеры стандартные, а у меня 43, а в обувке — 42.5, на ногу не сидит, сутулится и болит в колене."
обувь,"Заказала сапоги на зиму — доставили с перепадом в 7 дней, но при открытии упаковки обнаружила, что внутренняя часть не впитывает влагу, а на ладонях остался запах, как будто не стерилизовали. Качество — ниже ожиданий, материал тонкий, быстро мнётся."
обувь,"Туфли красивые, но не выдерживают нагрузки."
обувь,"Сандалии с ремешком — удобны для прогулок, подошли на средние размеры. Доставка была в срок, товар был в оригинальной упаковке без дефектов."
обувь,"Туфли красивые, но немного жмут на пальцах."
обувь,"Ботинки теплые, отлично держат форму, спасибо!"
обувь,"Сапоги теплые, отлично подойдут на зиму."
обувь,"Надеялась, что туфли будут стойкими к износу, но после 10 дней носки на работе — шнурки сломались, а стелька высохла и потеряла форму. Размер 41, а в обувке — 40,5, на ногу не сходится. Надеюсь, это не будет стандартом."
обувь,"Ботинки из натуральной кожи — выглядят натурально, стелька мягкая. Доставка была в срок, упаковка аккуратная, без складок."
обувь,"Ботинки на высокой подошве — комфортны на твердой поверхности. Подошва не скользит, швы стыкованы аккуратно. Упаковка в коробке, с внутренним чехлом, всё было аккуратно оформлено."
обувь,"Ботинки на высоком каблуке — устойчивы, стабильны. Внешний вид соответствует фото, шнурки легко фиксируются."
обувь,"Сапоги для детей — волшебные! Дети счастливы, каждый день в них бегают и играют. Обувь не скользит, а дети не теряют баланс — восторг от покупки!"
обувь,"Сандалии на пляже — идеальные! Очень легкие, не вызывают зуда, а после прогулки по песку ноги не болят. Надеюсь, куплю ещё в следующий раз!"
обувь,"Туфли на шнуровке — сбалансированная посадка, не давят на стопу. Вес обуви умеренный, не вызывает усталости. Доставка прошла быстро, товар был в оригинальной упаковке."
посуда,"Ножи и вилки — просто супер! Много лет не покупала качественную посуду, а теперь всё выглядит как из лучшего магазина. Даже папа, который не любит посуду, сказал: «Это лучшее, что я купил за год!» Очень рад, что выбирал именно здесь."
посуда,"Тарелки пришли с явными трещинами — одна из них уже после первой стирки сломалась. Упаковка была хуже, чем ожидалось, и не защищала от царапин. Качество явно не соответствует цене, особенно для такого типа посуды."
посуда,"Столовые приборы — чистые, ровные, легко чистить. Достаточно качественные для дома."
посуда,"Пришли столовые тарелки в белом цвете с узором волны. Упаковка — жёсткая коробка с поглощающим слоем, не проникает влаги. Размер — 28 см, подходит для семейного стола. Доставка — через 3 дня. Всё выглядит аккуратно, тарелки не трескаются даже после мытья в посудомойке."
посуда,"Столовые приборы пришли с неправильным браком: ложки изогнуты, вилки с неправильным углом, не подходят для еды. Проверил вилку — одна из ножек не входит в ручку. Доставка была выполнена, но товар не соответствует описанию, и возврат будет сложен."
посуда,"Ложки ровные, легко вставляются в кухонные наборы, не скользят в руках."
посуда,"Посуда для кухни — как будто в доме появилась новая атмосфера! Каждая чашка, каждая тарелка — это маленькая радость. Мы уже используем их для утреннего кофе и ужина — всё выглядит стильно, а самое главное — работает. Удивительно, что за такую цену можно получить такое качество и эстетику!"
посуда,"Столовые ложки и вилки — как будто из дорогого ресторана! Качество превзошло все ожидания. Покупала для дачи, чтобы готовить на свежем воздухе — всё держится, не ломается, даже в сыром супе. Мы просто в восторге!"
посуда,"Столовые приборы (вилки, ложки, ножи) пришли в срок — 4 дня. Упаковка — в полиэтиленовых пакетах с наклейками, всё было аккуратно упаковано. Цвет — матовый белый, нейтральный, подходит для любого интерьера. Размеры стандартные — нож 18 см, ложка 10 см. Ножи немного тупые, но пригодны для ежедневного использования, не требуют точения."
посуда,"Приобрели столовые ложки и вилки в комплекте. Упаковка — в прозрачной пакетной упаковке с маркировкой, удобно хранить. Цвет — серебристый с блестками, выглядит элегантно. Размеры стандартные — 18 см для ложки, 12 см для вилки. Доставка была вовремя — за 4 дня. Вилки остались ровными, не деформировались."
посуда,"Приобрела набор столовых приборов — ложки, вилки, ножи. Упаковка — пластиковая упаковка с внутренними лентами, не разрывалась. Цвет — матовый серый, размеры стандартные. Доставка была вовремя — через 4 дня. Приборы прочные, легко чистить, не скользят на столе."
посуда,"Покупала набор чашек и ложек, но чашки слишком маленькие — не влезают в руку, когда нужно пить чай. Ложки толстые и не удобные для еды — падают с краев. Всё это кажется неприменимым для повседневного использования."
посуда,"Пришли тарелки и кружки — все в красивой коробке с защитным слоем. Цвет — бежевый с тонким рисунком волны, размер — 24 см, подходит для обеда в семье. Упаковка плотная, не повредилось даже в транспорте. Доставили за 3 дня, быстро и без лишних вопросов."
посуда,"Кружки слишком маленькие для напитков — в них не помещается даже стандартный стакан. Стандартный чай или кофе быстро переливается, что неудобно при употреблении. Размеры не соответствуют описанию в прайсе."
посуда,"Кружки имеют равномерную толщину, не трескаются при нагреве. Упаковка плотная, доставка прошла без задержек. Цвет соответствует фотографиям."
посуда,"Столовые приборы — настоящий подарок для семьи! Ножи, вилки и ложки очень прочные, легко стоят на столе и не скрипят. Мой ребёнок уже говорит, что теперь ест только с этими приборами. Удивлён качеством за такую цену!"
посуда,"Столовые ложки пришли быстро — за 2 дня. Упаковка в бумажной коробке с фиксатором — не сдулась. Размер — 15 см, цвет — белый с тонким серым рисунком. Хорошо сидят в руке, можно использовать в течение дня. Мыть можно в посудомойке, без повреждений."
посуда,"Тарелки просто волшебные! Каждая выглядит как из художественной выставки — яркие цвета, ровные края, никаких дефектов. Мой сын уже в восторге от еды на ужин, когда видит тарелки. Пользуюсь в посудомойке — не поцарапались, не потускнели. Удивительно качественные!"
посуда,"Столовые ложки изготовлены из прочного материала, не ломаются при ударах. Упаковка — стандартная, пластика не треснуло. Все предметы в одной коробке, удобно хранить."
посуда,"Приборы упакованы в отдельные пакеты, не смешивались. Материал не теряет цвет после нескольких циклов мытья в посудомойке."
посуда,"Столовые ложки изготавливаются из нержавеющей стали, не скользят в руке. Упаковка не пропускает воздух, товар пришел в идеальном состоянии."
посуда,"Тарелки прочные, не трескаются даже при мытье. Рисунок на них выглядит ярко и чисто."
посуда,"Тарелки пришли в срок, упакованы в пленку и картонную коробку. Поверхность гладкая, не поцарапалась. Можно мыть в посудомойке — не появилось пятен или потёртостей."
посуда,"Чашки для еды — очень тонкие, после одного использования на столе пошли в ржавчину. Упаковка не защищала от механических повреждений. Планировала использовать для тёплого завтрака, но они быстро начали выглядеть грязными и потрескавшимися."
посуда,"Тарелки пришли в срок, упакованы аккуратно в пленку и картонную коробку. Размеры соответствуют описанию, толщина стенок устойчива к царапинам. Можно мыть в посудомойке без потери цвета."
посуда,"Ложки ровные, удобные в руке. Никаких скрипов при использовании."
посуда,"Тарелки просто волшебные! Яркие, красивые, точно как на фото. Покупала для праздника — все гости в восторге, говорят, что это лучшая посуда, которую видели. Практичные, не трескаются, даже в посудомойке не теряют форму. Очень доволен покупкой!"
посуда,"Чашки тёплые, удобные для супа и чая. Никаких трещин после мытья."
посуда,"Чашки для еды пришли в хорошем состоянии, упакованы в пакеты с защитным слоем. Цвет — бежевый с тонким рисунком, размер — 9 см, отлично подходят для перекуса. Доставка заняла 5 дней, всё было чисто и аккуратно упаковано."
посуда,"Тарелки прочные, не трескаются, выглядят красиво. Хорошо подходят для ужина в доме."
посуда,"Чашки не ломаются, приятно держать в руках. Можно мыть в посудомойке — всё остается как новое."
посуда,"Чашки для еды — сухие, пустые, как будто не были заполнены. При покупке думала, что это будет набор для ужина, а получила лишь пустые чашки. Качество материала — очень хрупкое, после одного падения — треснули две из шести."
посуда,"Очень доволен покупкой! Каждая тарелка и чашка — как из фильма о красивом доме. Покупала для новой семьи — все сразу в восторге. Утварь выглядит элегантно, удобна в использовании и легко ухаживается. Спасибо за такое счастье!"
посуда,"Чашки тонкие, но не ломаются. Хорошо подходят для заваривания чая."
посуда,"Посуда очень качественная и долговечная. Мы уже год используем эти тарелки и чашки, и не один раз делали праздничный ужин, смотря, как красиво всё выглядит. Всё упаковано аккуратно, не пролилось ни капли — счастье от покупки!"
посуда,Сковороды равномерно распределяют тепло — быстро готовят блюда.
посуда,"Посуда пришла в неполной упаковке — отсутствовали 3 тарелки из 10. При этом упаковка была не герметичной, и на краях чашек появились следы влаги. Несмотря на хорошее качество рисунка, сами изделия хрупкие и не выдерживают даже небольшого давления. Очень разочарована покупкой."
посуда,"Кружки не выдерживают высоких температур — при нагревании в микроволновке они начали трескаться. Это критично, ведь планировали использовать их для горячего чая. Доставка была задержана на 7 дней, что не соответствует обещанному сроку."
посуда,"Приборы в комплекте — аккуратно упакованы, все детали входят в ручку и не потерялись. Тарелки имеют равномерную толщину, не ломаются при падении с небольшой высоты."
посуда,"Кружки пришли в оригинальной коробке с рисунком в стиле минимализма. Цвет — бежевый, размер — 8,5 см, подходит для напитков. Упаковка устойчива к смещениям. Доставка заняла 6 дней, всё было вовремя и без повреждений."
посуда,"Столовые ложки из нержавеющей стали — толстые, не ломаются при хранении. Поверхность гладкая, не оставляет следов при мытье."
посуда,"Чашки для еды — неудовлетворительного качества. После одного использования на одной из них появилась пятна, не снимаются даже при мытье в посудомойке. Кружки не удерживают тепло, быстро охлаждаются. Качество не соответствует цене и ожиданиям."
посуда,"Столовые приборы — идеально подошли для нашей кухни! Ножи и вилки выглядят как у настоящих поваров, легко входят в руку. Удобно хранить в комплекте, и все вещи легко моются. Супер впечатление!"
посуда,"Ножи и вилки пришли в хорошем состоянии, без следов повреждений. Материал — сталь, не корродирует даже после нескольких циклов мытья."
посуда,"Кружки устойчивые, не переливаются, отлично подходят для горячего чая."
посуда,"Тарелки прочные, не ломаются даже при резких ударах. Хорошо смотрятся в любом интерьере."
посуда,"Заказала тарелки для гостиной — размер 24 см, цвет — белый с ручной росписью. Упаковка в мягких пакетах с фиксатором, не пропускает пыль. Доставили за 4 дня, всё как указано в описании. Очень довольны качеством и упаковкой."
посуда,"Столовые ложки слишком тонкие — при каждом движении сломались. Попробовала использовать в посудомойке, но после одного цикла одна из них начала трескаться. Упаковка была неудовлетворительной — в одной коробке ложки сбились и повредились. Доставка прошла с задержкой, а товар — не соответствует ожиданиям."
посуда,"Посуда не выдерживает мытья в посудомойке — после 2-3 циклов рисунок стирается, края начинают осыпаться. Купила в надежде на долговечность, но через неделю тарелки стали выглядеть как из мусора. Упаковка не защитила товар от повреждений."
посуда,"Кружки имеют правильную форму, не перекручиваются при сжатии. Упаковка — в полиэтиленовую пленку с внутренним слоем, не пропускает влагу."
посуда,"Ножи и вилки пришли с небольшим зазором в ручках, но это не влияет на функциональность. Упаковка крепкая, все предметы не сдвинулись при доставке."
посуда,"Кружки пришли раньше срока — радость от этого неоценима! Материал приятный, не перегревается, а главное — отлично держит тепло. Даже дети с удовольствием пьют чай из них. Теперь у нас в квартире полно чашек — каждая из них как подарок!"
посуда,"Кружки пришли быстро и в идеальном состоянии! Вкусно пить чай из них — как будто в домашнем кафе. Ручки удобные, не скользят, а утром с улыбкой открываю их — сразу настроение становится лучше!"
посуда,"Кружки прозрачные, не подвергаются усадке при нагреве."
посуда,"Кружки не подвергаются усадке, вода не вытекает. Отлично для вечерних напитков."
посуда,"Приборы (вилки, ножи, ложки) имеют стандартные размеры, соответствуют ожиданиям. Упаковка — в полиэтиленовых пакетах с маркировкой, всё лежит аккуратно."
посуда,"Тарелки пришли с трещинами — в одной из них видна глубокая разломка по краю. Это невозможно объяснить упаковкой, так как в заказе было указано, что товар доставляется в целости. Качество вышло за рамки ожиданий, особенно учитывая цену."
посуда,"Кружки слишком маленькие для еды — в них не помещается даже обычный чай. При этом диаметр указан как 8 см, а на деле — около 6 см. Не подойдут для повседневного использования."
посуда,"Столовые приборы — просто волшебство! Все детали точно соответствуют фото. Ножи и вилки — прочные, не скользят, а ещё — супер удобны для еды в поездках. Семья в восторге, теперь у нас полноценный кухонный гарнитур!"
посуда,"Чашки для еды пришли в хорошем состоянии, упаковка — в коробке с мягким внутренним покрытием, всё было защищено. Цвет — мятный с фиолетовым оттенком, очень стильный. Размер — 9 см, идеально подходит для ланча. Удобные для хранения в сумке, но не выдерживают длительного контакта с горячей пищей — немного деформируются."
посуда,"Кружки пришли с огромным восторгом! Очень удобные, не пересыхают, даже при длительном использовании. У нас теперь каждый день утром начинается с горячего чая в этих чашках — ощущение уюта и тепла, как дома!"
посуда,"Тарелки пришли с дефектами — на одной из них рисунок обламывается, а на другой края неровные. Стоит в посудомойке — сразу появляются трещины. Качество явно ниже ожиданий, особенно для такой цены."
посуда,"Тарелки пришли в срок, упакованы аккуратно. Материал плотный, не разбивается при ударе. Хорошо справляются с жирной пищей — не теряют блеск после мытья в посудомойке."
посуда,"Тарелки просто волшебные! Очень красивые, цвета яркие, а рисунок очень уютный — сразу стало веселее в кухне. Мыть можно в посудомойке, и после мытья они не теряют своего внешнего вида. Теперь каждый день на столе — как праздник!"
посуда,"Кружки пришли быстро — за 2 дня. Упаковка из коробки с плавным вкладышем, не ломалась при транспортировке. Красивые, цвет — мятный с зелёными акцентами, подойдут для кофе и чая. Размер — 18 см, идеально подходит для одного человека. Пока не замечено потери формы после нескольких циклов мытья."
посуда,"Чашки для еды — просто супер! В них легко и приятно есть, особенно когда включается тёплый чай. Сестра сказала, что это лучший выбор для домашнего ужина. Мы уже не можем представить, как без них — такая радость от каждой тарелки!"
посуда,"Приобрела набор столовых приборов, но ножи излишне тупые и не подходят для резки. Ложки слишком тонкие и легко ломаются. Упаковка не защищала товар — при доставке одна вилка сломалась. Очень неудовлетворён качеством."
посуда,"Тарелки просто волшебные! Очень красиво выглядят, цвета яркие, рисунок очень живой. Мыть в посудомойке — без проблем, не поцарапались, не потеряли форму. Сырой и куриный пирог уже в тарелке — как будто на улице в саду! Супер, теперь у нас настоящий уютный стол."
посуда,"Столовые приборы качественные, не оставляют следов на столе. Удобные для ежедневного использования."
посуда,"Тарелки просто волшебные! Очень красивые, цвета радуют глаз. Покупала для праздника — все гости в восторге, говорят, что никогда не видели такие яркие и аккуратные тарелки. Мойли в посудомойке — без повреждений, все остались как новые!"
посуда,"Чашки для кофе плотно закрываются, ручки устойчивы к нагреву. Упаковка надежная, вложены в коробку с вкладкой — удобно хранить."
посуда,"Чашки для супа пришли в упаковке с защитным слоем, цвет — оранжевый, размер — 8,5 см. Доставка заняла 5 дней, но всё было в порядке. Удобны для приготовления и подачи блюд на стол. Мойка без проблем, рисунок не стирается."
посуда,"Кружки устойчивы к перепадам температур, не ломаются даже при частом использовании. Упаковка плотная, при доставке не было дефектов."
посуда,"Тарелки пришли в срок — через 3 дня после заказа. Упаковка плотная, тарелки не повреждены. Цвет — светло-бежевый, как на фото, размер — 24 см, идеально подходит для обедов. Мойка в посудомойке — без проблем, рисунок не стирался."
посуда,"Чашки для еды выглядят красиво, но после одного использования стали толстыми и скользкими — похоже, что материал не устойчив к нагреву. Всё это из-за того, что на дне чашки есть неровности, которые впитывают влагу и создают неприятный запах. Никогда не покупала подобную посуду — ожидала более надёжного материала."
посуда,"Приборы в комплекте — чистые, без следов, упакованы в пластиковые пакеты с маркировкой. Хорошо подойдут для новой кухни, не требуют дополнительной настройки."
посуда,"Кружки не ломаются, хорошо держат тепло. Рисунок на них приятный, не стирается."
посуда,"Тарелки пришли в срок, упакованы в пленку и картонную коробку. Поверхность гладкая, не скользит, легко моется в посудомойке. Рисунок на тарелках не стирается после нескольких циклов мытья."
посуда,"Чашки красивые, цвета яркие, подойдут для десертов и кофе."
посуда,"Кружки имеют толстые стенки, не перегреваются при использовании горячего напитка. Упаковка — обычные пакеты, не пропускают влагу. Никаких следов износа после 10 дней хранения в холодильнике."
посуда,"Тарелки просто волшебные! Красивый рисунок, очень яркий, но не перегруженный. Уже на втором дне мы их использовали на празднике — все гости восторгались, говорят, что это лучшая посуда, которую они видели. Моют в посудомойке — ничего не теряется, поверхность не выцветает. Удивительно, насколько они долговечны!"
посуда,"Чашки для еды — настоящий шедевр! Мягкие, тёплые, не ломаются даже при случайных падениях. Дочь с радостью пьёт из них молочко, а мы теперь всегда готовим ужин с улыбкой. Очень доволен покупкой!"
посуда,"Приобрела набор тарелок для праздников, но они не подходят по размеру — слишком большие для обычного стола. При этом структура материала — очень неровная, после нескольких мытьёв посудомойкой появляются белые пятна. Доставка была задержана на 7 дней из-за ошибки в адресе."
посуда,"Кружки пришли быстро и в идеальной упаковке! Очень удобно — держат тепло, не перегреваются, и вода в них не выливается даже при движении. Мы уже используем их на утреннем кофе и вечернем чае — каждый день как праздник!"
посуда,"Тарелки пришли в хорошем состоянии, упакованы в пленку и картонную коробку. Поверхность гладкая, нет царапин. Можно мыть в посудомойке — после мытья не появляется пятен."
посуда,"Приобрела столовые приборы — ножи, вилки, ложки. Упаковка в жёсткой пленке, хорошо защищает от царапин. Каждый предмет — размером 18 см, как в описании. Доставили за 4 дня, всё в порядке, кухонная утварь выглядит современно."
посуда,"Приобрела столовые приборы — ложки и вилки размером 8 см. Упакованы в силиконовые боксы, защищают от царапин и сколов. Цвет — матовый белый, не выделяется на фоне. Доставка прошла за 4 дня, всё пришло в хорошем состоянии."
посуда,"Кружки пришли быстро и в идеальном состоянии! Прекрасный оттенок, толстостенные — не лопаются даже при горячем чае. Каждый раз, когда наливаю кофе, чувствую себя как в лучшем кафе. Дети счастливы, что теперь могут пить чай без боязни, что кружка растает."
посуда,"Кружки просто идеально! Удобные, тёплые, отлично держат напитки. У нас теперь каждый день — чай в красивых кружках, и дети не могут перестать хвалить их. Планируем купить ещё — в подарок на Новый год!"
посуда,Чашки для кофе — не подходят по размеру: слишком тонкие и сильнее всего склонны к разрыву. Пока что не смогли использовать их в посудомойке — после одного цикла они треснули на краях.
посуда,"Пришли тарелки и ложки — упакованы в картонную коробку с внутренними вкладками, цвет — голубой, размер — 24 см. Сроки доставки были точными — через 4 дня. Удобно хранить, всё в порядке, можно мыть в посудомойке без повреждений."
посуда,"Тарелки просто волшебные! Очень красивые, цвета яркие, как на фото. Покупала для праздника — все гости в восторге, сказали, что это лучшая посуда, которую они видели. Мойли в посудомойке — ничего не пошло, рисунок как новая, как будто только что вышли из печи!"
посуда,"Столовые приборы — отлично, упакованы в коробку с внутренними перегородками, чтобы не перемешивались. Цвет — белый с небольшим золотым оттенком, размер — стандартный. Доставка — через 3 дня. Потребовалось всего 2 раза мыть — всё остались в хорошем состоянии."
посуда,"Тарелки пришли с дефектами — на одной из них есть трещина, которую не заметил при проверке. Размеры не соответствуют описанию: они гораздо больше, чем указано, и не влезают в стандартные полки. Посуда быстро теряет форму после мытья в посудомойке, что очень разочаровало."
посуда,"Тарелки пришли в срок — через 3 дня после заказа. Упаковка надёжная, тарелки были в пленке и в коробке с визуальным защитным покрытием. Цвет — светло-бежевый с тонким рисунком волны, очень гармонично впишется в интерьер. Размеры подходят для обеда в семье: диаметр 28 см. Мыть можно в посудомойке — поверхность не повреждается."
посуда,"Покупала столовые приборы для новой кухни — в восторге! Ножи и вилки отлично сидят в руке, не скользят, а чашки — такие красивые, что даже соседи спрашивают, откуда они. Удивилась качеству — никаких трещин, всё как на фото!"
посуда,"Столовые ложки из той же упаковки — слишком тонкие и хрупкие. После нескольких попыток снять с чашки — одна из них сломалась. Упаковка не была надежной, в процессе доставки одна из тарелок оказалась с неровной кромкой. Качество не соответствует цене."
посуда,"Тарелки пришли в срок, упакованы аккуратно, без повреждений. Материал плотный, не разбивается при ударах. Хорошо подходит для ежедневного использования в домашнем кухонном обиходе."
посуда,"Кухонная утварь пришла с неправильным размером — тарелки намного меньше, чем указано в описании. Пытались использовать для семейного ужина, но не хватает пространства. Доставка была дольше срока — 12 дней вместо 3."
посуда,"Купила чашки для кофе — размеры средние, отлично подходят для утреннего чая. Упаковка в пакетах из бумаги с пластиковой вкладкой, не проникает влаги. Цвет — светло-серый, очень приятный. Доставка была вовремя — через 5 дней после заказа."
посуда,"Тарелки пришли с дефектами — на одной из них есть трещина, которую не заметил при осмотре. Размеры оказались намного меньше, чем указано в описании: в упаковке только 6 штук вместо 12. Столовые приборы — слишком тонкие, легко ломаются при ударе о стол."
посуда,"Чашки для кофе — прямые по высоте, не перекрывают ручку. Ручки не отслаиваются, материал не скользит. Упаковка — в полиэтиленовую пленку, без повреждений."
посуда,"Кружки пришли с огромным впечатлением! Каждый из них как будто выдержан в ручной работе — гладкие, теплые, и после первого использования уже чувствуешь, что пьёшь что-то особенное. Особенно понравилось, что они не теряют форму даже после 10 разного горячего чая. Семья уже сказала, что будут покупать ещё!"
посуда,"Тарелки пришли в срок, упакованы в пленку и коробку — всё целое. Рисунок на поверхности чёткий, не выцветает под воздействием света. Можно мыть в посудомойке без повреждений."
посуда,"Кружки пришли быстро и в идеальном состоянии! Очень удобные для кофе и чая, тёплые, не перегреваются. Даже дети не могут устоять перед их привлекательностью. Теперь у нас в доме полно чашек — каждый день начинается с утреннего кофе в них!"
посуда,"Тарелки просто волшебные! Красивый узор, толстые и прочные — даже после нескольких мытьёв в посудомойке не поцарапались. Сытые обеды теперь выглядят как из ресторана! Супер доволен покупкой."
посуда,"Пришли тарелки и кружки — все в красивой коробке с защитной пленкой. Цвет — светло-бежевый, размер — 22 см, подойдут для семейного стола. Упаковка плотная, тарелки не повредились. Доставка была вовремя — через 3 дня после заказа."
посуда,"Кружки не поддаются утечке, хорошо держат напиток."
посуда,"Чашки из стекла — прозрачные, не ломаются, даже в посудомойке не теряют форму."
посуда,"Чашки для еды — тонкие, легко ломаются, особенно если их поставить на бортик стола. Покупала для дачи, но после одной попытки поставить на сухую поверхность — одна из них треснулась. Надеялась на долговечность, а получила хрупкость."
посуда,"Приобрела набор чашек для кофе — 6 штук, размер 9 см, цвет — темно-серый. Упаковка в пластиковых пакетах с бумажным защитным слоем, всё хорошо защищено. Пришли без повреждений, доставка прошла за 5 дней, в порядке."
посуда,"Столовые ложки изготавливаются из нержавеющей стали, не подвергаются коррозии. Упаковка — в папке с прозрачным защитным слоем, всё в порядке. Никаких сколов или дефектов при доставке."
посуда,"Чашки тёплые, не перегреваются. Легко мыть — без пятен, даже в посудомойке."
посуда,"Кружки слишком маленькие — не хватает вместимости для чая. У нас в семье три человека, и они не влезают в стаканы. Покупала для вечеринки, но на деле выглядит как кружка для кофе в офисе."
посуда,"Кружки превзошли все ожидания! Материал качественный, не перегревается, а вода в нём — как в чистом стакане. Особенно любим их на утренние кофе — каждый раз чувствуем тепло и уют. Спасибо за такой приятный сюрприз!"
посуда,"Кухонная утварь — плохая по качеству. Чашки легко выцветают при эксплуатации, особенно при контакте с солнечным светом. Также размеры не соответствуют — вилки слишком короткие, чтобы использовать их на тарелке. Доставка была несвоевременной — пришли через 14 дней, хотя обещали 3 дня."
посуда,"Посуда чистая, без брака, упаковка надежная — доставили быстро и без повреждений."
посуда,"Чашки для еды — слишком маленькие для тёплого чая. При использовании они быстро перегреваются и теряют форму. Утром после завтрака они стали трескаться. Планировала использовать как основной комплект, но теперь возвращаю. Качество посуды очень низкое, особенно в сравнении с другими брендами."
посуда,"Кружки отлично подходят для кофе и чая! Прекрасный баланс между формой и функциональностью. Легко моются, не скользят, а ещё — очень удобно держать в руках. Мой сын уже спрашивает, когда будет следующий заказ!"
посуда,"Ножи пришли с неровными краями и не подходят для резки — при попытке резать овощи они просто ломались. Доставка была задержана на 7 дней, а упаковка была слишком тонкой и не защищала от повреждений."
посуда,"Заказал набор столовых приборов: ложки, вилки, ножи. Упаковка — в жёсткой коробке с внутренними разделителями, не было смещения. Цвет — темно-серый, современный и нейтральный. Размеры соответствуют стандартным — 18 см. Доставка — за 3 дня, всё пришло в целости и сохранности. Ножи остались острыми, не износились после первого использования."
посуда,"Чашки для еды — настоящая находка! Простые, но очень красивые, подходят под любой интерьер. Мыть можно в посудомойке без потери цвета, и они не ломаются даже при падении. Всё как в рекламе — только лучше!"
посуда,"Кружки устойчивы к перегреву, не переливаются. Удобно использовать на утреннем кофе."
посуда,"Пришли тарелки и кружки — всё в красивой коробке с защитным слоем. Цвет — тёплый оливковый, размеры подходят для обеда в семье. Упаковка плотная, тарелки не повреждены. Доставили за 3 дня, как обещали."
посуда,"Чашки для еды просто замечательны! Даже на работе с ними удобно есть, не боюсь, что они лопнут. Каждый раз, когда смотрю на них — чувствую тепло и уют. Спасибо за такой качественный и приятный товар!"
посуда,"Доставка прошла с задержкой на 5 дней. При этом товар пришёл с повреждениями — на одной тарелке появился царапинный след, а кружки не плотно сидят в ручке. Качество — ниже среднего, не рекомендую."
посуда,"Посуда пришла вовремя и в идеальном виде! Все тарелки и чашки очень тёплые, не оставляют следов на руках. Мы используем её каждый день — от завтрака до десерта. Всё очень стильно, уютно, и главное — надёжно. Спасибо за такой отличный выбор!"
посуда,"Ножи и вилки — стандартные по размеру, легко вставляются в руку. Упаковка с тканевым покрытием, не пропускает пыль. Пришли без повреждений, все предметы в одном комплекте."
посуда,"Столовые ложки и вилки сделаны из нержавеющей стали, толщина стенок соответствует описанию. В упаковке — отдельные пакеты, что удобно при хранении. Никаких сколов или дефектов при доставке."
посуда,"Сковороды легко стоят на огне, не перегреваются, как в других моделях."
посуда,"Купила чашки для кофе — упакованы в пакеты с пленкой, цвет — серый с тонким рисунком, размер — 9 см. Качество хорошее, чашки не трескаются, можно мыть в посудомойке. Доставка заняла 5 дней, но всё в порядке."
посуда,"Столовые приборы пришли вовремя — через 4 дня. Упаковка в отдельные пакеты с защитным слоем, ничего не сдвинулось. Размеры соответствуют стандарту: ложки 8 см, вилки 7 см. Хорошо держат форму, не ломаются при переноске."
посуда,"Чашки для кофе плотно закрываются, ручки не скользят. Упаковка надёжная — коробка не рвалась при доставке. Края чашек ровные, без дефектов."
посуда,"Столовые приборы — настоящий подарок! Ножи и вилки ровные, хорошо сидят в руках, легко режут и не скользят. Даже дети с радостью берут их в руки. Каждый вечер на ужин — как в ресторане!"
посуда,"Тарелки прочные, не трескаются, отлично подходят для ежедневного использования."
посуда,"Тарелки пришли в хорошем состоянии, упакованы в пленку и картонную коробку. Размеры соответствуют описанию, поверхность гладкая, не повреждена. Можно мыть в посудомойке — после мытья не осталось следов пятен."
посуда,"Столовые приборы — как из сказки! Ножи и вилки ровные, легкие в руке, не скользят. У нас теперь полноценный ужин в домашнем стиле — и все смеются, когда вижу, как красиво выглядит тарелка с едой."
посуда,"При заказе указали, что нужна посуда для детского кафе, но получили только кружки, размер которых не подходит для детей. Они слишком большие и неудобные для маленьких детей. Доставка была несвоевременной — пришло через 12 дней, а у нас уже перестали работать с поставками."
посуда,"Пришло 10 тарелок, но 3 из них были с деформированными краями, а одна — с глубокой трещиной. Никакой упаковки не было — всё было просто разложено в пакете. Размеры не соответствуют описанию — тарелки слишком тонкие и не выдерживают нагрузки, особенно при сильном ударе."
посуда,"Приборы в комплекте — в порядке, все детали входят в руки. Упаковка плотная, не разрушилась при доставке. Подходят для повседневного использования."
посуда,"Кружки имеют тонкую стенку, не перегреваются при длительном нахождении в горячей воде. Упаковка — в коробке с вставками, не скользит при транспортировке."
посуда,"Покупала набор столовых приборов, но кухонные ложки и вилки не соответствуют описанию по размеру — они слишком короткие и не подходят для еды. При этом материал оказался хрупким: одна вилка сломалась на столе. Доставка была медленной, и упаковка не была должным образом защищена."
посуда,"Покупала столовые приборы — упаковка была в пакетах с внутренними разделителями, не было перепутано. Цвет — темно-серый, размеры соответствуют стандарту (нож — 18 см). Доставка — через 6 дней, всё в порядке. Приборы прочные, не ломаются, отлично справляются с едой."
посуда,"Кружки из керамики — не очень толстые, но устойчивы. Вода в них не переливается, даже если держать под углом. Упаковка надёжная, кружки не смещались в коробке."
посуда,"Тарелки прочные, не трескаются, выглядят красиво. Хорошо справляются с едой, не подвергаются деформации."
посуда,"Чашки для еды — очень хорошие. Упаковка в коробке с вкладышем из пластика, не пропустила пыль. Цвет — голубой с белыми полосами, размер 9 см — подойдёт для супа или пирога. Никаких трещин, в посудомойке выдерживают 100 градусов."
посуда,"Кружки пришли быстро — за 2 дня. Упаковка в пакетах с защитной пленкой, не было сдвигов. Красивый тёплый оранжевый цвет, размер 8,5 см — удобно для кофе. Удобно хранить в шкафу, не трескаются даже после многократного использования."
посуда,"Чашки для еды размером 10 см пришли в удобной коробке с вкладышем, упаковка надёжная. Цвет — розовый с миниатюрными цветочными узорами — очень уютно. Доставка заняла 6 дней, но всё было в срок, тарелки не повредились."
посуда,"Ложки ровные, легко встают в стакан. Удобно для детей."
посуда,"Кружки сделаны из прочного стекла, не трескаются при перегреве. Ручки не скользят, даже в влажной среде. Упаковка — в коробку с вкладышем, всё целое."
посуда,"Тарелки пришли в срок — через 3 дня после заказа. Упаковка надёжная, тарелки были в пленке и в коробке с пенопластом. Цвет — светло-бежевый с тонким рисунком волны, очень естественно смотрится на столе. Размер — 24 см, подходит для обычного обеда. Мыть можно в посудомойке, поверхность не поцарапалась."
посуда,"Кружки пришли раньше срока и в идеальном состоянии! Плотно закрываются, не проливают даже при тёплом чае. Удобно хранить на полке — всё выглядит стильно и чисто. Супер, что они не трескаются и не ржавеют!"
посуда,"Столовые приборы — чистые, без следов ржавчины. Рукоятки не скользят, материал устойчив к влаге. Доставка была быстрее ожидаемой, упаковка — надёжная."
посуда,"Посуда пришла быстро и в идеальном виде! Все вещи — чистые, аккуратные, упакованы плотно. Особенно порадовала чашка для супа — она отлично держит тепло и не перегревается. Теперь у нас каждый день — праздник на кухне!"
посуда,"Столовые приборы — настоящий подарок! Ножи, вилки, ложки — все отлично сбалансированы, удобные в руке. Каждый раз, когда мы едим, чувствуем, как приятно и красиво. Было счастье, что всё подошло по размеру и стилю!"
посуда,"Ножи — слишком тупые и неровные. При попытке разрезать даже тонкий кусок хлеба они просто не справляются. Столовые приборы не имеют ровной рукоятки, скользят в руке и вызывают усталость при долгих приёмах пищи. Качество явно ниже ожиданий за эту цену."
посуда,"Чашки для кофе имеют тонкую стенку, не перегреваются. Упаковка не проникает влагой, всё остались чистыми. Рекомендую для использования в домашнем кафе."
посуда,"Столовые ложки изготовлены из прочного пластика, не ломаются при ударах. Упаковка в коробке с защитными листами — хорошо защищает от царапин."
посуда,"Кружки размером 12 см пришли в красивой пластиковой упаковке с герметичными пакетами — не проливались даже при перевозке. Цвет — темно-серый с лёгким градиентом, выглядит элегантно. Сроки доставки были точными — через 5 дней после заказа, всё было в порядке."
посуда,"Кружки отличные! Упакованы в защитную пленку и бумажные пакеты, не проливались. Цвет — серый с нейтральным узором, размер — 8,5 см, идеально для кофе утром. Доставка была быстрее, чем ожидала — через 2 дня."
посуда,"Столовые приборы пришли с дефектами: ложки с изъяном в ручке, ножи не симметричны и не подходят для резки. Пришлось возвращать — возврат был сложен, так как не было возможности возвратить товар в течение 14 дней. Доставка была медленной — 12 дней на посылку."
посуда,"Чашки для еды пришли в хорошем состоянии, упакованы в картонные коробки с внутренними пленочными покрытиями. Красивые, цвет — тёплый оранжевый, размер — 10 см, подойдут для тёплого завтрака. Сроки доставки соответствовали заявленным — 4 дня."
посуда,"Тарелки и чашки пришли вовремя, красивые, яркие, с уютным рисунком! Всё очень качественно сделано — даже после нескольких стирок они не теряют цвета. Мы уже купили ещё одну партию — будем использовать всю семью!"
посуда,"Посуда пришла быстро и в идеальном состоянии. Чашки и кружки отлично смотрятся на столе, особенно в сочетании с нашим дачным интерьером. Моем в посудомойке — не повреждается, не теряет форму. Мы уже заказали ещё одну партию для гостей!"
посуда,"Посуда не соответствует фото — тарелки намного тоньше, чем на сайте. Кухонные ложки слишком короткие и не подходят для еды на столе. После стирки часть из них начала отслаиваться."
посуда,"Чашки имеют равномерную толщину стенок, не перегреваются при использовании с горячим напитком. Упаковка защитная, всё в одном комплекте, без лишних элементов."
посуда,"Посуда пришла с перепутанными размерами: кружки 100 мл оказались в упаковке как 250 мл. Попробовала использовать в кафе — кружки слишком малы, не помещают напитки. Доставка была несвоевременной — через 10 дней после заказа пришли."
посуда,"Тарелки пришли в срок — через 3 дня после заказа. Упаковка надёжная, тарелки были в пленке и в коробке с пенопластом. Цвет — светло-бежевый, размер — 24 см, идеально подходит для обедов в домашнем стиле. Пользуюсь уже неделю, всё выглядит чисто, можно мыть в посудомойке без потери рисунка."
посуда,"Кружки имеют ровную форму, не ломаются при падении. Упаковка из пластика не повреждалась, всё было в порядке при получении."
посуда,"Тарелки пришли в срок, упакованы в пленку, без повреждений. Материал плотный, не рассыпается даже при частом использовании. Подходят для тёплой и горячей пищи — не трескается, не теряет форму."
посуда,"Кружки пришли быстро — за 2 дня. Упаковка простая, но защищает от царапин. Цвет — голубой с тонким рисунком, размер — 12 см, удобны для кофе. Удобно использовать в офисе, особенно на рабочем столе. Никаких сколов, всё чисто и аккуратно."
посуда,"Кружки слишком маленькие для еды — в них не вмещается даже маленькая чашка с молоком. Поверхность стеклянная, но при этом очень скользкая, что делает их небезопасными для детей. Доставка заняла 14 дней, хотя указано было 3."
посуда,"Чашки для супа и чая — просто супер! Тонкие, но прочные, хорошо держат форму, даже при горячей еде. Наша семья любит готовить дома, и теперь у нас есть идеальный комплект для семейного ужина. Удивительно красиво и функционально!"
посуда,"Чашки для кофе — удобные, не ломаются, хорошо держат тепло."
посуда,"Кружки пришли быстрее, чем ожидалось! Очень удобные, тонкие, но устойчивые. Пью кофе утром — кружка не скользит, а вкус и тепло сохраняются долго. Удивительно, как хорошо смотрятся в сочетании с чашками для чая!"
посуда,"Столовые ложки и вилки пришли в оригинальной упаковке — пластиковые пакеты с внутренней защитой. Цвет — матовый серый, размер — 8 см, удобные для ежедневного использования. Доставка заняла 5 дней, но всё было в порядке."
посуда,"Кружки плотно скреплены в упаковке, не треснули. Ручка не скользит, удобна для употребления горячего напитка. Вес сбалансированный."
посуда,"Покупала кухонную утварь для новой кухни — и вовсю влюбилась! Тарелки, чашки, ложки — всё выглядит как из сказки. Удобно хранится, легко моется, а главное — радует глаз каждый день. Очень доволен покупкой!"
посуда,"Кружки имеют правильную форму, не ломаются при падении. Упаковка в пакетах с внутренними подложками — при доставке не было повреждений."
посуда,"Столовые ложки изготовлены из прочного пластика, не теряют форму при хранении. Упаковка — прозрачная пленка, легко открыть и разложить по местам."
посуда,"Столовые приборы — настоящая находка! Ножи и вилки отлично справляются с любыми блюдами, легко режут и не скользят. Даже маленький ребёнок не испугался — говорит, что это самые удобные приборы в мире. Упаковка — как в кино: всё аккуратно, красиво, без повреждений. Радость от покупки нарастает с каждым днём!"
посуда,"Ножи и вилки — стандартного качества, резьба чёткая. Упаковка в пластиковый пакет и коробку — не проникает влаги. Все предметы пришли в срок, без повреждений."
посуда,"Тарелки пришли с дефектами — на нескольких штуках есть трещины у краев, несмотря на то, что в упаковке было указано, что товар без дефектов. Также размеры оказались намного меньше, чем в описании: тарелки по размеру как у детей, не подходят для тарелей на обед."
посуда,"Столовые приборы качественные, как и обещали — всё в порядке."
посуда,"Чашки для кофе — стандартные по размеру, подойдут для обычного кофе и чая. Упаковка плотная, нет повреждений при доставке. Стойкость к перегреву проверена — не трескаются при нагреве."
посуда,"Кружки имеют правильную форму, не трескаются при нагревании. Упаковка — стандартная, без лишних элементов, доставка прошла без задержек."
посуда,"Приобретала чашки для кофе, но они не подходят по размеру — у них слишком тонкая форма, и в них быстро остывает напиток. Поверхность неоднородная, после нескольких стирок появляются царапины. Упаковка при доставке была повреждена, и чашки были разбиты."
посуда,"Пришли чашки для кофе — в упаковке из экологичной картонной коробки с герметичными липучками. Цвет — бежевый с нежной пастельной геометрией, отлично сочетается с деревянным столом. Размер — 10 см, подойдут для маленьких порций. Доставка прошла за 5 дней, всё было в порядке, чашки не треснули и не потеряли форму."
посуда,"Посуда плотно упакована, все детали — как на фото. Мыть можно без опасений — не ржавеет, не теряет форму."
посуда,"Кружки пришли быстро — за 2 дня. Упакованы в защитную папку с бумажной оболочкой, не проникает влаги. Цвет — темно-серый, размер 8,5 см — идеально для кофе. Стены толстые, не ломаются, даже если держать в руках долго."
посуда,"Посуда очень красивая и ухоженная. Каждая тарелка и чашка — как из магазина дизайна, но при этом очень практичная. У нас теперь есть идеальный набор для праздников и повседневного использования. Удивляемся, как такая красота стоит такую цену!"
посуда,"Посуда хорошо подходит для ежедневного использования. Тарелки не деформируются при высокой температуре. Упаковка в коробке — плотная, без повреждений при доставке."
посуда,"Тарелки пришли вовремя — через 3 дня после заказа. Упаковка надёжная, тарелки были в пленке и в коробке, без царапин. Цвет — светло-бежевый, размер 24 см — подходит для обедов в семье. Пользуемся уже неделю, всё чисто, не трескается, можно мыть в посудомойке."
посуда,"Кружки плотно закрываются, ручка не отслаивается. Внутренняя поверхность не скользкая, удобно держать в руке. Упаковка стабильная, не пролилось при транспортировке."
посуда,"Кружки пришли быстро — за 2 дня. Упаковка в пакетах с защитной пленкой, всё было аккуратно упаковано. Цвет — темно-серый с блестками, выглядит дорого. Размер — 18 см, подходит для кофе и чая. Удобные, не ломаются даже при резких ударах, но не рекомендую использовать в посудомойке — посуда немного теряет блеск."
посуда,"Кружки очень приятные, упакованы в пакеты с вкладышем, что удобно для хранения. Цвет — темно-серый, размер — 12 см, идеально подходит для кофе. Доставка была быстрая — через 3 дня, всё было в порядке, даже в холодильнике не подверглось замерзанию."
посуда,"Столовые приборы — аккуратно упакованы в пластиковые пакеты с маркировкой. Цвет — оливковый, размеры соответствуют стандартным (нож — 18 см, вилка — 10 см). Доставка была вовремя — через 4 дня. Просто и удобно, не скользят на столе."
посуда,"Приборы для ужина пришли в оригинальной упаковке, без следов повреждений. Каждый предмет — сбалансированный по размеру, легко размещается на подносе. После мытья не осталось следов ржавчины."
посуда,"Чашки для чая — стандартного размера, хорошо подходят для кухонного стола. Упаковка плотная, нет повреждений. Стойкость к перегреву подтверждена — не деформировались при кипячении воды."
посуда,"Тарелки просто волшебные! Очень красивые, цвета яркие, как на фото. Покупала для праздника — все гости в восторге. Могу сказать, что это лучший выбор для дома. Столовые приборы идеально подходят — удобные, не скользят, и даже в посудомойке не поцарапались!"
посуда,"Пришли тарелки размером 24 см — идеально подойдут для семейного стола. Упакованы в картонные пакеты с защитными вкладышами, не сломались в пути. Цвет — светло-бежевый с тонким рисунком деревьев, очень гармонично впишется в интерьер. Доставка была за 3 дня, всё вовремя."
посуда,"Столовые ложки сделаны из нержавеющей стали, ручки не скользят. Пришли без дефектов, упакованы в пакеты с наклейками. Стоят на полке — не теряют форму при длительном хранении."
посуда,"Чашки имеют ровные края, размеры соответствуют описанию. Упаковка — в коробке с защитными вкладышами, не просела при доставке."
посуда,"Тарелки пришли с неровными краями — в нескольких местах треснули, особенно после одного мытья в посудомойке. Купила по фото, а на деле — качество ниже, чем ожидала. Даже не выдержали обычного использования на кухне."
посуда,"Кружки выглядят красиво, но после первого использования стали трескаться на краях. При этом посудомойка не помогла — после нескольких циклов они начали падать, как будто изношены. Качество не соответствует цене, особенно для кружек, которые должны выдерживать ежедневное использование."
посуда,"Посуда очень качественная и красивая! Тарелки и кружки отлично справляются с ежедневными обедами. У нас теперь даже вечеринки проходят в стиле «дома», потому что всё выглядит так уютно и свежо. Спасибо за такой прекрасный выбор!"
посуда,"Тарелки просто волшебные! Каждая выглядит как из высококлассного дизайнерского магазина. Яркие цвета, красивый узор — смотрится на кухне просто идеально. Пока мы не перестали использовать их, не думаем сменять — такие тарелки вдохновляют на приготовление еды!"
посуда,"Тарелки пришли с дефектами — на одной из них размазан рисунок, а на другой — трещина по краю. Покупала для дома, а тарелки не выдерживают нагрузки, сразу поцарапались при снятии с стола. Качество явно не соответствует описанию."
посуда,"Приобрела чашки для завтрака — упаковка простая, но надёжная, в полиэтиленовых пакетах. Цвет — оранжевый с геометрическими узорами, размер 9 см — маленькие, как для супа. Доставка прошла через 4 дня. Всё отлично, чашки не трескаются, не ломаются даже при падении."
посуда,"Кружки не выдерживают высокой температуры — при нагревании на плите начали трескаться. Купила для дачи, а на улице в баре уже не смогла использовать. Упаковка была разорвана во время доставки, посуда была повреждена."
посуда,"Посуда очень качественная, упаковка — как у звезды. Тарелки выглядят как из сказки, а утварь — прочная, не царапается. Покупала для новой кухни — теперь каждый день в доме наполнен уютом и хорошим настроением!"
посуда,"Чашки для еды — настоящий шедевр! Тонкие, легкие, очень красиво выглядят. Всё сидит ровно, не скользит, даже в руках с детьми. Мама сказала: «Это посуда, которую можно хранить на полке и не бояться, что она поранится». Счастье от покупки!"
посуда,"Кружки для чая — 8 штук, размер 12 см, цвет — синий с растительным узором. Упакованы в коробку с вкладкой, что удобно для хранения. Качество хорошее, не разбились при транспортировке. Доставка заняла 4 дня, всё вовремя и без лишних задержек."
посуда,"Кружки идеально подошли для кофе на улице — не трескаются, не перегреваются, а главное, очень стильные! Даже дочка в восторге, говорит, что теперь любит ужинать в кружке. Благодаря этим кружкам наша еда стала более приятной!"
посуда,"Тарелки пришли в срок — через 4 дня после заказа. Упаковка надежная, тарелки были в пленке и в коробке, не повредились. Цвет — светло-бежевый, как на фото, размер — 24 см, подходит для обеда в семье. Мойка в посудомойке прошла без проблем, рисунок не стирался."
посуда,"Чашки для завтрака — настоящий хит! Их можно мыть в посудомойке, они не теряют цвета, а на тёплом утром смотрятся просто волшебно. Дети уже спрашивают, когда можно будет снова их использовать. Очень рада, что купила!"
посуда,"Столовые приборы — настоящий подарок для семьи! Все ручки мягкие, удобные для держания, а металлические части не ржавеют даже после месяца в доме. Дети уже не хотят брать обычные ложки — только эти!"
посуда,"Столовые ложки из металла слишком тонкие и быстро изгибаются при использовании. После одного использования одна из них осталась в форме «восьмерки». Доставка была задержана на 10 дней, а товар пришёл с повреждением упаковки — в одном из пакетов ложки были размыты."
посуда,"Тарелки просто волшебные! Очень красивые, цвета радуют глаз, и они отлично смотрятся на любом столе. Мыть в посудомойке — без проблем, рисунок не стирается, даже после нескольких циклов. Семья в восторге, теперь у нас всегда есть красивая посуда для обеда!"
посуда,"Чашки для кофе плотно закрываются, ручки не скользят. Упаковка надёжная — не было проливов при доставке. Материал не тонет в воде, как ожидалось."
посуда,"Ложки с легким скрипом, но удобные для еды. Качество на уровне."
посуда,"Столовые ножи острые, легко режут. Никаких ощущений износа после месяца использования."
посуда,"Тарелки прочные, не трескаются, выглядят красиво. Можно мыть в посудомойке без проблем."
посуда,"Чашки для еды — очень тонкие, после одного использования начали подтекать. При попытке почистить в посудомойке они начали растираться и покрываться пятнами. Качество — полное разочарование."
посуда,"Тарелки пришли в срок — через 3 дня после заказа. Упаковка хорошая: в пленке с внутренним слоем, чтобы не повредить. Цвет — светло-бежевый, как в фото, размер — 24 см, подходит для обеда в семье. Мою в посудомойке без проблем, рисунок не стирается."
посуда,"Покупала кухонную утварь для новой квартиры — и в восторге! Все предметы идеально подходят друг к другу по размеру и стилю. Удобно хранить, легко мыть и выглядит как из высокого класса. Спасибо за такой приятный сюрприз!"
посуда,"Купила тарелки для ужина — 12 штук, размер 30 см, цвет — светло-коричневый с геометрическим узором. Упаковка в жёсткой коробке с вставками, не развалилась. Всё отлично, даже после нескольких мытьёв в посудомойке. Доставили за 2 дня — оперативно."
посуда,"Тарелки пришли с явными дефектами — на нескольких штуках есть трещины, особенно на краях. Купила по рекомендации, но теперь не могу использовать их для ежедневного использования. Доставка была замедлена на 5 дней, несмотря на указанную дату. Качество не соответствует описанию, особенно для такой цены."
посуда,"Тарелки прочные, не трескаются, выглядят стильно. Мойка в посудомойке — без проблем."
посуда,"Тарелки пришли с трещинами — видно, что в процессе доставки они не были должным образом упакованы. Размеры сильно отличаются от описанных: они намного меньше, чем на фото, и не влезают в тарелочную диска. Планировали использовать для обедов в семье, а теперь просто не подойдут."
посуда,"Кружки не ломаются, хорошо держат жидкость. Отлично подходят для кофе."
посуда,"Кухонные тарелки пришли быстро — через 2 дня. Упаковка в картонной коробке с внутренним слоем из пены, тарелки не перемещались. Цвет — оранжевый с рисунком винограда, очень яркий и привлекает внимание. Размер — 28 см, отлично подходит для семейного стола. Можно мыть в посудомойке — поверхность не повреждается."
посуда,"Покупала столовые приборы для новой кухни — и в восторге! Все детали точны, ручки удобные, легко держать. Даже в дороге — не скользят. Теперь у нас уютная атмосфера на ужине. Каждый вечер — как в детстве, только с красивой посудой!"
посуда,"Столовые приборы пришли с неправильными размерами: вилки слишком тонкие, ножи — короткие, не подходят для еды на толстом блюде. Покупала по рекомендации, но в описании не указаны размеры. Упаковка была не герметичной, и ножи пришли с небольшими трещинами. Доставка была не вовремя — заказ пришёл через 2 недели."
посуда,"Чашки плотно скреплены в упаковке, без повреждений. Рисунок на дне равномерный, не стирается при использовании. Удобны для теплого напитка, не перегреваются."
посуда,"Чашки имеют равномерную толщину стенок, ручки устойчивы к смещению. Упаковка плотная, не проникает влага. При использовании в течение недели не появилось трещин."
посуда,"Кухонные тарелки — очень практичные. Упаковка в коробку с мягким внутри — тарелки не повредились. Цвет — белый с небольшим рисунком в стиле минимализма, размер 28 см — отлично подходит для семейных ужинов. Доставка была быстрее, чем ожидалось — через 2 дня."
посуда,"Ложки ровные, легко режут, не скользят в руках."
посуда,"Тарелки пришли в срок, упакованы в пленку, не повредились. Рисунок на поверхности равномерный, не выцветает под воздействием света. Можно мыть в посудомойке без потери цвета."
посуда,"Кружки отличные! Упакованы в картонную коробку с внутренним пакетом — всё целое. Цвет — серый с тонким рисунком, размер 10 см — идеально для кофе. Доставка была в срок — через 5 дней. Очень удобно хранить в шкафу, не размазываются при переноске."
посуда,"Чашки для еды — тонкие, как бумага, и при первом контакте с горячим напитком треснули. Никакой защиты от перегрева, что для посуды на кухне — критично. Проблема с качеством усугубляется тем, что утварь не выдерживает даже обычной стирки."
посуда,"Столовые приборы — просто бомба! Ножи, вилки, ложки — все очень твердые, легко держатся в руке, не скользят. Мой муж с радостью говорит: «Наконец-то у нас есть приборы, которые не ломаются!» Теперь каждый день — как в ресторане, только дома."
посуда,"Тарелки пришли с неровными краями — в некоторых местах отслаивается краевая полоса, что делает их непригодными для ежедневного использования. Покупала в надежде на прочность, а получила — как у дешёвых китайских изделий. После нескольких дней использования одна из тарелок треснула при попытке снять с руки."
посуда,"Кухонная утварь — как будто купила подарок для себя! Каждая вещь — удобная, эстетичная, и главное — устойчивая к повседневному использованию. Теперь у нас в доме всегда есть свежая, красивая посуда — это настроение!"
посуда,"Кружки очень маленькие — для чая не подходят, а для кофе вообще не влезает. Покупала для семьи, а получила только для одного человека. Размеры в описании явно не соответствуют реальности. Доставка заняла 14 дней, хотя упоминалось «2–4 дня». Упаковка слабая, кружки треснули при доставке."
посуда,"Столовые ложки не подходят по размеру — слишком тонкие и короткие. При использовании для еды с твёрдой пищей они легко ломаются. Упаковка была не герметичной, и в процессе транспортировки одна ложка потерялась."
посуда,"Кухонные тарелки пришли в упаковке из коробки с влагозащитным слоем. Цвет — кремовый, размер 28 см — подойдёт для праздничных обедов. Упаковка не проникла пылью, всё целое. Доставка заняла 5 дней, но качество — на высшем уровне, мою в посудомойке без проблем."
посуда,"Тарелки пришли вовремя — через 3 дня после заказа. Упакованы в пленку и коробку, без повреждений. Цвет — светло-бежевый, как в описании, размер — 28 см, подходит для семейного стола. Мойка в посудомойке не вызывает проблем, рисунок хорошо сохраняется."
посуда,"Кружки не ломаются, вода не выливается даже при резких движениях."
посуда,"Тарелки и чашки пришли вовремя и в идеальном состоянии! Рисунок на тарелках очень яркий и красивый, точно подходит к нашему интерьеру. Мыть можно в посудомойке — никаких царапин и потускнений, всё остается как новое. Очень довольны покупкой!"
посуда,"Кухонная утварь пришла в идеальном виде — упаковка качественная, всё целое. Тарелки и чашки смотрятся как в высоком ресторане, а самое главное — очень легко моются. Теперь у нас в доме настоящий праздник на кухне!"
посуда,"Покупала тарелки для обеда — и в восторге! Они не только красивые, но и очень удобные: легко справляются с жирной едой, не ломаются, не разбиваются. Всё упаковано аккуратно, пришло быстро. Спасибо за отличный выбор!"
посуда,"Столовые приборы — настоящий шедевр! Ножи и вилки отлично справляются с любым блюдом, ручки не скользят, а вес — комфортный. Моя семья уже не может обойтись без них. Всё просто идеально!"
посуда,"Чашки для еды — отличные, упакованы в коробку с пенопластом, не было повреждений. Цвет — серый с тонким рисунком, размер 9 см — подходит для супов и десертов. Пока не сталкивалась с проблемами при мытье, всё остается чистым."
посуда,"Чашки для еды — очень тонкие, легко ломаются, даже при обычном соприкосновении с поверхностью стола. В описании сказано, что они прочные, но на деле — это как керамика из дешёвых магазинов. К тому же, не хватает емкости — не вмещают даже маленький суп."
посуда,"Чашки не трескаются, даже после нескольких мытьёв в посудомойке."
посуда,"Кружки слишком маленькие — не влезают в руки, а при питье бывают утечки. Даже в посудомойке они начали трескаться после 3-4 циклов. Доставка была с перепаковкой, и пришли с нарушением упаковки — одна из чашек была повреждена."
посуда,"Посуда пришла в идеальном состоянии, упаковка превосходная. Каждая тарелка и чашка — как будто специально для нашей кухни. Мы теперь устраиваем ужины с друзьями, и все в восторге от внешнего вида и удобства. Спасибо за такой прекрасный выбор!"
посуда,"Ложки удобные, ручки не отслаиваются, легко держать в руках."
посуда,"Чашки для еды просто волшебные! Белые, светлые, как утренний солнечный свет. Мы их уже используем в доме и на даче — везде приятно и уютно. Никаких пятен, никаких трещин — только чистота и радость!"
посуда,"Приобретал столовые ложки, но они тонкие и легко ломаются при переноске. Упаковка не защищала их — при доставке одна из ложек полностью сломалась. Очень жаль, такая цена не оправдывает качества."
посуда,"Приобрела столовые ложки и вилки — упакованы в пластиковые пакеты с фиксаторами, цвет — белый, размер — стандартный. Удобные, но вилки чуть тонкие. Доставка — через 4 дня, всё в срок, упаковка надёжная."
посуда,"Пришли тарелки и кружки — все в красивой коробке с прозрачной упаковкой. Цвет — тёплый ореховый, размер — 24 см, подходит для обеда в доме. Доставка была в срок — через 3 дня после заказа. Пользуюсь уже неделю, всё выглядит чисто и устойчиво к ежедневному использованию."
посуда,"Тарелки пришли в срок, упакованы в пленку и картонную коробку. Поверхность гладкая, не скользит, хорошо держит форму после мытья в посудомойке. Рисунок на тарелках четкий, не стирается под воздействием воды."
посуда,"Кружки очень маленькие — не хватает еды, не подходят для чая или кофе. Планировала использовать для утреннего кофе с друзьями, но они не держат тепло и быстро переливаются. Размеры не соответствуют описанию."
посуда,"Посуда не выдерживает мытья в посудомойке — после 2–3 циклов стали появляться царапины и ржавчина. Кружки трескаются при температуре выше 60 градусов. В описании написано, что «высококачественный материал», но на деле это пластик, а не стекло или керамика. Надо было выбрать более надёжный вариант."
посуда,"Чашки для кофе хорошо сидят в руке, дно устойчивое. Упаковка — стандартная, но надёжная, не разлетелась при доставке. Воду в них можно наливать без выливания, особенно при перемещении."
посуда,"Чашки для еды — настоящий подарок! Выглядят как из магазина для винтажа, но дешевле, чем в интернете. Пользуюсь ежедневно — на завтрак, на десерт, на ужин. Никаких трещин, никаких пятен. У нас теперь полноценный уютный столик!"
посуда,"Кухонная утварь пришла вовремя и в идеальном состоянии. Тарелки и чашки — как будто из сказки. Особенно понравилось, что они не только красивы, но и устойчивы к повседневному использованию. У нас теперь каждый вечер — праздник, потому что всё выглядит так, будто мы в ресторане. Спасибо за такой прекрасный выбор!"
посуда,"Кухонные ложки и вилки — хорошее качество, упакованы в пакеты с небольшими пленочными вкладышами. Цвет — серебристый, размер — средний (10 см). Доставка была вовремя — через 4 дня. Могу сказать, что они не ржавеют и не теряют форму даже после частого использования."
посуда,"Купила кружки для десертов — упакованы в бумажные пакеты с лентой, цвет — оранжевый, размер — 12 см. Очень красиво выглядят, но в посудомойке немного потрескались края. Доставка — 3 дня, упаковка не очень прочная, но всё же целые."
посуда,"Чашки для еды — тонкие, легко ломаются при падении. Поставили их на стол, и одна из чашек упала — разбилась. Всё, что осталось — это кусочки, которые не подлежат восстановлению. Надеялись на прочность, но получили наоборот."
посуда,"Ложки с тонким ручьём — удобные, легко держать в руке."
посуда,"Купила кружки с ручной росписью — упакованы в бумажные пакеты с фиксаторами, красиво и безопасно. Цвет — бежевый с золотыми деталями, размер — 12 см. Доставка заняла 5 дней, но всё пришло в хорошем состоянии. Использую их для чая и кофе — выглядят стильно и практично."
посуда,"Кухонные ложки пришли в хорошем состоянии, без следов повреждений. Материал — пластик, не трескается при комнатной температуре. Упаковка — в пакеты с внутренними разделителями."
посуда,"Тарелки прочные, не трескаются даже после мытья в посудомойке. Отличный выбор для дома."
посуда,"Посуда пришла быстро — через 2 дня. Упаковка была в коробке с внутренними вкладышами, тарелки и чашки не перемещались. Цвет — голубой, размер — 20 см, идеально подходит для семейного обеда. Все элементы легко моются, без пятен и царапин."
посуда,"Столовые ложки сделаны из прочного материала, не ломаются при транспортировке. Гладкая поверхность, легко очищается от остатков еды."
посуда,"Столовые ложки и вилки имеют стандартную форму, ручки не отслаиваются. Всё упаковано в отдельные пакеты, легко распаковать. Никаких сколов при доставке."
посуда,"Чашки для еды имеют равномерную толщину, не ломаются при падении. Цвет соответствует фотографии. Упаковка — обычные пакеты, не слишком жёсткие, но сохраняют форму."
посуда,"Приобрела набор из 6 тарелок — размер 20 см, упакованы в коробку с внутренними подкладками. Цвет — нейтральный серый, отлично сочетается с кухонными принадлежностями. Упаковка плотная, не пролетела в пути. Доставка была за 3 дня — быстро и без лишних задержек."
посуда,"Кухонные ложки слишком короткие и не подходят для еды из глубоких тарелок. При этом ручки скользят, неудобно держать. Доставка была отменена из-за ошибки в адресе — пришлось платить дополнительные 1500 рублей за пересылку."
посуда,"Купила столовые приборы — чашки и ложки в упаковке с прозрачным пакетом и внутренним наполнителем. Цвет — белый с тонким серым акцентом, размеры соответствуют стандартным. Каждый предмет — чистый, без царапин. Доставка была за 4 дня, всё вовремя."
посуда,"Тарелки пришли с трещинами — неожиданно, ведь в описании сказано, что они прочные. Упаковка была хрупкой, видно, что тарелки были вложены в пакет без дополнительной защиты. Рисунок на них выцветает уже после первого мытья в посудомойке. Надо было выбирать другую категорию — это не посуда, а фарфоровые сувениры."
посуда,"Столовые ложки изготовлены из прочного пластика, не деформируются при длительном использовании. Упаковка надежная, не проникает влаги."
посуда,"Кружки выглядят привлекательно, но при первом использовании резко выделяются неровности — в месте стыка между краем и основанием. Пока что не выдержали даже одного горячего чая, начали трескаться. Доставка прошла быстро, но это не спасает от того, что товар не годится для повседневного использования."
посуда,"Посуда пришла с плохой упаковкой — одна из чашек была повреждена в процессе доставки, и пришлось возвращать. Также размеры не соответствуют описанию: кружки слишком малы для стандартного напитка, а тарелки — слишком широкие и не подходят под традиционные блюда. Надеялись на долговечность, но утварь быстро изнашивается."
посуда,"Тарелки пришли в срок, упакованы в пленку и картонную коробку. Поверхность гладкая, не имеет дефектов. Можно мыть в посудомойке — после мытья не появилось пятен."
посуда,"Купила чашки для кофе и тарелки в сером цвете. Упаковка — экологичная папка с вкладышем, всё аккуратно упаковано. Размеры соответствуют стандартным — чашки 9 см, тарелки 20 см. Доставка прошла быстро — за 2 дня. Всё отлично, можно хранить в шкафу и не бояться утечки."
посуда,"Столовые приборы — ножи и вилки качественные, упакованы в пластиковые пакеты с защитными боковыми вставками. Цвет — белый, размер — стандартный, как в описании. Доставка — через 4 дня, все вещи были в комплекте и не повреждены."
посуда,"Столовые ложки изготавливаются из прочного пластика, не ломаются при транспортировке. Геометрия правильная, удобно держать в руке."
посуда,"Приборы не соответствуют описанию — ножи слишком тонкие и хрупкие. При попытке их использовать на твердой пище сразу пошли трещинами. Доставка была завершена с опозданием на 3 дня, что неудовлетворительно для кухонной утвари."
посуда,"Посуда очень качественная: тарелки и чашки упакованы в полиэтиленовые пакеты и коробки с ручками. Цвет — белый с нежным голубым оттенком, размер — 30 см, отлично подойдёт для гостиного стола. Доставка — через 3 дня, всё пришло в срок и без повреждений."
посуда,"Ложки ровные, легко снимаются с еды. Никаких сколов — отлично справляются с ежедневным использованием."
посуда,"Кружки пришли вовремя, упакованы в прозрачные пакеты с вкладышем. Глубина кружки позволяет комфортно пить напитки, не переливается."
посуда,Кружки слишком маленькие для напитков — в них не помещается даже стакан воды. Ручка обломалась уже на второй день использования. Качество материала оставляет желать лучшего: стекло легко царапается и падает на стол без защиты.
посуда,"Тарелки пришли в срок, упакованы в пленку, без повреждений. Материал плотный, не подвергается царапинам. Можно мыть в посудомойке — после мытья не появляются пятна."
посуда,"Приборы пришли в хорошем состоянии, все элементы — кухонные ложки, вилки и ножи — в одном комплекте. Упаковка из бумаги, не проникает влагой."
посуда,"Тарелки пришли с трещинами — видно, что в процессе доставки они были повреждены. Упаковка была плохой, в пакете просто лежали, а не зафиксированы. Размеры не соответствуют описанию: они намного больше, чем указано, и не помещаются в нашем столовом наборе."
посуда,"Кружки выглядят красиво, но при первом использовании в посудомойке стены стали посереть и потемнели — явно не устойчивы к высоким температурам. Также размеры не соответствуют описанию: они намного меньше, чем на фото, и не помещаются в тарелку, что мешает при подаче еды."
текстиль,"Наволочки с рисунком — чёткие, не выцветают под солнцем. Упакованы в пакеты из бумаги, легко хранятся. Покрытие плотное, не проникает влагу."
текстиль,"Покрывало средней ширины, размеры соответствуют описанию. Ткань приятная к телу, не скользит. Упаковка плотная, без складок."
текстиль,"Кухонные полотенца быстро сохнут и не пятятся, отлично подходят для ежедневного использования."
текстиль,"Придя в дом, сразу заметила, что портьеры в тоне коричневого с золотым отливом смотрятся великолепно. Размер 140x220 см — как указано. Упаковка в коробке с влагозащитным слоем, не повредились. Доставка — 4 дня, всё вовремя."
текстиль,"Покрывало настолько тепло и красиво, что даже в холодное время года не чувствуешь холода. Цвет идеально подошёл к моему интерьеру — в доме стало светлее и уютнее!"
текстиль,"Наволочки на диване хорошо держат форму. Материал не теряет цвета после нескольких циклов стирки. Упаковка — стандартная, без излишнего упаковочного материала."
текстиль,"Плед из велюра — мягкий, не скользит, идеально подходит для дачи."
текстиль,"Наволочки с рисунком — как на фото, красиво и прочны."
текстиль,"Наволочки с ручной вышивкой — волшебство! Каждый раз, когда смотрю на них, чувствую уют и домашнее тепло. Уже заказала для дочки — она в восторге!"
текстиль,"Купила портьеры в синем оттенке, размером 250x300 см. Упаковка — в полиэтиленовых пакетах с маркировкой, всё было аккуратно сложено. Доставка за 4 дня. Цвет вживую глубже, чем на фото, и отлично сочетается с диваном. Портieres не падают, не растягиваются — очень надёжные."
текстиль,"Плёд тёплый, не скользит, подходит даже на дачу."
текстиль,"Кухонные полотенца — настоящий подарок для дома! Очень быстро впитывают влагу, не теряют форму, а главное — стираются без проблем. Теперь каждый день начинается с улыбки, когда включаю их на стол!"
текстиль,"Наволочки сшиты аккуратно, не рвутся, цвета не подводят."
текстиль,"Кухонные полотенца — настоящий подарок для дома! Очень быстро сохнут, не мнутся, а ещё — не бьют по рукам. Уже не могу без них в кухне. Спасибо за такой качественный товар!"
текстиль,"Покрывало теплое, плотное, не просвечивает. Удобно в холодное время года."
текстиль,"Купила покрывало для дивана — и в восторге! Цвет такой насыщенный, а материал держит форму, даже после нескольких месяцев. Каждый вечер сижу с кофе и чувствую себя как в парке — тёпло и комфортно!"
текстиль,"Кухонные полотенца размером 40x60 см — очень практичные. Упаковка в пакетах из экологичного пластика, легко хранятся. Цвет — светло-серый, нейтральный, хорошо смотрится в любом интерьере. Быстро пришли за 2 дня, всё было в порядке и без дефектов."
текстиль,"Покрывало среднего размера хорошо ложится на кровать, материал не скользит, не пылится. Доставка прошла быстро, товар пришёл в срок."
текстиль,"Предлагаемый плед размером 150x180 см оказался на 30 см меньше, чем указано в описании. На диване не укладывается, а при попытке его поставить на кровать — просто не держится. Материал тонкий, не удерживает тепло, особенно в холодное время года. Доставка была быстрее, чем ожидала, но качество — полный фейк."
текстиль,"Кухонные полотенца — просто чудо! Очень быстро сохнут, не выцветают даже после мытья. Потому что я их использую каждый день, и они остаются чистыми и свежими. Спасибо, что сделали такую практичную и красивую вещь!"
текстиль,"Постельное бельё просто волшебство! Мягкое, как облако, но при этом очень прочное. Уже второй раз заказываю — теперь в доме всегда свежий и уютный вид. Спасибо за такие красивые и качественные вещи!"
текстиль,"Постельное бельё из хлопка приятно ощущается, ткань плотная, не скользит. Упаковка надёжная, все элементы в одном пакете, без перепутывания."
текстиль,"Покупала наволочки размером 50x70 см в бело-розовом оттенке. Упаковка — в отдельных пакетах с фиксаторами, не перепутала. Доставка — через 4 дня. Цвет очень точно соответствует фото, материал мягкий, не скользит, не теряет форму — отлично подойдёт для детской комнаты."
текстиль,"Покрывало средней ширины, размеры соответствуют описанию. Материал не вытягивается после стирки. Упаковка в картонной коробке, хорошо защищена."
текстиль,"Придя к заказу на портьеры, сразу понравился цвет — насыщенный розовый, как на фото. Упаковка — в пакетах с небольшими бирками, всё аккуратно. Размер 140x200 см, подходит для окна в спальне. Доставка заняла 5 дней, пришло вовремя и без повреждений."
текстиль,"Плед с узором в стиле минимализма — настоящий трансформер моего дачного уголка! Сидим на диване, и сразу ощущаешь тепло. Купила сразу по нескольку штук — уже не могу жить без него!"
текстиль,"Портьеры и шторы — волшебство в интерьере! После установки дом стал как из детского сна. Цвета глубокие, не теряют на свету. Утром встаю с ощущением, что всё в порядке и всё красиво!"
текстиль,"Постельное бельё просто волшебное! Мягкое, как облачко, и отлично держит форму. Спала с утра до вечера — никаких морщин, никаких перепадов температуры. Теперь у меня в спальне настоящий уют, как дома у мамы!"
текстиль,"Покупала кухонные полотенца по цене, которая казалась привлекательной, но после первого использования они начали быстро терять форму — перестали быть мягкими и стали сухими, как бумага. Упаковка была не герметичной, и в одном из полотенец появился запах. Пока не поняла, что это не чистое хлопковое полотенце, а смесь с добавлением пластика."
текстиль,"Придя с работы, сразу ложусь в постель — и чувствую, как тепло и уют. Кухонные полотенца из тонкого хлопка — идеально! Не мнётся, быстро сохнет, а главное — не оставляет запаха. Удивилась, насколько они практичны и красивы!"
текстиль,"Покрывало настолько красивое и мягкое, что я сразу влюбилась! Цвет выглядит ярче в реальности, чем на фото. Легко разглаживается, не скатывается и не пахнет. Теперь сплю с ощущением полного комфорта!"
текстиль,"Представляю, как я смотрю на плед в уютном уголке — он как второй родной. Теплый, мягкий, не садится, даже в холодную погоду. Купила сразу два — теперь у нас в гостях обязательно спрашивают, где он?"
текстиль,"Покрывало по размеру значительно меньше, чем указано в описании — на кровати оно не покрывает даже половину, а упаковано в маленький пакет. Качество материала — тонкое, быстро теряет форму, после первой стирки стало неровным и перекосилось. Не рекомендую."
текстиль,"Постельное бельё из органического хлопка — идеально! Было приятно, что упаковка плотная, без складок, и все вещи были в отдельных пакетах. Купила набор размером 150x200 см — подходит для двуспальной кровати. Цвет — бежевый, как в фото, вживую выглядит более теплым. Доставка была за 3 дня, всё пришло в срок."
текстиль,"Предметы из категории штор — ровные, без дефектов, фиксация на петлях надёжная. Упаковка в коробке, всё в порядке, не повреждено."
текстиль,"Ковёр с тёплым узором стал настоящим украшением в гостиной! Очень плотный, не скользит, даже под ногами ощущается уют. Уже рассказала всем соседям — обязательно куплю ещё!"
текстиль,"Бельё тёплое, мягко, не стирается. Очень довольна покупкой."
текстиль,"Постельное бельё просто волшебное! Мягкое, как будто обнимает, и очень приятно ложится на кожу. Уже второй раз заказываю — теперь всё в доме в этом стиле, и мне стало так комфортно спать!"
текстиль,"Наволочка с рисунком — как на фото, выглядит красиво и уютно."
текстиль,"Плед из хлопка — мой новый любимый элемент интерьера! Тёплый, но не жаркий, легко сидит на диване и подходит как для дачи, так и для дома. Всё в нём — уют, тёплота и радость. Спасибо за такой чудесный выбор!"
текстиль,"Кухонные полотенца быстро вытирают, не мнутся, отлично справляются с влагой."
текстиль,"Представляю, как я смотрю на кухонные полотенца и думаю: «О, это же моё счастье!» Материал очень впитывает влагу, не выгорает, не теряет форму. Я уже заказала ещё один комплект для ванной — просто волшебство!"
текстиль,"Постельное бельё просто волшебство! Мягкое, как облачко, и при этом очень прочное. Уже второй раз заказываю — теперь в доме полно теплого, уютного ощущения. Спасибо за такие качественные вещи!"
текстиль,"Пришёл ковёр из овальной формы — в упаковке был написан размер 120x150, но в реальности он 100x130. Слишком маленький для комнаты. Поверхность скользкая, при этом не выдерживает нагрузки — после нескольких дней стояния начал трескаться. Доставка была с задержкой на 7 дней."
текстиль,"При заказе пледа указала размер 150x150, а получил 140x140 — явно ошибка в описании. Кроме того, ткань слишком тонкая, не удерживает тепло, даже в зимний период. После стирки пропало 30% длины — явно не качественная ткань."
текстиль,"Плед с бархатным покрытием — как солнечный вечер в парке! Такой уют, что даже в квартире без окон чувствуешь себя как дома. Уже вижу, как он станет центральным элементом интерьера!"
текстиль,"Покрывало, которое заказывала по размеру 160x200, оказалось на 10 см меньше по длине — не подошло для моего кровати. Доставили через 14 дней, но при этом заказ был отменён из-за ошибки в размерах. Никакого возврата не запросили, только письмо с объяснением. Качество — тонкое, легко мнётся, после одного месяца начало проявляться пятна от мыла."
текстиль,"Постельное бельё просто волшебство! Мягкое, приятное к телу, не скользит и не вызывает раздражения. Всё смотрится стильно, а в спальне теперь ощущается уют и комфорт. Сразу решилась на второй набор!"
текстиль,"Постельное бельё из хлопка — плотное, не мнётся, хорошо держит форму. Цвет насыщенный, соответствует фото. Упаковка надёжная, вещи не повреждены в процессе доставки."
текстиль,"Кухонные полотенца — тонкие и быстро впитывают влагу, но после стирки начинают шершаветь и терять форму. Размеры не соответствуют — на мой кухонный стол они не помещаются. Был заказ на 3 штуки, но пришли только 2, а третья потерялась в доставке."
текстиль,"Покрывало из хлопка в тёплых тонах — как будто в доме включился уютный свет. Никакого просвечивания, не шуршит, даже после нескольких стирок — всё как новое. Удивилась, насколько оно держит форму!"
текстиль,"Кухонные полотенца — толстые, хорошо впитывают влагу. Не теряют форму после стирки. Доставка была быстрой, товар пришёл в целости и сохранности."
текстиль,"Покрывало из хлопка — как будто я села на облако! Плотное, но не тяжёлое, отлично держит тепло, не снимается с тела. Всё смотрится как в идиллическом доме, а в жизни — как будто каждый день начинается с уюта. Спасибо за такой чудесный выбор!"
текстиль,"Кухонные полотенца — настоящая находка! Мягкие, быстро впитывают влагу, не скользят и не рвутся даже после 10 стирок. Теперь каждый день я с радостью вынимаю их из шкафа — как будто у меня есть тёплые друзья!"
текстиль,"Плед из тонкого велюра — очень тёплый, не скользит, уютно в гостиной."
текстиль,"Наволочка с рисунком — как на фото, качественная, не выцветает."
текстиль,"Покрывало, которое заказывала по размеру 150x200, оказалось на 10 см меньше по длине — не подошло под спальню. Доставили через 12 дней, но в пакете было сильное выцветание — материал пошит неаккуратно, стирается легко и после нескольких циклов теряет форму."
текстиль,"Купила кухонные полотенца размером 40x60 см — 4 штуки. Упаковка в полиэтиленовых пакетах с защитным слоем, не порвалось при транспортировке. Цвет — белый с тонким бежевым оттенком, как на фото. Мягкие, быстро сохнут, идеально для уборки."
текстиль,"Придя домой, сразу почувствовала уют. Плед из натурального волокна — как будто сидит на плечах, обогревает, не скользит. Спала в нем, как в теплом пледе на даче. Удивилась — такая мягкость и стойкость к износу!"
текстиль,"Придя домой, сразу почувствовала — это то, что нужно! Плед из шерсти — как будто лежит на коже. В холодные дни он как теплое облако. Спасибо за такие качественные вещи!"
текстиль,"Постельное бельё из хлопка приятно ощущается, ткань плотная, не пропускает воздух. Упаковка герметичная, без повреждений. Доставка была в срок."
текстиль,"Представил себе идеальный дом, а здесь — всё как в мечтах! Плед с тёплым орнаментом стал центром моей кухни. Уже заказала ещё один в другом цвете!"
текстиль,"Постельное бельё из хлопка приятно дышит, ткань плотная, не вытягивается после стирки. Упаковка герметичная, всё в порядке без повреждений."
текстиль,"Покрывало в тёплом бежевом цвете — просто шедевр! На диване и в спальне смотрится как из художественной картины. Материал не мнётся, не теряет форму, даже после 3 недель использования — всё как новое!"
текстиль,"Постельное бельё просто волшебное! Мягкое, как будто впервые вижу тёплый сон, и не смотря на то, что заказывала в самый холодный сезон — оно не проникает холодом. Теперь сплю с улыбкой, а утром просыпаюсь с чувством полного комфорта!"
текстиль,"Заказала кухонные полотенца размером 40x60 см в коричневом оттенке. Упаковка — в бумажных пакетах с небольшим защитным слоем, не повредилось. Доставка через 5 дней, всё вовремя. Полотенца толстые, не мнутся, быстро сохнут — идеально для ежедневного использования."
текстиль,"Плед теплый, не скользит, идеально подходит для дивана в холодное время года."
текстиль,"Кухонные полотенца — настоящая находка! Очень быстро сухие, не мнутся и не теряют форму. Каждое утро я с радостью беру их из шкафа — они как будто уже готовы к работе. Спасибо за такие качественные вещи!"
текстиль,"Придётся портьеры на окно — размер 150x220 см, упаковка в коробке с ручкой, удобно хранить. Цвет — синий с ноткой фиолета, вживую выглядит насыщеннее, чем на фото. Устойчивы к стирке, не выцветают, даже после 10 стирок."
текстиль,"Кухонные полотенца пришли с дефектами — на одной из сторон есть разрезы, а после первой стирки они стали тонкими и ломаются. Размеры указаны неверно — заказывала 70x140, а получила 60x130. Качество похоже на подделку, не стоит доверять."
текстиль,"Наволочки с ручной росписью — в восторге! Каждая деталь выглядит как из творческого дома. Очень красиво смотрятся на диване, а ещё — приятно на ощупь. Заказываю уже второй раз!"
текстиль,"Шторы вдохновили меня на полную перезагрузку интерьера! Цвет и ткань идеально сочетаются с моим стилем, они не только красиво смотрятся, но и защищают от света. Счастье от дома нарастает с каждым днём!"
текстиль,"Наволочки с ручной вязкой — тонкие, но устойчивые к износу. Цвет насыщенный, соответствует фото. Упаковка герметичная, без повреждений."
текстиль,"Кухонные полотенца — просто незаменимы! Мягкие, быстро сохнут, не теряют форму. Даже на чистку выглядят как новые. Теперь каждый день — как уютный ужин в доме с хорошим настроением!"
текстиль,"Наволочки выглядели красиво на фото, но в реальности — низкого качества. Ткань легко рвется, особенно по краям. Стандартный размер 50x70 см, но на самом деле — 48x68 см. Плед не держит форму, после нескольких стирок стал неровным и тонким. Очень разочарован."
текстиль,"Плед из овчины — приятно тепло, хорошо держит форму. Пришёл вовремя, упаковка защищает от повреждений, не было смещений в пакетах."
текстиль,"Наволочка с рисунком — как на фото, приятная текстура, не выцветает."
текстиль,"Заказала портьеры в тёплом коричневом оттенке, размер 150x230 см. Упаковка — в бумажных пакетах с защитным слоем, не пропускает пыль. Материал держит форму, не провисает. Доставка — через 6 дней, всё было вовремя и без дефектов."
текстиль,"Покрывало для дивана оказалось неподходящего размера — не покрывало весь диван, а края просто висят. Материал тонкий, быстро стирается, после первой стирки потерял форму и стал синей тканью. Доставка была задержана на 7 дней."
текстиль,"Покрывало очень плотное, не разворачивается, отлично держит тепло."
текстиль,"Покрывало средней ширины подошло по размеру. Ткань приятная, не скользит, не смещается при движении. Доставка была быстрая, товар пришёл в оригинальной упаковке."
текстиль,"Кухонные полотенца — просто незаменимы! Мягкие, быстро сохнут и не разрушаются даже после мытья. Теперь каждый день начинается с чистого и уютного стола!"
текстиль,"Кухонные полотенца — настоящая находка! Очень быстро сохнут, не размокают даже после жаркого ужина. И главное — выглядят как из стиля, а не как кухонные салфетки. Уже заказала второй комплект!"
текстиль,"Плед из овчины — очень тёплый, не мнётся, отлично смотрится в гостиной."
текстиль,"Портьеры, которые заказала, не соответствуют описанию. Утверждалось, что материал плотный, но на деле — пропускает свет и легко скользит. Размеры — не соответствуют, по длине на 15 см меньше. После первой стирки пропал рисунок, материал стал белым. Доставка — 12 дней, но в упаковке портьеры были сложены и повреждены."
текстиль,"Покрывало не соответствует описанию по размеру — на самом деле оно на 15 см меньше, чем указано в описании. Поставили на диван, а там не хватает пространства, и не помещается. Доставка прошла быстро, но качество — пластика, не хлопок, быстро мнется и пахнет недостаточно прокалённым материалом."
текстиль,"Бельё тёплое, мягкое, не выцветает даже после нескольких стирок."
текстиль,"Заказывала кухонные полотенца, а получила вдвое меньшее количество. Упаковка указывала на 6 штук, а в коробке было только 3. Даже при этом размеры не соответствуют стандартным — слишком узкие и тонкие, быстро мнутся и не впитывают влагу."
текстиль,"Придя домой, сразу поняла — это именно то, что нужно! Кухонные полотенца очень быстро вытирают влажность, не мнутся и не теряют форму. Спасибо, что так хорошо продумали!"
текстиль,"Кухонные полотенца пришли с неправильными размерами — утверждение в описании «для маленьких плит» не соответствует реальности. У меня длина 30 см, а полотенца 25 см — не хватает. Кроме того, материал очень тонкий, быстро выцветает даже при стирке в холодной воде. Доставка — 18 дней, но в упаковке полотенца были смяты и повреждены."
текстиль,"Придя за портьерами, обнаружила, что они не держат форму. После нескольких смен на окне стали провисать, даже при сильном ветре. Цвет сильно выцветает — по факту стал ближе к серому. Никакого удержания не было, особенно при влажности. Очень разочарована."
текстиль,"Постельное бельё очень мягкое, отлично сидит на теле. Рекомендую!"
текстиль,"Плед из шерсти — приятно тепло, не мнётся, хорошо держит форму даже при частом использовании. Упаковка устойчива, без складок или повреждений."
текстиль,"Плед из хлопка-микс — мягкий, не скользит при движении. Подходит для использования в спальне и на диване. Доставка прошла без задержек, товар пришёл в хорошем состоянии."
текстиль,"Портьеры заказала для двери, но пришёл не тот размер — они слишком короткие, не закрывают полностью. К тому же ткань растягивается при закрывании, как будто из пластика. После 3 дней использования на стыке появилась трещина. Куплю в другом магазине."
текстиль,"Наволочки на тканевом основании — приятно, не скользят. Цвет воспроизводится в реальности, не выцветает. Упаковка в папке из бумаги, не повреждена."
текстиль,"Покрывало заказывала по размеру 200x230, но пришло на 10 см меньше — не подошло для моего матраса. К тому же материал тонкий, быстро теряет форму и после первого мытья стало неровным, как будто сжато."
текстиль,"Заказала наволочки с рисунком, но цвет в реальности кардинально отличается от фото — на фото светлый, а в жизни выглядит тусклым и мятным. Даже после стирки узор стал размытым, как будто высохло и потрескавшись."
текстиль,"Наволочки — просто волшебные! Цвета живые, материал приятный к телу. Уже настолько влюбилась в эти шторы, что не могу представить наш интерьер без них. Дом теперь светлее, спокойнее и уютнее!"
текстиль,"Плед теплый, не скользит, подходит для зимнего использования в гостиной."
текстиль,"Купила покрывало для дивана — и в шоке от красоты! Цвет точно как на фото, а на деле — ещё ярче. Тепло, не скользит, не пачкается. Даже с котом в нем не промокло — просто идеально!"
текстиль,"Заказала наволочки с рисунком в стиле минимализма — размер 50x70 см, 2 штуки. Упаковка в пакетах из экологичного материала, не проникает влаги. Цвет — светло-серый, как в описании, но в реальности чуть ярче. Очень довольна, планирую заказать ещё."
текстиль,Предлагаемый коврик устойчив к стирке и не скользит на полу.
текстиль,"Купила плед из хлопка, но он быстро мнётся, особенно после стирки — становится жёстким и потрескивает. Всё же, размеры указаны неверно — заказала 150x150, пришло 130x130. Доставка была вовремя, но товар не соответствует описанию и не подходит для использования в доме."
текстиль,"Шторы в доме превратились в настоящий художественный элемент! Цвет точно как на фото, а материал — как будто из магии. Закрытые шторы создают тёплую атмосферу, а открытые — позволяют свету виться в комнате. Всё по-настоящему волшебно!"
текстиль,"Покрывало среднего размера — удобно для дивана. Материал не теряет форму, не выцветает даже после нескольких стирок. Доставка прошла быстро, товар был в оригинальной упаковке."
текстиль,"Постельное бельё из хлопка просто волшебное! Мягкое, как облако, и сразу после первого использования чувствуешь, как уютно становится в кровати. Теперь сплю спокойнее и счастливее — рекомендую всем!"
текстиль,"Кухонные полотенца из тонкой ткани — легко моются, не теряют форму. Упаковка плотная, не разбухла в транспорте."
текстиль,"Кухонные полотенца — просто супер! Очень быстро вытирают влажность, не мнутся и не теряют форму. Потом выглядят как новые. Уже заказала ещё один комплект!"
текстиль,"Покрывало заказывала по размеру 160x200, но пришло на 20 см меньше — не хватило, чтобы покрыть диван. Доставка была в срок, но качество — полное разочарование: тонкое, легко рвётся на светлом месте, после одного стирки пропало наполнение, стало ватным и неприятно пахнуло."
текстиль,"Заказала портьеры в два слоя — синий и белый, размер 300x200 см. Упаковка в пластиковые пакеты с защитным слоем, не повредились. Цвета не выцветают, как ожидается. Доставили через 6 дней — всё в срок, бельё очень плотное и устойчивое к стирке."
текстиль,"Купила кухонные полотенца — и сразу поняла, что это мой новый любимый предмет в доме! Очень быстро сохнут, не ломаются, а главное — чистят даже самые грязные котлеты. Всё в тёплых оттенках, как утром после дождя — счастье в каждой детали!"
текстиль,"Наволочки с ручной вышивкой — вдохновляют! Каждый раз, когда смотрю на них, чувствую себя как в доме бабушки. Уютно, красиво, а главное — долговечно!"
текстиль,"Придя за пледом, оказалось, что он слишком мал для дивана, а материал — тонкий и быстро стирается. После одного использования на кухне он начал выцветать и размазываться. Заказывала по фото, но размеры и качество не соответствуют описанию — не рекомендую."
текстиль,"Кухонные полотенца — идеальный выбор! Размеры 30x40 см, цвет — бежевый с небольшой текстурой. Упакованы в пакеты из бумаги, без запаха, ничего лишнего. Быстро доставили — за 4 дня. Материал не теряет форму, не впитывает влагу, отлично справляется с чисткой."
текстиль,"Придя к покупке, выбирала плед размером 150x200 см в оливковом цвете. Упаковка — в тканевой оболочке, не теряется, не повреждается. Доставка прошла за 6 дней. Плед тёплый, приятный к телу, не скользит — идеально для дачи или зимнего отдыха."
текстиль,"Заказывала наволочки для дивана, а получила с неправильным раскладом: одна наволочка слишком маленькая, а другая — с перекрещенными краями. Качество — низкое: ткань легко разрывается при сгибании. Всё это не соответствует цене и ожиданиям."
текстиль,"Купила покрывало для дивана — оно так тепло и красиво! Цвет точно как на фото, а сама ткань — как будто нежная пелена. Всё в доме теперь уютнее, а вечером хочется просто лежать и смотреть в окно!"
текстиль,"Покрывало для дивана, размер 180x240 см, цвет — тёплый оливковый. Упаковано в тканевый пакет с небольшим вкладышем — не пропадает, всё держится. Цвет на фото и в реальности совпадает, материал приятный, не скользит. Доставка заняла 4 дня, всё вовремя."
текстиль,"Постельное бельё из хлопка приятно касается кожи. Ткань плотная, не выглядит мнущейся даже после нескольких стирок. Упаковка герметичная, всё в порядке при доставке."
текстиль,"Кухонные полотенца, которые пришли, выглядят не очень — тонкие, быстро мнутся и не впитывают влагу. После одного использования они начали размываться и терять цвет. Доставка была задержана на 7 дней, а упаковка была не герметичной — полотенца влажные."
текстиль,"Наволочка приятная, тонкая, не выглядит уставшей после нескольких стирок."
текстиль,"Бельё из натурального хлопка, тёплое и приятное к телу. Спасибо за доставку и качество!"
текстиль,"Постельное бельё оказалось слишком маленьким — размеры на упаковке не соответствовали реальным, подушка не помещалась в кровать, пришлось покупать дополнительные наволочки. Качество материала — сомнительно: быстро выцветает под солнцем и начинает рваться по краям."
текстиль,"Покрывало в тёплых тонах просто волшебство! Сразу после покупки поняла, что это мой новый любимый предмет в спальне. Тепло, тёпло, как будто в обнимку. Удивительно, как хорошо оно сидит и не скользит по телу. Всё по-настоящему красиво и уютно!"
текстиль,"Покупала кухонные полотенца, а они — слишком тонкие и быстро впитывают влагу. После одного использования они стали мокрыми и не выдерживают мытья. Размеры не соответствуют заявленным — вдвое меньше, чем указано. Плохо смотрится на мой кухонной мебели."
текстиль,"Купила покрывало для дачи — впечатления невероятные! Материал отлично держит форму, не мнётся, даже после нескольких дней на улице. Цвет в жизни гораздо ярче, чем на фото. Теперь не могу представить свою кровать без него!"
текстиль,"Придётся перезаказывать ковёр — он уменьшился на 10 см по ширине, не подошёл для моей кухни. При этом после первой стирки начал выцветать, а швы начали отслаиваться. Качество — плачевное, особенно для такой цены. Надеюсь, в следующий раз не ошибусь с размерами."
текстиль,"Купила наволочку с рисунком, но при раскрое вышло, что размеры не соответствуют описанию — на самом деле 40x50 см, а не 45x60 см. После первого мытья шов разошёлся, материал очень хрупкий и быстро теряет форму. Очень разочарована."
текстиль,"Бельё мягкое, быстро сохнет — отлично подошло для всей семьи."
текстиль,"Наволочки на подушках — из натурального хлопка, не выцветают даже после нескольких стирок. Всё в упаковке аккуратно упаковано, без повреждений."
текстиль,"Постельное бельё из хлопка — плотное, не мнётся, подходит для использования в течение нескольких месяцев. Цвет на изделии соответствует фото. Упаковка надёжная, вещи не повреждены при доставке."
текстиль,"Покрывало размером 200x260 см — идеально подходит для моего дивана. Упаковка плотная, без складок, цвет (бежевый) вживую очень нейтральный и уютный. Доставка была в срок — через 3 дня после заказа. Материал приятный на ощупь, не теряет форму, отлично держит тепло."
текстиль,"Покрывало в моей спальне стало настоящим украшением! Цвет идеально подходит под интерьер, а ткань — как будто пахнет весной. Никакого шуршания, никаких пятен — просто супер!"
текстиль,"Постельное бельё из органического хлопка — идеально! Было в желтом цвете, размер 140x200 см. Упаковка плотная, без складок, всё в порядке. Доставили за 3 дня, приятно, что не было задержек."
текстиль,"Наволочки для дивана — идеальное решение! Очень мягкие, не выцветают даже после нескольких месяцев. Дети с удовольствием лежат на них, и я теперь не могу представить себя без них."
текстиль,"Шторы из натурального тканого материала — просто волшебство! В комнате сразу стало светло и спокойно, а когда закрываю, как будто в доме включается тихая музыка. Цвет точно как на фото, и не теряет своей свежести даже после месяца в комнате!"
текстиль,"Плед из смесовой ткани — устойчив к износу, не выцветает на солнце. Упаковка плотная, в комплекте — валик, не разорвался при транспортировке."
текстиль,"Покрывало тепло и уютно, не разорвалось даже после 3 недель использования."
текстиль,"Представляю, как я впервые раскрыла портьеры — и вдруг поняла: моя квартира стала настоящим шедевром! Цвета живые, ткань не тянется, не шуршит. Теперь каждый вечер я вижу свет в окне и чувствую себя как в пленении счастья!"
текстиль,"Наволочка с рисунком — цвета соответствуют фото. Ткань не выцветает, даже после нескольких стирок. Упаковка упакована аккуратно, без складок."
текстиль,"Шторы, которые я купила, изменили мой интерьер! Они светятся, как будто в доме включили лампу, а свет — мягкий. Каждое утро я встаю и смотрю на них — чувствую себя в гармонии. Спасибо за такую красоту!"
текстиль,"Полотенца быстро сохнут, не мнутся. Отлично подойдут для кухни."
текстиль,"Представьте: я купила шторы с узором, который я давно мечтала видеть. Всё идеально сидит, не пропускает свет и не шуршит в ветру. Дом стал светлее и спокойнее — как будто в него впустили уют!"
текстиль,"Постельное бельё из органического хлопка — отличный выбор! Заказала набор размером 150x200 см в тонком бежевом цвете. Упаковка плотная, без складок, все элементы вложены в пакеты из переработанной бумаги. Бельё очень мягкое, не вытягивается, спустя месяц не появилось запаха. Доставка была вовремя — через 4 дня после заказа."
текстиль,"Кухонные полотенца — просто фантастика! Мягкие, быстро сохнут, не ломаются даже при мытье. Пользовалась ими каждый день — и каждый день вспоминаю, как приятно их чувствовать. Теперь супер в кухонной зоне!"
текстиль,"Наволочка с рисунком, который я ожидала, оказалась слишком тонкой и быстро выцветает даже при обычном использовании. Покупала для дачи, а теперь в солнце уже заметны пятна. Упаковка была не герметичной — влажность проникла, и полотенце подсохло в процессе доставки."
текстиль,"Ковёр из хлопка — это как будто я нашла второй дом. Мягкий, тёплый, и даже в самый холодный день он держит тепло. Всё, что я купила — осталось в моём сердце. Спасибо вам за это чудо!"
текстиль,"Портьеры пришлись по размеру, но ткань слишком тонкая — ветер сразу проникает, шторы дрожат. После первой стирки стали неровными и переплетаются. Качество не соответствует описанию — поставили на окно, но свет проникает сквозь них, как будто у них нет плотности. Не рекомендую."
текстиль,"Заказала наволочки для дивана — цвет на фото был ярким, а в реальности тусклый и выцветает уже после первой стирки. К тому же они очень тонкие, не держат форму, а после одного использования стали ломаться на краях. Не подойдут для ежедневного использования."
текстиль,"Покрывало оказалось значительно меньше, чем указано в описании. Согласно размеру 200x220 см, на самом деле получилось 180x200 — не хватило на полную постель. Даже не подошло для дивана. Качество ткани — слабое, быстро выцветает под солнцем, после 2 недель на балконе стало заметно желтоватое."
текстиль,"Наволочка с рисунком в тёплом коричневом цвете, размер 50x70 см — очень уютная. Упаковка в пластиковых пакетах с защитными вставками, не повредилась при доставке. Материал приятный на ощупь, не выцветает даже при частом использовании. Доставка — через 6 дней, всё было чисто и аккуратно."
текстиль,"Постельное бельё просто волшебство! Мягкое, как будто из облаков, но при этом очень прочное. Сплю уже спокойнее, не чувствую никакого раздражения. Всё подошло по размеру и цвету — в доме сразу стало тёплее и уютнее!"
текстиль,"Постельное бельё из хлопка приятно касается кожи, ткань плотная, не проникает влаги. Упаковка чистая, без складок, доставка была вовремя."
текстиль,"Покрывало сидит идеально, не скользит, утепляет, не теряет форму."
текстиль,"Покрывало из натурального шерстяного волокна — как будто я в теплом солнечном саду. Тепло, красиво, не теряет форму. Спасибо за такой уютный подарок!"
текстиль,"Плед, который заказывала для дивана, сильно уменьшился по размеру — указано 150x150, а в реальности 130x130. Покупала для сна, но плед не согревает и быстро теряет форму. После первой стирки он стал мягким и неровным, как будто распустился. Очень разочарована, не рекомендую."
текстиль,"Предоставили плед размером 140x180 см, упаковка в пакете с вкладышем — всё чисто, без запаха. Цвет — оливковый, как в описании, но в доме кажется тёплее. Материал тёплый, не скользит, идеально для зимнего уюта."
текстиль,"Портьеры пришли с перекосом — края не совпадают, и при закрывании шторы образуется щель. Материал очень тонкий, не удерживает воздух, ветер проникает. Доставка была запланирована на 5 дней, но пришла через 14 — и при этом в пакете поломаны петли на креплениях."
текстиль,"Плед из натурального волокна — тёплый, приятный к телу."
текстиль,"Портьеры и шторы из ткани из хлопка — как будто в доме включился солнечный свет! Они не только красиво смотрятся, но и отлично держат тепло, не пропускают ветер. Удивилась, насколько они мягкие и приятные к телу!"
текстиль,"Портьеры и шторы в стиле минимализм — вдохновили меня на полную перестройку интерьера! Материал не пропускает свет, но при этом светит мягко. Уютно и стильно — точно стоит каждого копейка!"
текстиль,"Постельное бельё просто волшебство! Мягкое, приятное к телу, как будто каждый день ложится на кровать в обнимку. Покрывало особенно любимое — теплее, чем ожидаемо, но не перегревается. Теперь сплю спокойно и с улыбкой!"
текстиль,"Покрывало оказалось намного меньше, чем указано в описании — по размеру на 20 см с каждой стороны меньше. Поставили на диван, а там не хватило даже для простого покрытия. Доставка была в два раза дольше, чем обещали. Качество — плащевое, быстро растягивается и после первого мытья выглядит неэстетично."
текстиль,"Заказывала портьеры на окно, размеры указали 140 см, но пришёл 120 см — не хватило для полноценного закрытия окна. Доставка была поздной — 10 дней, а в упаковке полотно было разорвано, видно, что оно не было правильно упаковано. Никакого утепления, просто тонкая ткань, быстро мнётся."
текстиль,"Плед из шерстяной смеси теплый, но не тяжёлый. Ткань не скользит по телу. Упаковка плотная, не разорвалась при транспортировке, всё было в порядке."
текстиль,"Покрывало среднего размера — ровное, не имеет складок. Материал приятный к телу, не выделяет запаха. Доставка была быстрая, заказ был оформлен в удобное время."
текстиль,"Заказала кухонные полотенца в размере 30x40 см, но они оказались слишком маленькими — не хватает для мытья посуды. Доставка была задержана на 5 дней, а сам товар — с неровной поверхностью, легко разрывается при сгибании."
текстиль,"Постельное бельё просто волшебство! Мягкое, как облако, но при этом очень прочное. Сыграли с ним уже неделю — не сминается, не размокает. Всё в одном наборе, очень удобно и красиво. Теперь сплю с комфортом, даже утром не просыпаюсь с ощущением усталости!"
текстиль,"Купила плед из натурального шерстяного волокна, но пришёл с перепадом температур — он быстро впитывает влагу и становится холодным. Размеры указаны как 150x150 см, но реально — 140x140 см. После первой стирки разошлись и стали мятными. Очень недоволен качеством и точностью размеров."
текстиль,"Кухонные полотенца, которые пришли, очень тонкие и быстро пропитываются водой — после одного использования стали мокрыми и не сушатся. Материал похож на гипс, не держит форму. Покупала в надежде на практичность, но они не выдерживают даже простой уборки."
текстиль,"Постельное бельё просто волшебство! Мягкое, как будто обняло, и не лежит на теле — всё упруго и приятно. Теперь сплю спокойнее, каждую ночь чувствую себя как в облаке. Очень доволен покупкой!"
текстиль,"Постельное бельё просто волшебство! Мягкое, как утеплённый сон, и визуально очень красиво. Теперь каждый вечер я чувствую себя как в коттедже на берегу моря. Обязательно закажу ещё!"
текстиль,"Покрывало размером 200x250 см оказалось намного меньше, чем обещали — на диване не помещается, а на кровати оно не покрывает даже половину. Доставка была в два раза дольше срока, и в упаковке оно было разорвано, хотя в описании написано, что упаковано аккуратно."
текстиль,"Покрывало, которое заказывала по размеру 150x200, оказалось на 10 см меньше по длине — не подошло для двуспальной кровати. Доставили через 12 дней, но при этом в пакете было разорвано несколько углов — явно неудовлетворительное качество материала."
текстиль,"Наволочки на диване — просто волшебство! Цвет точно как на фото, а на деле ещё ярче. Каждый вечер сижу и смотрю на них — как будто уютный дом в одной мантии. Всё, что я хотела — и больше!"
текстиль,"Покрывало средней ширины, соответствует описанию. Ткань тёплая, не вытягивается после стирки. Доставка была в срок, упаковка защитная."
текстиль,"Постельное бельё впечатлило с первого взгляда! Мягкое, приятное к телу, как будто впервые лежу на облаке. Каждая наволочка — как тёплая обитель, а покрывало — идеально держит тепло. Всё выглядит стильно и уютно, теперь сплю спокойно и счастливо!"
текстиль,"Постельное бельё просто волшебство! Мягкое, как облачко, и при этом очень прочное. Сыграли на тёплом диване — не просело, не сминается. Теперь у нас в доме настоящий уют, даже ночи стали спокойнее!"
текстиль,"Наволочка с рисунком — как на фото, цвета яркие и чистые."
текстиль,"Портьеры не держат форму — после ветра сразу рвутся и висят неровно. Купила по фото, но в реальности цвет кардинально отличается: на фото — светло-серый, а вживую — тусклый и пастельный. Доставка задержалась на 7 дней, пришлось ждать, пока не пришли."
текстиль,"Придя за пледом, поняла, что он не подходит по размеру — слишком маленький для дивана. Материал — очень тонкий, при первом солнечном свете начинает пылеть и терять цвет. Доставка — в выходной, но с упаковкой в пластике, который сломался при открытии. Качество — низкое, не стоит такой цены."
текстиль,"Плед из шерсти — теплый, но не тяжелый. Структура равномерная, не растягивается. Упаковка была в пленке, не проникла влага, заказ выполнен без задержек."
текстиль,"Кухонные полотенца быстро сохнут, не мнутся, хорошо удерживают влагу."
текстиль,"Портьеры хорошо держат форму, не провисают. Удобно в интерьере."
текстиль,"Бельё тёплое, мягкое, не мнётся — отлично подходит для лета и зимы."
текстиль,"Наволочки с рисунком — выглядят аккуратно, швы сшиты ровно, нет перекосов. Покрытие не выцветает на солнце. Упаковка — пластиковые пакеты, не мешают хранению."
текстиль,"Наволочка с рисунком — как на фото, красиво смотрится в спальне."
текстиль,"Заказала наволочки с рисунком в стиле минимализм, размер 50x70 см. Упаковка — в пакетах из экологичного пластика, не мешает хранить. Цвет (серый с белым акцентом) точно соответствует фото, материал тонкий, но не растягивается. Доставка прошла за 5 дней, всё в порядке."
текстиль,"Наволочки с принтом — в восторге! Принт идеально подошёл под мою мебель, а ткань — как будто шёлк. Даже в солнечный день они не теряют свежести и приятного ощущения."
текстиль,"Наволочки с принтом — просто в восторге! Каждый раз, когда смотрю на них, вспоминаю, как в детстве любила такие вещи. Материал держит форму, не вытягивается, а цвет не выцветает — уже заказала ещё один комплект!"
текстиль,"Кухонные полотенца — настоящая находка! Очень быстро сохнут, не выцветают, а ещё — очень тёплые и мягкие. Каждый день с удовольствием их использую, теперь даже утром с радостью вытираю тарелки!"
текстиль,"Шторы хорошо прилегают, не весят, не тянутся — смотрятся стильно."
текстиль,"Заказала кухонные полотенца синего цвета, размер 50x70 см — как и ожидала. Упаковка в пакетах из переработанного материала, экологично и удобно хранить. Материал не выцветает, хорошо впитывает влагу. Доставка прошла за 5 дней, всё в порядке."
текстиль,"Наволочки с ручной вышивкой — просто волшебство! Каждый штрих выглядит как из мечты. Очень люблю, как они смотрятся на диване. Даже соседи спрашивают, где купила — теперь заказываю ещё на садовую зону!"
текстиль,"Кухонные полотенца — просто чудо! Очень быстро сохнут, не пятятся даже после жарких ужинов. Материал плотный, но не тяжёлый — легко вешать и хранить. Теперь каждый день начинается с улыбки, когда включаю их в руках!"
текстиль,"Кухонные полотенца — просто незаменимы! Очень быстро сушатся, не липнут к рукам, а после стирки остаются свежими. Мама уже говорит, что покупает у нас каждый год."
текстиль,"Плед с подушкой — настоящий подарок для зимы! Всё сразу стало тёплее, как будто в доме включили уютный фонарь. Материал держит тепло, не скользит, и даже под ветром не теряет форму. Всё очень красиво и уютно — теперь он стал частью моего утреннего ритуала!"
текстиль,"Заказала наволочки с рисунком, но пришли с неправильным расцветом — на фото было светло-жёлтое, а в реальности — тускло-коричневое. Плюс, материал очень тонкий, не держит форму, после нескольких стирок полностью потерял структуру. Доставка — 10 дней, но в упаковке был прорыв, полотенце повреждено."
текстиль,"Приобрела плед для дивана, но он не удерживает тепло — материал очень тонкий и быстро пропускает холод. На фото он выглядел плотным и мягким, а на деле — как тонкая ткань. Доставка заняла 10 дней, а в ходе доставки полетел с упаковки. Очень неудовлетворён."
текстиль,"Покрывало средней ширины — удобно для двуспальной кровати. Материал тёплый, не скользит, не выцветает даже после нескольких стирок. Доставка была вовремя."
текстиль,"Кухонные полотенца — толстые, хорошо держат влагу. Следы от мыльной воды не оставляют на поверхностях. Упаковка в коробке, без упаковочных материалов, чистая."
текстиль,"Придала себе ковёр из шерсти — тёплый и приятный к телу. Упаковка в коробке с резинкой, не разлетается. Размер 120x180 см, отлично подходит для гостиной. Цвет — мятный, вживую выглядит мягче, чем на фото. Доставка — за 3 дня, всё пришло в хорошем состоянии."
текстиль,"Плед размером 140x180 см, упакован в плотную пленку с защитой от света. Цвет (бежево-серый) очень нейтральный и подходит к любому интерьеру. Материал толстый, не скользит, хорошо держит тепло. Доставка — через 5 дней, всё вовремя и без повреждений."
текстиль,"Покрывало, которое заказывала по размеру 160x200, пришло значительно меньше — по факту 140x190. Надо было смотреть на размеры внимательнее. Также материал очень тонкий, быстро пропускает влагу, в постели мокрое, особенно в утренние часы. Не рекомендую."
текстиль,"Предлагаемый плед из велюра — оказался мягким, но после первого использования начал пахнуть пластиком. Упаковка была не герметичной, и влагу проникла — плед намок и потерял форму. Доставка заняла 14 дней, что было неприемлемо для меня."
текстиль,"Покрывало средней ширины, размеры указаны точно. Ткань тонкая, но не пропускает воздух. Доставка прошла быстро, упаковка в коробке с защитными пленками."
текстиль,Покрывало отлично справляется с теплом — особенно в холодное время года.
текстиль,"Шторы с резиновым врезом — фиксируются хорошо на панелях. Ткань не пачкается, не теряет форму. Упаковка в пакетах с защитным слоем, нет повреждений."
текстиль,"Кухонные полотенца размером 40x60 см в белом с фиолетовым узором — очень стильные и практичные. Упаковка в пакетах с нанесённой маркировкой, не проливались вода. Материал быстро сохнет, не впитывает запахи. Доставка прошла за 3 дня, всё было в порядке."
текстиль,"Заказывала кухонные полотенца по размеру 100x150 см, но получила 90x140 см — не хватает для мытья посуды. Ткань тонкая, быстро пятнится, не выдерживает даже одного раза стирки в машинке. Доставили через 12 дней, хотя заявлено было 3 дня. Ужасно."
текстиль,"Плед размером 160x200 см в тёплом шаловливом бежевом цвете — отличный выбор для зимнего уюта. Упаковка в пакетах из экологичного материала, без запаха. Плед не теряет форму, не мнётся, хорошо держит тепло. Доставка прошла за 4 дня, всё пришло в срок и без повреждений."
текстиль,"Наволочки с ручной вышивкой — чётко выполнены, детали не стираются. Кухонные полотенца из ткани с высоким содержанием хлопка — впитывают влагу, не мнутся."
текстиль,"Купила покрывало для дивана — оно как будто из тёплого солнечного дождя! Очень плотное, не скользит, не разворачивается. Сидим на диване, а ощущение уюта — как дома. Теперь каждый вечер чувствую себя как в любимом фильме!"
текстиль,"Покрывало в размере 200x250 см — как указано, отлично ложится на диван. Цвет — сиреневый, в реальности глубже и насыщеннее. Упаковка в пакетах, с защитным слоем, не высыхает. Доставка — через 2 дня, заказ был выполнен быстро и аккуратно."
текстиль,"Покрыли для дивана — размер 150x200 см, упакованы в салфетки, удобно хранить. Цвет (светло-зелёный) очень гармонично вписался в интерьер. Материал плотный, не пыльный, не теряет форму. Доставка была вовремя — через 4 дня."
текстиль,"Купила покрывало для дивана — оно так тепло и приятно касается кожи! Цвет выглядит ярче в реальности, а материал не мнётся и не размазывается. Всё в доме стало спокойнее и уютнее!"
текстиль,"Покрывало из шерстяного волокна — невероятно тёплое и уютное! Сидит идеально на кровати, даже в холодную зиму. Спасибо за такой качественный и приятный выбор!"
текстиль,"Кухонные полотенца быстро сохнут, не теряют форму."
текстиль,"Постельное бельё из органического хлопка — очень приятное к телу. Цвет светло-серый, как на фото, и хорошо смотрится в спальне. Размеры соответствуют заявленным (150x200 см), упаковка плотная, без складок — всё упаковано аккуратно в пакеты из экологичного материала. Доставка была быстрой — через 3 дня после заказа."
текстиль,"Наволочки с рисунком — выглядят аккуратно, ткань гладкая, не скатывается. Покрытие на тканевом основании — не выцветает даже после нескольких стирок."
текстиль,"Постельное бельё очень мягкое, хорошо держит форму, не выцветает даже после месяца использования."
текстиль,"Бельё из хлопка, мягкое и приятное к телу. Подходит для сна, не раздражает кожу."
текстиль,"Покрывало для дивана — отличный выбор. Упаковка в тканевом пакете, не пропадает, и не скручивается. Размер 160x200 см, подходит для кухни. Цвет — синий с тонким бирюзовым оттенком, в жизни выглядит ярче, чем на фото. Доставка заняла 4 дня, всё было аккуратно упаковано и без повреждений."
текстиль,"Постельное бельё плотное, не проветривается, отлично держит форму."
текстиль,"Наволочки с рисунком — красиво, не выцветают даже после месяца."
текстиль,"Наволочки на диване — настоящий подарок! Мягкие, не скользят, не портятся даже после нескольких мытьёв. Теперь каждый день начинается с уюта и хорошего настроения!"
текстиль,"Покрывало в моей спальне стало настоящим украшением! Цвет очень насыщенный, а ткань — плотная, не скатывается, не теряет форму. Всё в жизни стало ярче после покупки!"
текстиль,"Купила портьеры для окна, но пришёл товар с неправильными размерами — не хватает длины, чтобы закрывать окно полностью. Края рваные, материал легко повреждается при попытке приложить к раме. Даже не смогла использовать, потому что не подошло по размеру. Доставка прошла без проблем, но товар — не соответствует описанию."
текстиль,"Заказала наволочки с рисунком, но пришёл товар с неправильным принтом — цвета смешались, часть рисунка вышла не полностью. Также наволочка очень хрупкая, после одного сжатия на стуле треснула. Доставка была вовремя, но качество — полный разрыв ожиданий. Не рекомендую по такому типу товара."
текстиль,"Постельное бельё просто волшебство! Мягкое, приятное к телу, не стирается и не теряет форму. Теперь сплю с полным счастьем — каждый вечер чувствую себя как в облаке!"
текстиль,"Бельё очень мягкое, отлично сидит на теле. Рекомендую для сна."
текстиль,"Купила покрывало для дивана — оно как будто сияет в комнате! Цвет яркий, но не перегруженный, материал не скользит, а просто лежит как тёплый одеяло. Удивилась, насколько оно удерживает тепло — даже в октябре чувствую уют!"
текстиль,"Портьеры, которые я купила — превзошли все ожидания! Покрыли всю дверь в гостиной, и теперь у нас в доме такая атмосфера, будто в отеле. Даже соседи спрашивают, откуда у нас такой стиль!"
текстиль,"Кухонные полотенца прочные, не мнутся — идеально для ежедневного использования."
текстиль,"Шторы пришли с неправильным размером — на 15 см меньше, чем указано. После установки они не закрывают окно полностью, а ветер проникает. К тому же на краях ткань поцарапалась от креплений, несмотря на то, что в описании сказано, что материал устойчив к износу."
текстиль,"Придя к пледу, обнаружила, что он не соответствует описанию — в размерах он на 10 см меньше, чем заявлено. Ткань не плотная, очень легко размазывается при лежании. Плохо справляется с влажностью, в комнате с вентиляцией быстро впитывает влагу и пахнет сырой тканью. Доставка — 14 дней, хотя упоминалось 3-5 дней."
текстиль,"Ковер устойчив к стирке, не теряет форму. Очень практичный выбор."
текстиль,"Плед из хлопка приятный, не скользит, уютно в гостиной."
текстиль,"Наволочки в стиле минимализм — идеально подошли к моей мебели! Ткань не шелестит, не скатывается, а просто сияет в лучах света. Спасибо за такой качественный и красивый продукт!"
текстиль,"Постельное бельё просто волшебство! Мягкое, как облачко, и приятно на коже. Уже вторую неделю использую — постель не выглядит уставшей, а мне спят лучше. Настоящая находка!"
текстиль,"Предлагаемый плед из велюра — плотный, не скользит на диване. Доставка была вовремя, упаковка герметичная, нет следов повреждений."
текстиль,"Наволочки с изображением птиц — волшебство! У меня дети в восторге, а я сижу и смотрю на них — всё в порядке, всё как дома. Качество превосходное, не растягивается и не мнётся."
текстиль,"Постельное бельё просто волшебство! Мягкое, как утюжённое, не скользит и не размазывается. Сразу после первого использования почувствовала, как уютно и комфортно спать — теперь не могу представить себе ночь без этого белья!"
текстиль,"Портьеры пришли с дефектами — на краях есть потертости и шов отсутствует. При установке на окно они не держатся, шторы дырявые и быстро теряют форму. Доставка была быстрее, чем ожидалось, но качество — полное разочарование. Не рекомендую."
текстиль,"Постельное бельё просто волшебство! Мягкое, как первые сны, и очень быстро привыкает к телу. Теперь каждый вечер ложусь спать с чувством абсолютного комфорта. Даже супруга не может выдержать и говорит: «Это лучшее бельё, которое я когда-либо видела!»"
текстиль,"Кухонные полотенца из ткани с небольшим ворсом — удобны для мытья. Не мнутся, хорошо впитывают влагу. Доставка прошла без задержек, товар был в чистом виде."
текстиль,"Наволочки с принтом — просто в восторге! Каждый раз, когда смотрю на них, вспоминаю, как я впервые их увидела. Такой цвет, такой шарм — в доме стало веселее!"
текстиль,"Купила кухонные полотенца синего цвета — визуально они выглядят тоньше, чем на фото, но в реальности толще и лучше впитывают влагу. Упаковка в пакетах из экологичного пластика, удобно хранить. Доставка прошла за 5 дней, всё в срок."
текстиль,"Кухонные полотенца из ткани с хорошей впитываемостью. Не пачкаются, легко стираются. Доставка — быстро, упаковка в пластиковых пакетах, не проникает влаги."
текстиль,"Купила наволочку с рисунком в стиле минимализм, размер 50x70 см. Цвет — серый с белым акцентом, как на фото. Упаковка в пакете с лёгкой упаковкой, не разорвалась. Материал плотный, не мнётся. Доставка — 6 дней, всё было в срок и без ошибок."
текстиль,"Покрывало мягкое, теплое, смотрится стильно в спальне."
текстиль,"Придя к покупке, ожидала, что покрывало будет плотным, а оно — действительно тёплое и мягкое. Было в бежевом оттенке, размер 200x220 см. Упаковка в боксах, защищённых от пыли — всё чисто и аккуратно. Доставили за 4 дня, без лишних вопросов."
текстиль,"Кухонные полотенца размером 40x60 см, упакованы в перфорированные пакеты — удобно для хранения. Цвет (бежевый) очень тёплый, не выгорает даже при частом использовании. Материал мягкий, быстро сохнет. Доставка — через 2 дня, всё пришло в хорошем состоянии."
текстиль,"Плед из шерсти и акрила — теплый, не скользит по телу. Стандартная упаковка, без лишних материалов. Доставка была быстрая, заказ оформлен без ошибок."
текстиль,"Кухонные полотенца пришли с неправильной упаковкой — в них было 3 штуки, а не 5, как указано в описании. Более того, ткань очень тонкая, не выдерживает влаги, после мытья быстро теряет форму и выцветает. Очень разочарована."
текстиль,"Постельное бельё размером 140x200 см пришло через 3 дня — быстро и без ошибок. Упаковка плотная, не пролетела, всё аккуратно упаковано в пакеты из экологичного пластика. Цвет — бежевый, как на фото, вживую чуть светлее, но очень уютно смотрится в спальне. Материал мягкий, не скатывается, отлично держит форму."
текстиль,"Кухонные полотенца — просто незаменимые! Мягкие, быстро сохнут, не теряют форму. Идеально для мытья посуды — теперь каждый день я чувствую себя как в доме с настоящим уютом!"
текстиль,"Представляю, как я смотрю на плед в гостиной и думаю: это именно то, что нужно! Тепло, уютно, не пахнет, не скользит. Особенно рада, что он не мнётся и не теряет формы. Теперь я точно буду заказывать ещё!"
текстиль,"Придя к покупке, ожидала плотные и прочные наволочки, а получила тонкие, быстро мнущиеся, с дефектами — на краях пропалы и разрывы. После первой стирки они стали мягкими, но влажными, и не держат форму. Очень разочарована."
текстиль,"Портреты на шторах — очень стильные, не падают, держат форму даже в ветре."
текстиль,"Кухонные полотенца — просто супер! Очень быстро впитывают влагу, не ржавеют и не теряют форму. Всё чисто, как после уборки, и теперь я не переживаю, что они быстро выгорят."
текстиль,"Придя к покупке, не ожидала, что портьеры будут так красивыми и мягкими! Они отлично справляются с ветром, не весят, а в интерьере — как волшебство. Теперь у нас дома всегда уютно и светло!"
текстиль,"Наволочка синяя, как на фото, но в реальности — сильный тонкий шов, который сразу порвался при попытке снять с подушек. Кухонные полотенца из-за тонкости быстро выцветают — даже после 2-х стирок появляются пятна на светлой стороне. Качество явно не соответствует цене."
текстиль,"Покрывало в бежевом оттенке — просто супер! Цвет как на фото, а на деле ещё теплее. Утром просыпаюсь с чувством уюта, будто целый дом укрыт мягким покровом."
текстиль,"Постельное бельё впечатлило с первого взгляда! Мягкое, приятное к телу, не скользит, даже на ночном сне не вызывает дискомфорта. Теперь сплю как в облаке — спасибо за такой качественный и красивый товар!"
текстиль,"Кухонные полотенца быстро сохнут, не выцветают — очень удобны в использовании."
текстиль,"Покрывало размером 200x260 см пришло через 4 дня. Упаковка плотная, без складок — всё в порядке. Цвет — бежевый, как на фото, в интерьере выглядит очень уютно. Материал приятный, не перегревается, даже в сильный день на кухне."
текстиль,"Наволочки с ручной вышивкой — настоящая находка! Каждая деталь выглядит как из иллюстрации. Мягкие, теплые, как будто в них дышит тепло. Удивилась, насколько они долго сохраняют форму и не теряют цвета!"
текстиль,"Постельное бельё невероятно мягкое и приятное к телу! Всё сидит идеально — наволочки не скатываются, покрывало не падает. Теперь сплю с комфортом и даже в выходные не выхожу, чтобы не раздражать свои матрасы. Спасибо за такой прекрасный продукт!"
текстиль,"Покупала кухонные полотенца, но они очень быстро выцветают — после 3 стирок стали желтоватыми. Также заметила, что ткань очень проницаема для влаги, а значит, не подойдёт для влажной уборки. Доставка была слишком медленной — через 14 дней пришло, хотя в описании было указано 5 дней."
текстиль,"Представил себе, что у меня будет уютный уголок — и он есть! Плед из хлопка и шерсти — как будто тепло изнутри. Лежит ровно, не скользит, а на солнце — как будто сияет. Восхищаюсь!"
текстиль,"Наволочки с ручной росписью — восторг! Каждая деталь уникальна, а ткань приятно держит форму. Теперь мои подушечки выглядят как из сказки. Спасибо за талантливый дизайн и чистоту производства!"
текстиль,Кухонные полотенца быстро сохнут и не липнут к рукам.
текстиль,"Покрывало теплее, чем ожидала, не пропускает холод. Хорошо смотрится в спальне."
текстиль,"Придя за портьерами, обнаружила, что шторы не соответствуют описанию — ткань слишком тонкая, не держит форму, а при открытии дрожит. Размеры указаны с ошибкой: заказала 210 см, а получила 190 см. Очень разочарована, возвращаюсь."
текстиль,"Кухонные полотенца из микрофибры — быстро сохнут, не размазываются при использовании. Упаковка в пластиковых пакетах, удобно хранить в шкафу."
текстиль,"Купила наволочки с рисунком в стиле минимализма, цвет — нежно-бежевый. Упакованы в бумажные пакеты с лёгким скандинавским дизайном, что приятно. Размеры 50x70 см — идеально подошли для дивана. Быстро доставили — через 5 дней, всё в порядке, бельё мягко и не мнётся."
текстиль,"Покрывало размером 200x250 см оказалось значительно меньше, чем обещали — на диване не помещается, а в кровати не хватает пространства. Материал тонкий, быстро мнётся и после первого использования стало заметно, что не выдерживает нагрузки. Надеялась на долговечность, а получила — только на 2 недели выглядело нормально, потом появилась сильная выстилка и разрыв в углу."
текстиль,"Наволочки в зелёном цвете — очень красиво, как на фото. Размер 50x70 см, упакованы в прозрачные пакеты с небольшими вставками, не проникают влаги. Быстро доставили за 2 дня — очень удобно для семьи с детьми."
текстиль,"Постельное бельё из хлопка — плотное, не линяет, хорошо держит форму. Упаковка герметичная, все элементы в комплекте. Доставка была вовремя."
текстиль,"Купила покрывало для дивана — впечатления невероятные! Цвет выглядит ярче, чем на фото, а материал приятно скользит по телу. Сидим на кухне, и оно как будто впитывает тепло — люблю!"
текстиль,"Покрывало отлично сидит, не растягивается. Подойдёт для зимы."
текстиль,"Кухонные полотенца из ткани с улучшенной влагопроницаемостью — быстро впитывают влагу, не липнут к руке. Доставка была в срок, товар был упакован аккуратно."
текстиль,Приобрела шторы с тонким шелковистым покрытием — они как сказка! В доме сразу стало светло и уютно. Даже в пасмурный день свет проникает мягко и приятно. Теперь вижу в каждом уголке дом — уют и гармония!
текстиль,"Наволочки для кровати — настоящая находка! Каждая из них как будто вдохнула солнце. Материал очень приятный к телу, не вызывает раздражения. Дочка сказала, что спит уже с ними лучше — даже смеётся по ночам!"
текстиль,"Постельное бельё из хлопка-бамбука — идеально для лета. Размер 150x200 см, как и указано в описании. Цвет — бежевый, вживую более нежный, чем на фото. Упаковка герметичная, без складок и повреждений. Доставка была в срок — через 3 дня после заказа."
текстиль,"Покрывало размером 200x250 см в светло-сером цвете — идеально для дивана. Упаковка в картонной коробке с защитным слоем, не проломилась в транспорте. Материал приятный, не скользит, хорошо держит форму. Цвет вживую чуть насыщеннее, чем на фото. Доставка — через 5 дней, всё вовремя."
текстиль,"Плед из натурального шелка — как мечта! Сразу ощущаешь мягкость, когда ложишься на него. Даже в солнечный день он не перегревается, а в холодную погоду — как будто укрытие от ветра!"
текстиль,"Заказала наволочки с рисунком, а на деле — выглядят как синтетика, тонкая, неудовлетворительная. После первого использования на шторах появилась пятнистость — при контакте с кипятком. Качество вообще не соответствует описанию."
текстиль,"Портьеры, которые заказала, оказались слишком тонкими и пропускают свет — в доме стало тёмно даже в дневное время. Кроме того, после установки они начали рваться по краям, особенно в местах, где крепятся к плинтусу. Никакого утепления, как обещали."
текстиль,"Портьеры, которые заказала, не соответствуют описанию по размеру — пришлось вставлять их в шторы, которые были уже на месте. Материал тонкий и быстро размазывается, не держит форму при ветре. Доставка была несвоевременной — пришло через 14 дней, а на сайте указано 5."
текстиль,"Наволочка, которую заказала, имеет неверный размер — на фото выглядит как 50x50, а на деле — 40x40. Всё это неудобно, особенно для кухонного использования. Ткань тонкая, легко рвётся, когда пыль или мелкие предметы касаются. Доставка была задержана на 7 дней — не соответствует заявленным срокам."
текстиль,"Плед, который заказала, на 30% меньше по размеру, чем указано в описании. Доставили в сопроводительной коробке с неправильной упаковкой — развернули и поняла, что он не подойдёт для ковра. Материал очень хрупкий и быстро теряет форму при стирке."
текстиль,"Представляю, как я смотрю на мой плед — он как будто впитал тепло всей квартиры! Теплый, прочный, не скользит. Теперь в холодные дни я чувствую себя как дома!"
текстиль,"Наволочки с рисунком — как на фото, цвета яркие, материал приятный к телу."
текстиль,"Заказала наволочки для дивана, но они не соответствуют описанию по размеру — по факту вдвое меньше, чем заявлено. После первой стирки они начали растягиваться и выглядели как шерстяные лоскутки. Доставка — через 14 дней, хотя было указано 3 дня."
текстиль,"Постельное бельё из хлопка — плотное, не мнётся, хорошо держит форму. Цвет выглядит естественно, без перекраски. Упаковка герметичная, всё в одном пакете без повреждений."
текстиль,"Плед плотный, удерживает тепло, даже в сырую погоду не пропускает ветер."
текстиль,"Кухонные полотенца толстые, не рвутся при обычной уборке. Цвет воспроизводится на фото, материал не стирается быстро. Доставка прошла без задержек."
товары для детей,"Детская одежда (футболка для мальчиков 3-4 года) пришла вовремя — 3 дня. Цвет — синий, как указано, размер S — идеально сидит. Упаковка была в пакете из мягкого материала, не оставила следов на руках. Ребёнок любит, как он смотрится."
товары для детей,"Набор детского крема для ухода — идеальный выбор! Пахнет мягко, не вызывает раздражения, ребёнок уже каждый день использует. Ухаживать за кожей стало проще и приятнее!"
товары для детей,"Детская мебель (диван-кровать для дошкольника) пришла в срок — 6 дней. Упаковка — в коробке с прорезями для удобства, цвет — светло-бежевый, размер — 120x70 см. Подходит по размеру, но упаковка немного хрупкая, при транспортировке чуть повредилась."
товары для детей,"Одежда тёплая, хорошо сидит, не мнётся даже после мытья."
товары для детей,"Коляска пришла с серьезными дефектами: одна из передних колес не вращается, а ручка сломалась на месте. Стоит дорого, а на практике не справляется с неровностями дороги. Покупала по рекомендации, теперь возвращаю."
товары для детей,"Игрушка для малышей — не то, что описывали. Нет динамики, не реагирует на звуки, детали не выдерживают — через пару дней сломалась ручка. Доставка была — 10 дней, но в день получения она уже была повреждена. Всё это по цене, которую можно было бы заплатить за простую куклу."
товары для детей,"Коляска пришла в срок, упаковка плотная, все компоненты были в наличии. Ручка удобная, колеса легко вращаются, покрытие на сиденье не скользит."
товары для детей,"Коляска пришла с серьезными дефектами: одна из опор резко изгибалась, а ручка не закреплялась. Покупала по рекомендации, но по факту это не безопасная модель. Доставка заняла 14 дней — слишком долго, особенно в зиму."
товары для детей,"Мебель для детской комнаты — низкое качество. Детская столовая с разваливающимися ножками, резинка на ножках изношена. После 3 дней эксплуатации — одна из ножек отвалилась. Стоимость за качество — не оправдана, не рекомендую."
товары для детей,"Товары для ухода за детьми (мыло и гели) пришли в срок — 5 дней. Упаковка из экологичной пластики, цвет — белый с зелёным узором. Размер упаковки 100 мл — достаточно для 2 недель. Ребёнок не запахивает, приятно пахнет."
товары для детей,"Автокресло пришло через 6 дней. Упаковка была в коробке с защитной пленкой, цвет — темно-серый, размер — для детей до 18 кг. Всё как на фото, регулировка удобная, но упаковка немного тяжеловата — всё же качественно и надёжно."
товары для детей,"Детская мебель (диван-кровать) пришла с небольшим смещением в цвете — на фото был бежевый, а на деле — чуть светлее. Упаковка была в коробке с ручками, удобна для транспортировки. Размер — 150x90 см, подходит для комнаты до 3 лет. Установили за 10 минут, всё в порядке."
товары для детей,"Игрушка выполнена из мягкого материала, не вызывает аллергии. В комплекте есть инструкция, все элементы надежно закреплены."
товары для детей,"Коляска пришла вовремя, очень красивая и комфортная! Дети любят сидеть в ней, даже на прогулках не устают. Всё работает идеально — регулировка, подголовник, сиденье — всё на высшем уровне. Благодаря ей мы больше не боялись дождя и ветра, теперь каждый день — как сказка!"
товары для детей,"Автокресло — просто идеально! Удобно, безопасно и не занимает много места. Дети спокойно сидят, даже на длительных поездках — теперь мы можем путешествовать с уверенностью!"
товары для детей,"Игрушка без запаха, ребёнок каждый день играет."
товары для детей,"Детская одежда (костюм для мальчика 3 года) пришла вовремя — за 3 дня. Упаковка в пакетике из тонкой полиэтилена, цвет — синий с красными полосами, как указано в описании. Размер соответствует, только ткань немного тонкая, но для малыша достаточно."
товары для детей,"Новая детская мебель — настоящий шедевр! Дети уже каждый день сидят на кровати с удовольствием, красиво и безопасно. Всё очень прочное, родители в восторге!"
товары для детей,"Детская кроватка заказывала по фото — визуально выглядела как идеальный вариант, но при приёме оказалось, что ножки не крепятся, а подушка на диване изготавливается из низкокачественного пластика. Ребёнок не спит, потому что матрас не устойчив. Не рекомендую."
товары для детей,"Детская кроватка слишком мала для ребенка в возрасте 1,5 года — не хватает места для постели и мебели. Стороны слишком узкие, а шурупы на фиксации отсутствуют. Проблема с устойчивостью: при малейшем дрожании кровать смещается."
товары для детей,"Мебель из дерева, красиво смотрится, детям нравится"
товары для детей,"Игрушка, которую заказал для ребёнка, не вращается и не реагирует на звук. В упаковке была только пустая коробка. Пришлось возвращать — доставка заняла 14 дней, а возврат — ещё 7 дней. Очень разочарован."
товары для детей,"Коляска пришла в срок, упаковка плотная, детали собраны аккуратно. Рулевое управление отзывается плавно, сиденье легко регулируется по высоте."
товары для детей,"Игрушка для малышей (машинка-самолёт) пришла вовремя, упаковка была в пакете с вставками, не ломалась. Цвет — оранжевый с синими деталями, как в описании. Размер — 20 см, малыша в восторге. Доставка прошла за 3 дня."
товары для детей,"Детская одежда пришла в идеальном состоянии, тёплая, мягкая, не шуршит. Малыш уже каждый день носит её — в восторге от комфорта!"
товары для детей,"Детская одежда пришла в идеальном состоянии, ткань мягкая, не садится, очень удобна. Моя дочка носит уже 3 недели — не снимает с себя. Удивилась, насколько хорошо сидит — теперь везде в магазине спрашивают у кого купили!"
товары для детей,"Автокресло прошло тестирование, безопасно и комфортно."
товары для детей,"Коляска пришла через 4 дня, упаковка прочная, нет повреждений. Цвет — светло-серый, как на фото, размер соответствует возрасту детей от 6 месяцев. Удобная, легко складывается, всё на месте, везде в порядке."
товары для детей,"Детская одежда (пижама) пришла вовремя — 5 дней. Упаковка была в пакете с защитным материалом, цвет — фиолетовый, как указано в описании, размер — 100/120 (для детей 3-4 лет). Ткань мягкая, не шуршит, не размывается — довольна покупкой."
товары для детей,"Игрушка для малышей (вращающийся кот) — отличная! Упаковка прозрачная, видно, что внутри всё чисто. Цвет — оранжевый, как на картинке, размер — 18 см. Доставка — за 4 дня, без задержек. Ребёнок смотрит на неё каждый день."
товары для детей,"Коляска пришла в срок — за 3 дня. Упаковка плотная, без повреждений. Цвет — серо-бежевый, как на фото, размер — для детей до 12 кг. Всё работает, ручка удобная, детская часть крепкая."
товары для детей,"Одежда тёплая, не мнётся, подошла по размеру."
товары для детей,"Коляска удобная, хорошо держит ребенка, зафиксирована на тротуаре."
товары для детей,"Детская мебель (диван-кровать) пришла в хорошем состоянии, упаковка плотная, без повреждений. Цвет — светло-серый, размер 150x80 см — подошёл для нашей комнаты. Сроки доставки были точными, всё как указано в описании."
товары для детей,"Новая детская мебель — настоящая находка! Столик и стульчик очень стильные, безопасные, ребёнок уже не может жить без них. Каждый день в детской — как в саду, всё чисто и уютно. Удивительно, насколько приятно было смотреть на малыша, играющего на кухне!"
товары для детей,"Одежда мягкая, не вызывает аллергии, малыш очень любит."
товары для детей,"Детская мебель — табуретка из гипсокартона, цвет соответствует фото. Сиденье не скользит, ручки легко снимаются. Упаковка была защищена пленкой."
товары для детей,"Игрушка для малыша — просто волшебство! Ребёнок уже целый день не отпускает, улыбается и кричит: «Это мой любимый снеговик!» Спасибо за радость!"
товары для детей,"Игрушка для малышей (плюшевый кот) — отличный выбор! Упаковка прозрачная, видно, что внутри мягкий материал. Цвет — оранжевый, как на картинке. Размер — 20 см, подходит для детей 1-3 лет. Доставка — за 3 дня, всё в порядке."
товары для детей,"Детская мебель — полная неудовлетворенность. Стульчик съехал с места после первого использования, ножки не стабильны, дно скрипит. Размеры указаны не точно — думал, что подойдёт для 3-летнего, а на деле слишком мал для ребёнка, сидит неправильно."
товары для детей,"Детская одежда (пижама) пришла вовремя — 5 дней. Упаковка герметичная, нет запаха. Цвет — фиолетовый, но немного светлее, чем на фото. Размер — 36-38, подошёл для ребёнка 3 лет. Ткань мягкая, не вызывает раздражения, малыш любит носить."
товары для детей,"Колыбель пришла с повреждением шнура и не закрепляется на стене. В описании сказано, что устойчива к вибрациям, но в реальности — при каждом движении дрожит. Доставка прошла с задержкой на 4 дня. Покупка оказалась неудовлетворительной."
товары для детей,"Коляска удобная, хорошо удерживает ребенка на заднем сиденье."
товары для детей,"Детская мебель поставлена в оригинальной упаковке, все элементы соответствуют описанию. Детали из прочного пластика, без дефектов на поверхности."
товары для детей,"Детская мебель (шкаф для одежды) пришла с небольшой задержкой — 7 дней. Упаковка была в коробке с прозрачным покрытием, цвет — светло-коричневый, как указано в описании. Размер — 60x40x100 см, подходит для детской комнаты площадью 10 м²."
товары для детей,"Игрушка для малышей — просто волшебство! Ребёнок каждый день смотрит на неё, хватает, кричит от радости. У нас теперь в детской полно света, смеха и улыбок. Очень рада, что выбирала этот товар!"
товары для детей,"Игрушка качественная, ребёнок играет каждый день."
товары для детей,"Детская мебель — стул из дерева, как указано в описании. Цвет соответствует фото, покрытие не скользит. Упаковка без повреждений, доставка была быстрее, чем ожидалось."
товары для детей,"Игрушка для малышей (кушетка-машинка) — отличная, но упаковка из бумаги была слишком тонкой и ломалась при перевозке. Цвет — оранжевый, как на фото, размер 20x15 см — подходит для крохи. Срок доставки — 5 дней, всё в порядке, но упаковка могла быть прочнее."
товары для детей,"Коляска пришла через 4 дня, упаковка была надёжной, коробка из плотного картона, цвет — серый с белыми элементами, как на фото. Размер подходит для города и парков, детская мебель — удобная, но немного тяжеловата для переноски."
товары для детей,"Детская мебель — стол и стул, как указано в описании, подходят по размеру. Материал из дерева натуральный, без запаха, упаковка в коробке с защитными вставками."
товары для детей,"Автокресло пришло быстро, без дефектов, всё как на фото. После первой поездки ребёнок спокойно сидел, не плачут, даже просил садиться снова. Спасибо за такой качественный продукт!"
товары для детей,"Коляска пришла в срок — через 4 дня после заказа. Упаковка была надёжной, нет повреждений. Цвет — серый, как на фото, размер средний — подходит для детей до 12 кг. Ребёнок с первого дня в восторге от мобильности и удобства."
товары для детей,"Игрушка для малышей — мягкая, с цветами, упакована в экологичную пленку. Цвет — ярко-жёлтый, размер — 15 см в высоту. Доставка заняла 5 дней, всё в порядке, ребёнок с первого взгляда влюбился."
товары для детей,"Игрушка из пластика, но очень качественная — не ломается, не разрушается даже после многочисленных игр. Малыш каждый день к ней идёт, кричит: «Смотри, это мой дедушка!» — мы просто счастливы!"
товары для детей,"Игрушка в упаковке без складок, детали в порядке. Материал не стирается, как ожидается, шарик вращается плавно, не ломается при падении."
товары для детей,"Автокресло пришло с неправильным регулированием — нельзя поставить в положение «горизонтальное» для сна. Механизм не срабатывает, а по инструкции сказано, что это стандартная функция. Проверял по видео — не соответствует описанию. Качество — как у игрушек из супермаркета."
товары для детей,"Детская одежда — превосходно! Ткань мягкая, не садится, не шуршит. Девочка в восторге, каждый день надевает с удовольствием. Очень доволен качеством и стилем!"
товары для детей,"Одежда для малыша — не подошла по размеру. Повсюду мелкие разрезы, ткань быстро теряет форму, а в районе шеи — узкая, как у плаща. Ребёнок сразу схватил за шею и не хотел носить. Купил по рекомендации, а получилось — как у шторы, с дырками."
товары для детей,"Новая детская мебель — настоящий шедевр! Дети уже не смотрят на кровать с сомнением — всё очень безопасно, мягко и красиво. У нас теперь уютная детская, где каждый день начинается с улыбки!"
товары для детей,"Автокресло качественное, прошло тестирование, безопасно."
товары для детей,"Одежда для ребёнка — ткань приятная на ощупь, цвет соответствует фотографии. Доставка прошла без задержек, упаковка в полиэтиленовой пленке, не повреждена."
товары для детей,"Одежда для ребёнка — слишком тонкая и неудобная. При первом контакте с воздухом в комнате сразу пропускает влагу, ребенок выглядел как будто у него «сухие» носки. Размер 12-14 месяцев не подошёл — оказался слишком маленьким, не влезает в ноги."
товары для детей,"Игрушка (машинка с музыкальным элементом) — не работает, ни один звук не выходит. Внутри обнаружили неработающий аккумулятор. Доставка была заведомо поздной — пришло через 12 дней. Продавец не отвечал на обращение. Качество — под сомнением."
товары для детей,"Детская одежда (штаны) пришла вовремя — за 6 дней. Упаковка в полиэтиленовой пленке, цвет — фиолетовый, размер — 12 месяцев. Немного не тот размер, чуть длиннее, чем указано, но по факту подошёл для малыша"
товары для детей,"Детская мебель (кроватка) пришла с небольшой задержкой — 7 дней. Упаковка была плотной, нет пыли. Цвет — бежевый, как указано в описании. Размер — 120x60 см, подходит для детской комнаты площадью 10 м². Стабильная, не скрипит, малыш спит спокойно."
товары для детей,"Мебель из натурального дерева, стильная и долговечная."
товары для детей,"Коляска пришла с серьёзными дефектами: одна из передних опор сломана, а ручка не закрывается. За такие деньги не ожидал такой брак — не подойдёт для ежедневного использования, особенно на неровной дороге."
товары для детей,"Автокресло пришло в целости и сохранности, упаковка была тщательно упакована, цвет — белый с розовым узором. Размер — 10-15 кг, как указано. Доставка заняла 7 дней, но всё было в сроке, без задержек."
товары для детей,"Коляска пришла в срок, упаковка плотная, детали собраны аккуратно. Регулировка спинки работает плавно, сиденье удобно для новорождённого."
товары для детей,"Игрушка для 2 лет — не привлекает внимание, не реагирует на звуки, мотор не работает. Несколько раз пыталась включить — только выключается. Доставка была отменена по причине несвоевременного уведомления. Размеры не соответствуют описанию: вместо 25 см — 30 см, и она не вписывается в детскую комнату."
товары для детей,"Одежда для ребёнка (рубашка) — размер не соответствует! Пришёл на 10 лет, а ребёнок только 2 года. Ткань тонкая и быстро выцветает под солнцем. После одного дня на улице — уже появился запах и пятна. Слишком дешёвое решение для детской одежды."
товары для детей,"Игрушка для 2-летнего ребёнка — мягкая, с цветными деталями. Упаковка прозрачная, внутри — чисто, без пыли. Цвет — розовый с голубыми узорами, размер — 18 см в высоту. Пришла за 3 дня, всё в порядке, ребёнок с увлечением играет."
товары для детей,"Автокресло пришло с неправильным регулированием — невозможно установить в положение для сна. Закрытие ремней не работает, а в инструкции сказано, что оно должно быть безопасным. Ставлю 1 звезду: не рекомендую даже для детей 1 года."
товары для детей,"Игрушка с роботом-помощником — в восторге от неё! Ребёнок каждый день просыпается с улыбкой, говорит, что он «друг» и помогает ему учиться. Мама тоже рада, что всё работает!"
товары для детей,"Мебель из дерева, не скрипит, отлично подходит для детской."
товары для детей,"Коляска пришла с серьезными дефектами: одна из опор резко изогнулась, а ручка не скользит по руке. Проверял в магазине — не вижу такой модели. По отзывам думал, что качественная, а получилось, что это китайский подделок. Надо срочно отменить заказ."
товары для детей,"Коляска пришла в срок — через 4 дня после заказа. Упаковка была надёжной, без повреждений. Цвет — серо-бежевый, как на фото, размер — для детей до 12 кг. Все детали качественные, удобно складывать, ребёнок уже с удовольствием садится в неё."
товары для детей,"Коляска удобная, легко складывается, детям понравилось."
товары для детей,"Коляска пришла с серьезными дефектами — одна из опор резко изогнулась, после первой поездки на улице она не удерживала ровную позицию. Стоит дорого, а качество — на уровне бюджетного товара, не выдерживает нагрузки."
товары для детей,"Одежда мягкая, не вызывает аллергии, ребенок носит каждый день."
товары для детей,"Детская мебель (шкаф для одежды) пришла с небольшой задержкой — 7 дней. Упаковка была в коробке из плотного картона, цвет — бежевый, как указано в описании. Размер 60x40 см — идеально подходит для детской комнаты."
товары для детей,"Игрушка для малышей — волшебная! Малыш смотрит на неё часами, не отрывается. Всё сделано из безопасных материалов, никакого запаха — только радость!"
товары для детей,"Коляска пришла через 4 дня, упаковка надежная, без повреждений. Цвет — серый, как на фото, размер соответствует возрасту малыша (от 0 до 1 года). Удобная, хорошо справляется с дорогой, детали легко чистить."
товары для детей,"Игрушка для малышей — мягкая, с безопасными элементами. В комплекте есть инструкция, детали не вылезают. Упаковка в пластике, но не слишком жесткая."
товары для детей,"Коляска пришла с серьёзными дефектами: одна из колёс не вращается, а на переднем стояке — трещина в металлическом каркасе. За такие деньги не ожидал такого качества. Доставка была задержана на 5 дней, а возврат оформить невозможно — не прошло 14 дней."
товары для детей,"Детская мебель (шкаф для одежды) пришла вовремя — 5 дней после заказа. Упаковка из коробки с визуальной разметкой, цвет — бежевый, как в описании. Размер 60x40x100 см — подходит для детской комнаты площадью 10 м². Никаких дефектов, всё чисто и аккуратно."
товары для детей,"Детская мебель (кровать) пришла с небольшой задержкой — через 7 дней. Упаковка была плотной, без сколов. Цвет — светло-зелёный, как указано в описании, размер — 150x80 см, подходит для детской комнаты площадью 10 м². Надёжная, но немного тяжеловата для перемещения."
товары для детей,"Игрушка качественная, ребёнок каждый день играет с ней."
товары для детей,"Новая детская мебель — настоящий шедевр! Дети с радостью сидят на диване, всё очень безопасно и красиво. У нас теперь спокойная и уютная атмосфера в детской — просто волшебство!"
товары для детей,"Товары для ухода (масло для кожи) — упаковка из перфорированной пленки, не проникает влагой. Цвет — прозрачный с зелёным оттенком, как указано. Размер — 100 мл, подходит для малышей от 6 месяцев. Доставка была через 5 дней, всё в порядке."
товары для детей,"Игрушка для детей 3-5 лет — пластика разбивается при первом контакте с твёрдым объектом. В упаковке — трещины, а в описании написано, что «высокая прочность». Доставка прошла с задержкой на 7 дней, а возврат невозможен — не указано, что товар не подходит по возрасту."
товары для детей,"Игрушка (пазл) не вписывается в возрастную категорию: слишком сложная для 3-летнего ребёнка, а в описании написано «для детей 2-4 лет». Кроме того, в комплекте не было деталей, которые упоминались в описании. Качество — бедное, пазлы трескаются при сжатии."
товары для детей,"Одежда для малыша — вязаный свитер, цвет близок к описанию. Ткань приятная на ощупь, не шуршит, упаковка с ленточным креплением, не сломалась при транспортировке."
товары для детей,"Автокресло — фиксация на уровне, сиденье не скользит. Всё как указано в описании, упаковка чистая, без следов влаги. Доставка прошла без замечаний."
товары для детей,"Коляска пришла вовремя, очень прочная и комфортная! Дети с первого дня улыбаются, когда садятся в неё — спокойно и без страха. Удобные ручки, хорошее сиденье, не скользит. Всё на высшем уровне, посоветовала другим родителям!"
товары для детей,"Автокресло доставили быстро, упаковано аккуратно, регулировка высоты сиденья работает плавно, есть инструкция на русском."
товары для детей,"Коляска пришла в срок, очень удобная и надёжная! Дети с удовольствием садятся в неё, даже на улице не боится дождя — спасибо за качественный товар!"
товары для детей,"Автокресло превзошло все ожидания! Очень безопасно, удобно для сидения, и ребёнок даже не заметил, что сидит — всё спокойно, без напряжения. Родители теперь спят спокойнее!"
товары для детей,"Автокресло пришло с неисправной системой подогрева, а также не влезает в багажник — не хватает места для погрузки. Дети не могут садиться, потому что регулировка не работает, и это очень опасно."
товары для детей,"Одежда пришла без пятен, цвет соответствует фотографии. Ткань мягкая, не скользит на теле ребёнка, в комплекте — 2 вещи, как указано."
товары для детей,"Детская одежда пришла быстро и без дефектов! Ткань очень мягкая, не стирается и не раздражает кожу. Малыш уже носит её каждый день — он в восторге от нового наряда!"
товары для детей,"Одежда для малыша — идеально подошла! Ткань мягкая, не мнётся, не вызывает аллергии. Мама в восторге — ребёнок каждый день носит её, и даже на прогулках смеётся от комфорта!"
товары для детей,"Коляска пришла с серьезными дефектами — одна из колес не вращается, а стойка изогнута. Заказывал для новорожденного, а на деле — только для младенцев с очень слабым телом. Доставка была в два раза дольше, чем указано в описании. Не рекомендую."
товары для детей,"Автокресло упаковано в защитную пленку, все компоненты в комплекте. Регулировка высоты сиденья выполнена точно, как указано в описании."
товары для детей,"Автокресло пришло с небольшой задержкой — 6 дней. Упаковка была аккуратной, без повреждений. Цвет — чёрный, как указано. Размер — для детей от 9 месяцев до 12 кг. Все элементы собраны правильно, регулировка сиденья работает без усилий. Ребёнок в нём спокоен."
товары для детей,"Коляска пришла с серьезными дефектами: ручка отсутствует, а подножка сломана. Заказывал в интернете по лучшей цене, а получила — бракованная модель. Доставка была вовремя, но товар не соответствует описанию, особенно в части прочности и безопасности."
товары для детей,"Игрушка из лёгкого пластика, без запаха, ребёнок каждый день просит играть. Очень умная и мультифункциональная — он учится двигаться и разговаривать с ней. Счастье налицо!"
товары для детей,"Автокресло надёжное, прошло тестирование, легко устанавливается."
товары для детей,"Новая детская кроватка — настоящий шедевр! Сделана из натуральных материалов, очень мягкая, ребёнок спит спокойно, никаких прыжков и борьбы с кроваткой. Теперь у нас в доме полно света и уюта!"
товары для детей,"Игрушка пришла в хорошем состоянии, цвет соответствует фото. Упаковка не проникает влагой, что важно для ухода за ней."
товары для детей,"Игрушка для детей (мягкая плюшевая кошка) — отличный выбор! Упаковка прозрачная, видно, что внутри всё чистое. Цвет — оранжевый, как на картинке, размер — 20 см, ребёнок с удовольствием играет."
товары для детей,"Коляска пришла в срок, упаковка надежная, детали собраны правильно, сиденье регулируется по высоте и уголку, все как указано в описании."
товары для детей,"Детская мебель (диван для малышей) — не выдерживает веса, после одного использования выдавила спинку. Размеры указаны неверно: заказывала для ребёнка 1,5 года, а получила модель для детей от 3 лет. Нет никакой устойчивости, при сидении ребёнка он проваливается."
товары для детей,"Детская одежда качественная, не мнётся, подошла по размеру."
товары для детей,"Одежда для малыша — трикотаж, ткань мягкая, не вызывает раздражения. Размер соответствует, как указано в описании. Упаковка в коробке с внутренними вкладышами."
товары для детей,"Автокресло пришло с опозданием — через 10 дней. Упаковка была в коробке из плотного картона, всё целое. Цвет — белый, размер 12-36 месяцев — подходит по возрасту. Срок доставки был указан как 5 дней, но уточнили в службе поддержки — задержка из-за перегруженности логистики."
товары для детей,"Коляска пришла с серьёзными дефектами — одна из колёс не вращается, а в салоне не выдерживает нагрузки. Покупала по рекомендации, а теперь везде плачу, так как не может ехать по неровной дороге. Доставка была вовремя, но качество — полное разочарование."
товары для детей,"Мебель для детской (шкаф) пришла с запозданием — 12 дней, упаковка плотная, цвет — светло-зелёный, как указано. Размер 60x40 см, подходит под диван, но стоял не устойчиво из-за небольшой ножки."
товары для детей,"Детская мебель (диван-кровать) не соответствует описанию: размеры на 15 см меньше, чем указано, и подушка упала с края сразу после установки. Структура непрочная, дырки в тканях — явно не прошел контроль качества."
товары для детей,"Коляска удобная, хорошо держит ребенка, легко складывается."
товары для детей,"Детская одежда идеально подошла по размеру и ткани — малыша очень тепло, не скользит и не портится. Спасибо за качественный и приятный выбор!"
товары для детей,"Игрушка для малышей — плюшевая зверушка — пришла вовремя (через 3 дня). Упаковка прозрачная, внутри было всё чисто и аккуратно. Цвет — оранжевый, как указано в описании, размер — 20 см. Ребёнок не отказался от неё, даже смотрит на неё каждый день."
товары для детей,"Автокресло пришло с трещинами на панели и не вращается в нужной стороне — по инструкции должно быть удобно, но на деле не справляется с поворотами. Размер указан как «для детей от 1 года», но на деле не подходит для малыша весом 10 кг. Проблема с функцией — критичная."
товары для детей,"Коляска пришла вовремя, очень удобная и стильная! Дети любят сидеть в ней, и она отлично справляется с любыми погодными условиями. Уже стала незаменимой в поездках — спасибо за качественный продукт!"
товары для детей,"Коляска пришла через 4 дня, упаковка надежная, цвет — серый с бежевыми акцентами, как на фото. Размер подходит для города и парков, все детали качественные, ребенок сидит комфортно."
товары для детей,"Автокресло прошло тестирование на устойчивость, регулировка спинки и головного упора работает плавно, упаковка в коробке с ручкой, удобна для транспортировки."
товары для детей,"Автокресло прочное, прошло тестирование, безопасно."
товары для детей,"Товары для ухода за детьми (мыло и гель) — плохой запах, не справляются с жиром. После 2 дней использования появился резкий запах, как из стиральной машины. Упаковка не герметичная, продукт быстро высыхает. Надо было выбирать другие бренды — это не подходит для чувствительной кожи малыша."
товары для детей,"Одежда качественная, не мнется, хорошо подходит на прогулку."
товары для детей,"Автокресло — просто чудо! Безопасно, удобно, легко регулируется. Малыш спокоен в машине, не плачет, а наоборот, смеётся. Очень доволен покупкой!"
товары для детей,"Детская одежда пришла без дефектов, очень мягкая и приятная к телу. Мама не может не улыбаться — ребёнок уже в восторге от нового платья!"
товары для детей,"Игрушка выполнена из безопасных материалов, не имеет острых кромок, цвет соответствует фото, в комплекте есть инструкция по игре."
товары для детей,"Детская мебель (диван-кровать) пришла с небольшой задержкой — через 8 дней. Упаковка была плотной, детали в порядке. Цвет — бежевый, как указано в описании, размер 120x80 см — идеально подходит для детской комнаты. Удобная, но немного тяжеловата при сборке."
товары для детей,"Детская одежда (пижама) пришла вовремя, упаковка из коробки с мягкой фольгой, цвет — фиолетовый, как указано в описании. Размер 36-38, подошел, ткань приятная, не шелушится."
товары для детей,"Игрушка упакована в коробку с защитным материалом, детали собраны правильно, вес умеренный, как указано в описании."
товары для детей,"Новая детская кроватка — настоящий шедевр! Ребёнок уже спит спокойно, без боязни падений. Доступная цена, красивый дизайн, очень удобная конструкция. Удивлена, как всё сидит на месте — спасибо за качественный продукт!"
товары для детей,"Товары для ухода за детьми (мыло и гель) пришли с небольшой задержкой — через 7 дней. Упаковка из толстой пластика, цвет — бежевый, как в описании. Размер упаковки — 100 мл, как указано. Мыло приятного аромата, не раздражает кожу, детям понравилось."
товары для детей,"Игрушка из пластика, без запаха, ребёнок играет каждый день."
товары для детей,"Коляска пришла в срок, упаковка плотная, детали собраны правильно. Ручка удобная, сиденье хорошо фиксируется, подходит для городской эксплуатации."
товары для детей,"Автокресло пришло с огромным восторгом — ребёнок сразу в него влез, а я в восторге от удобства и безопасности. Очень хорошо сидит, легко регулируется, даже на ходу не скользит. Теперь я спокойна, когда езжу с детьми — всё в порядке!"
товары для детей,"Детская мебель (диван-кровать) пришла с небольшой задержкой — 7 дней. Упаковка была хорошо защищена, цвет — бежевый, как указано в описании. Размер 140x80 см, подходит для детской комнаты площадью 15 кв. м."
товары для детей,"Детская мебель изготавливается из натуральной древесины, поверхность гладкая, без дефектов, упаковка плотная, не проливалась вода при транспортировке."
товары для детей,"Игрушка для малышей (кушетка-игрушка) — очень крутая, упаковка из экологичного материала, цвет — фиолетовый, размер 20 см. Ребёнок с первого взгляда влюбился. Доставка — 5 дней, как и обещали."
товары для детей,"Коляска пришла вовремя — через 4 дня после заказа. Упаковка была надёжной, нет потертостей. Цвет — светло-серый, как на фото. Размер подходит для детей от 1 года, удобная регулировка сиденья. Ребёнок смотрит на неё с интересом, всё работает стабильно."
товары для детей,"Игрушка для малышей (шарик с музыкой) — цвета яркие, как в фото: розовый и голубой. Упаковка пластиковая, но не слишком тяжелая. Размер 10 см — подойдёт для детей до 2 лет. Доставка была в срок — 4 дня. Ребёнок с удовольствием играет."
товары для детей,"Автокресло не прошло тестирование на безопасность: при торможении детская часть смещалась на 4 см. Руководство по установке не соответствует реальным условиям, а в поставке не было ни одного крепления, которые нужно было бы использовать. Надо было смотреть на реальные отзывы перед покупкой."
товары для детей,"Детская одежда (рубашка) пришла через 7 дней. Упаковка — полипласт, цвет — голубой, как указано в описании. Размер — 12 месяцев, немного больше, чем ожидаемый, но подошла. Ткань мягкая, не раздражает кожу, хорошо держит форму."
товары для детей,"Коляска удобная, хорошо удерживает ребенка, отлично справляется с ровной и неровной дорогой."
товары для детей,"Коляска пришла вовремя, упаковка плотная, детали собраны правильно. Ручки удобные, колеса легко вращаются, материал смотрится прочным."
товары для детей,"Масло для ухода за кожей — хорошо снимает сухость, ребёнок не жалуется."
товары для детей,"Одежда тёплая, хорошо сидит, ребенок не скучает."
товары для детей,"Одежда для малышей — слишком тонкая, не выдерживает даже легкого дождя. Светло-жёлтый цвет быстро теряется под солнцем. Размеры указаны с ошибкой — заказывала 10 месяцев, а получила 12 месяцев. Дети не носят, так как мешает влажность и неудобно сидеть в ней."
товары для детей,"Игрушка из мягкого материала, ребёнок не скучает, играет каждый день."
товары для детей,"Автокресло — идеальный выбор! Безопасное, удобное и очень красиво. Проверили по всем критериям — всё отлично. Дети теперь спокойно ездят, и мама чувствует себя уверенно."
товары для детей,"Детская одежда (сапоги) пришла с небольшой задержкой — 6 дней. Упаковка из тонкой полиэтиленовой пленки, цвет — коричневый, как указано в описании. Размер — 32, подходит для ребёнка 3 лет. Ткань мягкая, не вызывает раздражения, ребёнок любит."
товары для детей,"Автокресло с функцией подъёма пришло в упаковке с наклейками, цвет — чёрный с белыми элементами, размер — 12-18 кг, как указано. Доставка заняла 4 дня, упаковка защитила детали от повреждений. Ребёнок доволен, кресло удобно и безопасно."
товары для детей,"Автокресло пришло с упаковкой из экологичного пластика, цвет — бежевый, как на фото. Размер — для детей от 9 месяцев до 18 кг, всё соответствует. Доставка заняла 5 дней, но в целом всё понравилось — надёжно и безопасно."
товары для детей,"Детская кроватка не соответствует описанию: длина на 10 см меньше, чем указано, и подъемные ножки не фиксируются. Ребёнок не может спать в ней, так как она постоянно дрожит при малейшем движении."
товары для детей,"Одежда для ребёнка (майка) пришла с небольшим отклонением по цвету — немного тёмнее, чем на фото. Упаковка — пластиковая, но не проникает влаги. Размер S, как и указывали, подошёл, только немного тонкая ткань, но для летнего сезона норм."
товары для детей,"Новая детская мебель — настоящий шедевр! Столик с мягкими ножками, очень стабилен, не скользит, и ребёнок уже каждый день сидит за ним, учится писать и рисовать — теперь всё в порядке!"
товары для детей,"Одежда приятного материала, не вызывает аллергии, дочь очень довольна."
товары для детей,"Одежда для ребёнка (пальто) — слишком маленькое по размеру, не помещается в рост 80 см. Ткань быстро выгорает на солнце, а крой — неудобный, обтягивает. Доставка была отменена из-за ошибки в адресе, и пришлось платить за пересылку."
товары для детей,"Игрушка пришла без запаха, ребёнок в восторге — каждый день просит играть! Удобная, безопасная и очень разнообразная — теперь у нас полноценная игровая зона."
товары для детей,"Коляска пришла вовремя, очень удобная и стильная! Дети с удовольствием садятся на неё, даже в самый жаркий день — всё чисто, легко складывается и не скрипит. Супер удовлетворён покупкой!"
товары для детей,"Одежда для ребёнка — фланелевое пальто, пришло в срок (5 дней), упаковка в пакете с защитным слоем, цвет — тёмно-серый, как на фото. Размер — 120/140, немного больше, чем указано, но хорошо сидит. Удобно, что упаковка не разорвалась."
товары для детей,"Игрушка для малышей — мягкая, с рисунками, упаковка из биоразлагаемого пластика. Цвет — оранжево-жёлтый, как на фото. Размер — 20 см, подойдёт для детей от 1 года. Запаха нет, ребёнок играет с ней каждый день."
товары для детей,"Игрушка из пластика, без запаха, детали качественные. Упаковка в коробке с защитным слоем, не повреждена при доставке."
товары для детей,"Одежда для ребёнка — ткань приятная, не стягивает. Размер соответствует, как указано в описании. Доставка была вовремя, упаковка упакована в пакет с защитой от пыли."
товары для детей,"Детская одежда (куртка) пришла в срок — через 5 дней. Упаковка была в коробке с логотипом, цвет — фиолетовый, как указано в описании. Размер — S, подошёл для ребёнка 3 лет. Ткань мягкая, не шуршит, не теряет форму, ребёнок носит каждый день."
товары для детей,"Детская кроватка с мягким подушечным покрытием — настоящий шедевр! Ребёнок спит спокойно, никаких прыганий и бурлений. Мама счастлива, что нашла такую безопасную и красивую мебель!"
товары для детей,"Товар для ухода за детьми (мыльный гель) — упаковка из экологичного пластика, цвет — фиолетовый, размер 200 мл. Пришёл за 5 дней. Вкус приятный, не оставляет следов на коже, но на упаковке непонятный шрифт — сложно прочитать."
товары для детей,"Автокресло прошло проверку, безопасно и легко устанавливается."
товары для детей,"Одежда тёплая, не пахнет, подошла по размеру."
товары для детей,"Детская мебель доставили в срок, коробка закрыта хорошо, пластика не подвергается деформации при нагрузке. Стол устойчивый, стабильный на полу."
товары для детей,"Детская мебель — диван с подушками, как указано в описании. Размеры соответствуют, подушки не вылезают, упаковка без повреждений, доставка — через 3 дня."
товары для детей,"Игрушка из пластика, не имеет резких углов, упаковка — в коробке с внутренними вкладками. Вес умеренный, детали не сдвигаются при игре."
товары для детей,"Новая детская кроватка — настоящий шедевр! Ребёнок уже спит спокойно, без боязни, подушка и матрас идеально подходят. Спасибо за качественный продукт!"
товары для детей,"Коляска удобная, хорошо сидит на дороге, защищает от вибраций."
товары для детей,"Мебель из твёрдого дерева, не скрипит, отлично подходит для детской комнаты."
товары для детей,"Коляска пришла с серьёзными дефектами — одна из передних опор ржавая, а ручка сломалась при первой попытке поднять. Доставка заняла 14 дней, хотя уведомления о сроке не приходили. Ребёнку не подошла по размеру — слишком тяжелая и неудобная для движения по улице."
товары для детей,"Одежда для ребёнка пришла быстро и в идеальном состоянии! Ткань мягкая, не стесняет движения, а ещё — очень красиво сидит. Дети в восторге, мы уже заказали ещё!"
товары для детей,"Коляска пришла вовремя, очень удобная и стильная! Дети любят садиться на неё, она отлично справляется с дорогой и везде удерживает малыша. Спасибо за качественный товар!"
товары для детей,"Одежда для ребёнка — размер 12 месяцев, ткань приятная на ощупь, не стирается. Упаковка с небольшим складом, но без повреждений."
товары для детей,"Мебель из дерева, стильная, ребёнок любит играть"
товары для детей,"Игрушка для 2-х лет — красная, с розовыми деталями, упаковка из картонной коробки с прозрачным плашком, всё как на фото. Пришла через 5 дней, ребенок в восторге, только немного не хватает звука в работе."
товары для детей,"Игрушка — с плохим качеством, на ней есть трещины и разрывы на шнурках. После 2-х дней игры она начала падать с пола. Стоит дороже, чем аналоги на AliExpress. Доставка заняла 14 дней — это не соответствует заявленным 3 дням."
товары для детей,"Одежда для малыша — не соответствует описанию по размеру. Покупал на 14 месяцев, а ребенок в ней не влезает. Ткань тонкая, быстро теряет форму, после 2 смен — появился запах. Качество не соответствует цене, особенно для детской одежды."
товары для детей,"Автокресло прошло тестирование, безопасно и легко устанавливается."
товары для детей,"Одежда для ребёнка пришла в срок, ткань очень мягкая и приятная к телу. Девочка носит её каждый день — любит и не скучает, даже на прогулках смотрит в неё с удовольствием!"
товары для детей,"Одежда для ребёнка — просто шедевр! Ткань мягкая, не шуршит, даже в холодильнике не теряет форму. Дочка в восторге, говорит, что это как будто она в сказке. Всё подошло по размеру, не перегревается, и в ней чувствуешь себя уверенно!"
товары для детей,"Коляска пришла вовремя, упаковка герметичная, детали собраны аккуратно. Регулировка высоты сидения работает плавно, материал сидений не скользит при движении."
товары для детей,"Детская мебель (кровать) пришла с небольшой задержкой — 7 дней. Упаковка из картонной коробки, цвет — бежевый, как указано в описании. Размер 120x70 см, подходит для детской комнаты площадью 10 м². Удобная, но немного тяжеловата при перемещении."
товары для детей,"Одежда для ребёнка пришла с небольшой разницей в размере — немного длиннее, чем указано. Ткань мягкая, не шуршит при движении."
товары для детей,"Автокресло превзошло все ожидания! Удобно, безопасно, легко устанавливается. После первой поездки ребёнок спокойно сидел, мама — в восторге!"
товары для детей,"Детская мебель — диван для малышей, пришла в срок (3 дня), упаковка плотная, цвет — бежевый, как указано. Размер — 120x70 см, немного меньше, чем в описании, но всё же подходит. Уход за ней прост, только нужно регулярно протирать."
товары для детей,"Детская одежда (шорты для мальчиков 3-4 лет) пришла вовремя — 5 дней. Упаковка была в пакетах с защитными вкладышами, цвет — красный, как на фото. Размер 32, но немного узкий, может быть лучше подойдёт для более крупных детей."
товары для детей,"Коляска пришла вовремя, очень красивая и удобная! Дети уже с утра садятся на неё, мама чувствует себя как в кресле — спокойно и комфортно. Ребёнок в восторге от того, как легко катится и как светится в солнце!"
товары для детей,"Детская мебель (диван для дошкольника) — слишком маленькая по размеру, не вписывается в детскую комнату. Детали скреплены плохо, на краях есть трещины. Стойка резко наклоняется при сидении ребёнка — опасно. Не подходит по назначению."
товары для детей,"Товар для ухода за детьми (мыло для рук) — упаковка из экологичной пленки, цвет — зелёный, как указано. Размер упаковки — 100 мл, достаточно на 3 недели. Доставка — за 5 дней. Никакого химического запаха, дети не раздражаются."
товары для детей,"Детская мебель качественная, не скрипит, хорошо подходит для маленьких детей."
товары для детей,"Одежда для малыша — слишком тонкая и быстро выцветает. В уходе — неудобно: не подходит для мытья в машинке, а после одного мытья ткань стала растрескиваться. Надо было выбирать более качественный вариант."
товары для детей,"Коляска пришла вовремя, очень красивая и удобная! Дети с удовольствием сидят в ней, даже в тёплый день — всё чисто, легко складывается, и в ней не скучно, ребёнок каждый день просит садиться в неё!"
товары для детей,"Коляска пришла с серьёзными дефектами: одна из опор резко прогибается, а ручка не закрепляется. Проверил на сайте — заявлено, что устойчива к нагрузкам, но в реальности — не выдерживает даже небольшой нагрузки. Доставка была вовремя, но качество — полный провал."
товары для детей,"Одежда для ребёнка (шорты) — не тот размер, слишком длинные, не сидят на бедрах. Ткань тонкая, быстро теряет форму, даже после одного мытья. После первой стирки пропали вставки — явный брак. Очень разочарована, не рекомендую."
товары для детей,"Детская мебель (диван-кровать) пришла вовремя — за 5 дней. Упаковка была в коробке с защитным слоем, цвет — бежевый, как указано в описании. Размер 120x80 см — подходит для детской комнаты, но немного узка, чем ожидаемо."
товары для детей,"Коляска пришла вовремя, очень удобная и стабильная! Дети теперь с удовольствием ходят на прогулки, не боится ветра и скользит — просто идеально для нашей семьи!"
товары для детей,"Коляска пришла вовремя, очень удобная и красивая! Дети счастливы ездить на ней — устойчивая, мягкая, легко складывается. Родители с ума сдались от удовольствия!"
товары для детей,"Автокресло не соответствует описанию — не удерживает ребёнка в положении, при движении вибрирует. Заказывала на 10 месяцев, а в инструкции указано, что подходит только для детей до 12 месяцев. Качество материалов очень низкое — ткань легко выцветает и портится при контакте с водой."
товары для детей,"Автокресло пришло в полном виде, все элементы присутствуют. Упаковка упакована в пленку, без повреждений, инструкция в комплекте."
товары для детей,"Автокресло поставляется с полным набором элементов, включая подголовник и ремни. Упаковка не повредилась, все компоненты в порядке."
товары для детей,"Автокресло пришло в идеальном виде — без дефектов, как на фото. Дети уже с радостью садятся в машину, мама спокойна, всё на месте, безопасно и удобно. Спасибо за качество!"
товары для детей,"Новая детская мебель — настоящая находка! Детская кроватка выглядит очень красиво, мягкая подушка и удобная высота. Мама в восторге, ребёнок уже спит спокойно и без стресса."
товары для детей,"Одежда для ребёнка 2 лет — слишком маленькая, не хватает на руки. Ткань шелушится, особенно после мытья. После 2 дней использования появился неприятный запах. Не соответствует описанию, и не подходит для ежедневного ношения."
товары для детей,"Автокресло прочное, легко регулируется, безопасно."
товары для детей,"Коляска пришла в срок — через 4 дня после заказа. Упаковка была надёжной, нет никаких повреждений. Цвет — светло-серый, как на фото, размер подходит для детей до 15 кг. Всё работает стабильно, ребёнок счастлив, что теперь можно кататься в парк без переживаний."
товары для детей,"Коляска пришла вовремя, всё очень красиво и качественно! Дети с радостью садятся на неё, она удобная, легко управляемая и отлично справляется с дорогами — теперь мы ездим с ребёнком с удовольствием!"
товары для детей,"Коляска удобная, легко складывается, отлично подходит для городских поездок."
товары для детей,"Автокресло пришло вовремя — за 6 дней. Упаковка из картонной коробки с защитными пленками, цвет — чёрный, размер — 12-36 кг. Всё собрано по инструкции, детали не смещены. Отличное качество, за такие деньги — очень достойно."
товары для детей,"Новая детская кроватка — настоящий шедевр! Ребёнок уже спит на ней спокойно, без боязни, а сама кроватка очень прочная и красиво выглядит. Спасибо за качественный товар!"
товары для детей,"Автокресло пришло в хорошем состоянии, все элементы в комплекте. Упаковка защищена от повреждений, инструкция вложена в папку, все детали легко собираются."
товары для детей,"Автокресло пришло с дефектом: ремни не садятся на тело ребенка, не удерживают. Проверил по инструкции — не сработало даже на тестовом ребенке. Качество ухудшается при использовании, особенно при наклонах. Ставлю 1 звезду — не рекомендую детям старше 1 года."
товары для детей,"Коляска пришла через 4 дня, упаковка плотная, без повреждений. Цвет — светло-серый, как на фото. Размер соответствует возрасту ребёнка 1 год, удобна для прогулок на улице."
товары для детей,"Автокресло пришло с повреждённым ремнём безопасности — он не закрепляется на штатной позиции. Странно, что в описании написано, что кресло соответствует возрасту 0-3 лет, а на деле — слишком маленькое для ребёнка 1 года. Качество — на уровне бюджетного товара, не стоит доверять."
товары для детей,"Коляска пришла вовремя, упаковка плотная, детали собраны правильно. Ручка удобная, сиденье хорошо подходит под ребёнка весом 10 кг."
товары для детей,"Игрушка для малышей — кукла с мехом, пришла в срок (2 дня). Упаковка из тканевого пакета, цвет — розовый, как на фото. Размер — 30 см, подходит для детей 1-3 лет. Мех не шевелится, но ребёнок играет с ней с удовольствием."
товары для детей,"Мебель из дерева, красиво смотрится, не скрипит."
товары для детей,"Коляска пришла через 3 дня, упаковка надежная, в коробке всё в порядке. Цвет — бежевый, как на фото, размер средний — подходит для ребёнка до 12 кг. Доставка была быстрее, чем ожидалось."
товары для детей,"Игрушка для малышей — качественная, детали вырезаны аккуратно. Упаковка не прорезалась, в комплекте есть инструкция на русском языке."
товары для детей,"Одежда для малыша — слишком маленькая, не хватает по длине на 5 см. Ткань шелушится, после нескольких стирок стала пропитанной влагой и появился неприятный запах. Не подходит для 1 года."
товары для детей,"Детская мебель (диван-кровать) пришла с небольшим смещением в цвете — на фото был светлый бежевый, а на деле — чуть тёмнее. Упаковка плотная, всё было в чистом виде. Размер — 150x80 см, подходит для детской комнаты площадью 12 кв. м. Установили быстро, всё на месте."
товары для детей,"Автокресло с неудовлетворительной фиксацией — при движении оно смещалось, даже на небольшой дороге. Проверил по инструкции — не собрал правильно, а продавец не помог. Доставка была в выходной, и не сопровождалась упаковкой с инструкцией."
товары для детей,"Одежда для ребёнка пришла в хорошем состоянии, цвет соответствует фото, материал приятный к телу, нет аллергии."
товары для детей,"Игрушка (машинка с музыкой) — не работает! Запускается только 2 раза, потом выключается. В упаковке была упаковка с неправильным кодом, не смогли вернуть. Доставка заняла 14 дней, хотя в описании написано — «в течение 3 дней». Никакой гарантии, качество — плачевное."
товары для детей,"Автокресло пришло быстро и без дефектов! Проверила — всё как на фото. Дети теперь спокойно едут в машине, не боятся, не плачут — это настоящий спасательный круг для родителей!"
товары для детей,"Купила мягкие носки для ребёнка — они как будто из тёплого тумбочка! Ребёнок каждый день носит их, говорит, что они «дышат», и не хочется снимать. Очень доволен покупкой!"
товары для детей,"Одежда для малыша — слишком тонкая, не держит форму даже при 20°C. Всё, что было в комплекте, — пыль, неприятный запах и узкие швы. Размер 36 не подошёл — слишком мал, а 40 — слишком велик, и не сидит по телу. Дети не любят, и не хочется покупать повторно."
товары для детей,"Автокресло — настоящий спасатель! Ребёнок спокойно сидит, не борется, даже в дороге не плачет. Удобная регулировка, безопасно, без скрипов. После покупки — счастливая семья, теперь мы с уверенностью ездим куда угодно!"
товары для детей,"Купила игрушки для малыша — все в восторге! Каждый день он смотрит на них, играет и улыбается. Никакого запаха, всё качественно сделано, по достоинству оценил!"
товары для детей,"Коляска пришла вовремя, очень удобная и стильная! Дети с радостью садятся в неё, она легко складывается и отлично держит малыша на всех видах дорог. Супер покупка!"
товары для детей,"Одежда пришла без складок, размер соответствует, ткань держит форму, упаковка в пластиковый пакет с защитным слоем, не повреждена."
товары для детей,"Детская одежда (шорты) пришла с небольшим перекосом — на фото были синие, а получили синие с зелёными пятнами. Упаковка была в пакете с застёгивающимися сторонами, удобно для хранения. Размер — 100/110, подошёл для ребёнка 2 лет. Доставка — 6 дней, всё как указано"
товары для детей,"Игрушка, которую заказывали как «многофункциональную», оказалась просто пустой пластиковой фигурой без движений. Внутри не было никаких элементов для развития, а вес — слишком большой для ребёнка. Не рекомендую."
товары для детей,"Мебель изготавливается из безопасных материалов, без острого края."
товары для детей,"Автокресло прошло проверку, безопасно, детям комфортно."
товары для детей,"Коляска пришла через 3 дня, упаковка плотная, без повреждений. Цвет — светло-серый, как на фото. Размер соответствует возрасту детей 6-12 месяцев, удобна для езды по городу. Ребёнок уже привык к ней."
товары для детей,"Игрушка не раздражает, ребёнок играет без перерывов."
товары для детей,"Детская мебель (шкаф) не соответствует описанию: двери не закрываются, стыки между частями мебели заметно расходятся. Материал — тонкий, легко царапается, не выдерживает даже пыли. Ребёнок сидит на ней, а я — в ужасе от дыр на полках."
товары для детей,"Коляска удобная, легко разгружается, детям понравилась."
товары для детей,"Автокресло не прошло тестирование на безопасность — при сильном торможении детали оторвались. Согласно инструкции, оно должно быть установлено на 3-й ступени, но в пакете не было ни одного винта. Продавец не отвечал на письмо о дефекте."
товары для детей,"Автокресло — чёрный цвет, упаковка из пластика с защитным чехлом, пришло через 7 дней. Размер для детей от 9 месяцев до 12 кг, всё соответствует описанию, ткань мягкая, не выцветает."
товары для детей,"Детская одежда (футболка) пришла с небольшим смещением цвета — на фото был оранжевый, а на деле — чуть коричневый. Упаковка из экологичного пакета, без запаха. Размер M, подходит для детей 3–5 лет. Доставка заняла 6 дней, всё в порядке."
товары для детей,"Игрушка качественная, ребёнок каждый день играет."
товары для детей,"Купила игрушку для малыша — он уже не может смотреть в другую сторону, только на неё! Очень милый дизайн, без запаха и безопасный материал. Мама в восторге!"
товары для детей,"Детская мебель (диван для малышей) — слишком мала для ребёнка 2 лет, не хватает места для бокового движения. Поверхность покрыта пылью, несмотря на заявленную «гигиеничность». Потеряла форму через 3 недели после покупки — усадка в стыках."
товары для детей,"Игрушка из пластика, детали качественные, не ржавеют. Упаковка синяя, внутри — салфетки и инструкция. Доставка прошла без задержек."
товары для детей,"Коляска удобная, хорошо сидит на дороге, надёжная."
товары для детей,"Одежда тёплая, хорошо сидит, не шуршит при движении."
товары для детей,"Детская одежда поставлена в соответствии с описанием — цвет и размер соответствуют. Упаковка защищает вещь от повреждений, нет следов смазки."
товары для детей,"Коляска пришла через 4 дня, упаковка плотная, нет повреждений. Цвет — серый, как на фото, размер средний — подходит для города и поездок на дачу. Дети любят садиться в неё, очень удобная."
товары для детей,"Мебель для детской комнаты пришла в срок, упаковка герметична. Детали фиксируются стабильно, поверхность не скользкая."
товары для детей,"Крем для ухода за кожей пришёл вовремя, упаковка герметичная. Состав не вызывает раздражения, подходит для чувствительной кожи."
товары для детей,"Коляска пришла через 4 дня, упаковка плотная, без повреждений. Цвет — светло-серый, как на фото. Размер соответствует возрасту до 2 лет, все детали легко доступны. Ребёнок с радостью сидит в ней, не скользит, устойчиво."
товары для детей,"Детская мебель (диван-кровать) пришла вовремя — 3 дня после заказа. Упаковка плотная, цвет — светло-бежевый, как указано в описании. Размер 120x80 см, подходит для детской комнаты. Только на подлокотниках немного следы от упаковки, но не влияют на качество."
товары для детей,"Новая детская кроватка — настоящий шедевр! Ребёнок сразу же влюбился в дизайн, мебель очень стабильная, не дрожит, а ещё и очень мягкая — спать теперь спокойно и без страха!"
товары для детей,"Автокресло пришло в срок — 7 дней. Упаковка из коробки с надписями на всех сторонах, цвет — темно-зелёный, как указано. Размер 12–36 месяцев, соответствует возрасту ребёнка. Все детали в порядке, крепление надёжное, без повреждений."
товары для детей,"Коляска пришла в срок, упаковка надежная, все компоненты были в наличии, ручка удобная, сиденье хорошо фиксируется."
товары для детей,"Автокресло поставили по инструкции, упаковка не разорвалась. Система фиксации работает, как указано в описании, сиденье регулируется по высоте."
товары для детей,"Коляска пришла с серьёзной дефектной ручкой — она сломалась уже на второй день, не выдерживает нагрузки. Доставка была вовремя, но качество вообще не соответствует цене. Ребёнок не может сидеть в ней, потому что сиденье слишком низкое и не устойчивое."
товары для детей,"Коляска пришла через 4 дня, упаковка надёжная, нет повреждений. Цвет — светло-серый, как на фото, размер средний, подходит для детей до 12 кг. Ребёнок с радостью сел в автокресло, которое пришло в оригинальной упаковке с инструкцией."
товары для детей,"Автокресло прошло проверку, устойчиво и надёжно."
товары для детей,"Игрушка для малышей — просто волшебство! Ребёнок с утра просыпается с улыбкой, каждый день играет с ней. Никакого запаха, безопасный материал, детали не ломаются. Спасибо, что есть такие хорошие товары для детей!"
товары для детей,"Детская мебель качественная, стойкая к перепадам температуры, не деформируется."
товары для детей,"Детская мебель (диван-кровать) поставлена в оригинальном виде, без дефектов. Стойки стабильны, покрытие не скользит, цвет соответствует фотографии."
товары для детей,"Одежда для малыша — просто сказка! Ткань мягкая, не раздражает кожу, а ещё и отлично сидит. Дочка уже не хочет никуда идти — просто в восторге от своей новой формы!"
товары для детей,"Игрушка для малышей — кукла с ковриком, упаковка в тёплом коробке, цвет — розовый, размер — 20 см, как в описании. Никакого запаха, ребёнок сразу начал играть. Доставка была быстрее, чем ожидалось — через 2 дня."
товары для детей,"Товар для ухода за детьми (мыло для рук) — приятный запах, упаковка экологичная, цвет — синий, как указано в описании. Размер упаковки 100 мл, доставка была в срок — 3 дня."
товары для детей,"Детская одежда (футболка) — пришла вовремя, за 6 дней. Упаковка в пакетике из биоразлагаемого материала, цвет — синий с красными полосами, как в описании. Размер S — подошёл малышу, немного мелкий, но снимается легко."
товары для детей,"Автокресло прошло тестирование, безопасно, ремни плотно держат."
товары для детей,"Товары для ухода за детьми (мыло и гель) — упаковка из бумаги, без лишних элементов. Цвет — белый с розовым оттенком, размер упаковки — 100 мл. Доставка — 4 дня. Никаких запахов, подходит для чувствительной кожи."
товары для детей,"Автокресло — настоящий спаситель! Удобно, безопасно и легко устанавливается. После поездки ребёнок спокойно спал, не плачут, всё на месте. Радость от покупки нарастит!"
товары для детей,"Автокресло пришло в полном виде, комплектация соответствует описанию. Система фиксации надежная, упаковка была в полиэтиленовой пленке с маркировкой."
товары для детей,"Коляска удобная, хорошо справляется с дорогой."
товары для детей,Ткань в детской одежде — очень тонкая и быстро теряет форму. После одного мытья детская футболка стала мятой и вытянулась. Качество не соответствует описанию. Также не хватает влагостойкости — после дождя стирается. Очень разочарован.
товары для детей,"Детская мебель поставлена в срок, размеры соответствуют описанию, поверхность гладкая, нет дефектов на корпусе."
товары для детей,"Игрушка для малышей (плюшевый котёнок) — отличный выбор. Упаковка красивая, цвет — оранжевый, как на фото. Размер маленький, подойдёт для детей до 3 лет. Доставка через 3 дня, всё в порядке."
товары для детей,"Детская мебель (диван для детской) — очень маленький размер. Подходит только для малышей до 1 года, а не для 2-летнего ребёнка. Сиденье из низкокачественного пластика — легко деформируется, и после нескольких дней падения детского мяча стало заметно. Надо было выбирать больше и прочнее."
товары для детей,"Детская кроватка слишком маленькая для ребёнка в возрасте 18 месяцев — не хватает пространства для движения. Подсвечивается в ночное время, что мешает спать. Качество материалов — пластик, который быстро теряет форму. Нет никакой защиты от падений."
товары для детей,"Игрушка пришла быстро, без запаха, ребёнок в восторге! Он каждый день просит играть с ней, даже в выходные. Мягкая, безопасная, не ломается — как настоящий друг. Теперь у нас в детской всегда есть весёлый и добрый компаньон!"
товары для детей,"Игрушка (машинка для малышей) — упаковка в яркой коробке с рисунком, цвет — оранжевый с зелёными деталями, размер — 15 см, как указано. Пришло через 7 дней, детям понравилось, но в упаковке немного сбились детали."
товары для детей,"Детская мебель (диван для малышей) — огромный недостаток: рама из пластика, после двух недель начала крошиться. Размеры указаны неверно — в реальности занимает больше пространства, чем указано. Дети не могут сидеть на нём, потому что не подстраивается под рост малыша."
товары для детей,"Автокресло пришло с неправильной регулировкой — нельзя поставить в положение для сна, а в положении для езды держится нестабильно. Проверяла по инструкции — всё не работает. Качество синтетической ткани — подделка, быстро трескается при сильном движении."
товары для детей,"Игрушка для малышей — просто волшебство! Ребёнок каждый день просыпается с улыбкой, играет с ней, смотрит, как она двигается. Очень довольны покупкой — теперь у нас в детской полно радости!"
товары для детей,"Коляска пришла в срок, упаковка плотная, детали фиксируются надежно. Рулевое управление отзывается легко, сиденье регулируется по высоте."
товары для детей,"Автокресло пришло с повреждением ремня — на левом крае есть трещина, и при тестировании на растяжение он не держался. Упаковка была не герметичной, в ней оказался влажный кусок пластика."
товары для детей,"Коляска пришла через 3 дня, упаковка плотная, без повреждений. Цвет — светло-серый, как на фото, размер — 150 см, подходит для детей до 12 кг. Удобная система регулировки, всё на месте, довольна покупкой."
товары для детей,"Одежда для малыша (шорты) пришла с небольшой пылью — упаковка была в пакетике из бумаги, не изолированной. Цвет — голубой, как указано, размер — 10-12 месяцев. Срок доставки — 7 дней, всё в порядке, но упаковка могла быть лучше."
украшения и аксессуары,"Ожерелье из описания было обещано как «с бусинами из натурального жемчуга», а на деле — искусственные, с тусклым блеском. Качество материалов подделано, бусины легко отпадают при трогании."
украшения и аксессуары,"Серьги из серебра восточного дизайна просто волшебны! Быстро поставили, красиво выглядят на любой образ. Надевала на вечерний образ — все смотрят и говорят: «О, какие красивые серьги!» Удивилась, насколько они тёплые и легкие — идеальный выбор для повседневного использования!"
украшения и аксессуары,"Браслет из металла, но покрытие ржавеет — уже после недели."
украшения и аксессуары,"Ожерелье как на фото, только в реальности чуть меньше по длине."
украшения и аксессуары,"Серьги из серебра 925 пробы выглядят аккуратно, металл не тускнеет, застёжка надежная, упаковка в бумажной коробке с защитным слоем."
украшения и аксессуары,"Ожерелье из бусин из натурального камня — размеры и цвет соответствуют описанию. Бусины плотно сидят на цепочке, нет потерь при хранении. Доставка без замечаний, упаковка герметичная."
украшения и аксессуары,"Сумка в бежевом цвете пришла в фирменной упаковке с ручкой, размер — 20x14 см, как указано. Материал — ткань с тонкой вставкой, но не как описано — не пропитана и быстро теряет форму. Упаковка была качественной, доставка — через 8 дней."
украшения и аксессуары,"Браслет из натурального камня — красивый, тёмно-серый оттенок, как на фото. Упаковка была в прозрачной пакетике с защитным слоем, всё было чисто. Размер 16 см, немного меньше, чем в описании, но смотрится симметрично. Доставка — через 4 дня, без задержек."
украшения и аксессуары,"Ожерелье из кристаллов в золотистом оттенке — очень яркое, подчёркивает лицо. Упаковка в красивом коробке с логотипом, как в роскошных магазинах. Надо было уточнить размер — ожерелье на 42 см, а у меня 44, немного не сидит. Доставка — 6 дней, включая выходной."
украшения и аксессуары,"Серьги красивые, но крепление хрупкое — после одного нажатия сломались."
украшения и аксессуары,"Серьги из серебра 925 продаются как «маленькие», но на деле они чуть больше — не совсем по размеру, что неудобно для носки. Упаковка — в прозрачной пленке с бумажным листом, всё чисто, но не было ни папки, ни крепления. Доставка была вовремя — за 3 дня."
украшения и аксессуары,"Ожерелье из серебра 925 притягивает внимание, цвет — тёмно-серый с бликом. Упаковка была в деревянной коробке с вкладышем — очень элегантно. Размер подошёл, но застёжка не надёжная — отстегнулось через 2 дня. Сроки доставки — 6 дней, всё вовремя."
украшения и аксессуары,"Серьги из серебра 925 прозрачные, как описано, с легкой текстурой. Упаковка плотная, без повреждений. Доставка была быстрая, в течение 3 дней."
украшения и аксессуары,Ремень не как описано — слишком тяжелый и не гладкий.
украшения и аксессуары,"Кольцо в черном цвете пришло с небольшой царапиной на краю — это не описано в описании. Упаковка была простой, но не слишком надёжной. Размер — одинаковый с описанным, но с небольшим перекосом по ширине."
украшения и аксессуары,"Шарф из натурального шерстяного материала — просто волшебство! Теплый, мягкий, отлично сидит на шее. Всё как описывали — гладкий, приятный к телу. Покупала на зиму — теперь каждый день в тепле и стиле. Очень доволен!"
украшения и аксессуары,"Браслет из бронзы выглядит как из фильма! Матовый финиш, мягкий текстурный эффект — просто волшебство. Удивительно, что он не скользит по коже и отлично держится на руке. Теперь мой стиль стал ярче, а настроение — выше!"
украшения и аксессуары,"Браслет удобный, но в узкой части застёжка не сидит плотно."
украшения и аксессуары,"Серьги из серебра с бриллиантовыми деталями — просто волшебство! Они выглядят как из высокой модной коллекции, а на мне уже везде — в офисе и на вечеринке. Каждый раз, когда смотрю на них, чувствую себя особенной. Всё как в описании — превосходно, супер-счастье!"
украшения и аксессуары,"Серьги из серебра 925 пробы выглядят аккуратно, застёжка надежная, бусины не скользят. Упаковка плотная, без сколов, товар пришёл в срок."
украшения и аксессуары,"Ремень из натуральной кожи — идеальный выбор для повседневной носки. Он мягкий, не скользит, отлично смотрится на джинсах и платьях. Особенно порадовало, что он не теряет форму даже после нескольких месяцев использования. С удовольствием рекомендую!"
украшения и аксессуары,"Кольцо не соответствует описанию — размер на 1 размер больше, чем указано, и оно не сидит на пальце, как надо. Пришлось возвращать, а доставка заняла 14 дней, хотя заявлено было 3 дня."
украшения и аксессуары,"Кольцо с кристаллами встало как солнечный свет — просто божественно! Сразу влюбилась в стиль, который я раньше не видела. Уже заказала ещё одно для друга — обязательно поделюсь!"
украшения и аксессуары,"Серьги из серебра 925 престижного цвета — очень красиво смотрятся на коже. Упаковка в стеклянной коробке с защитным слоем, как в магазине. Доставка была вовремя — через 4 дня. Размеры соответствуют описанию: 1.5 см в длину, идеально сидят на ушах."
украшения и аксессуары,"Пришла сумка в цвете 'бежевый' — как на фото, упакована в коробку с мягким покрытием, не повреждена. Размер 20x15 см, как указано. Доставка была быстрее, чем ожидалось — через 3 дня, всё в порядке."
украшения и аксессуары,"Ожерелье как на фото, только ширина чуть меньше, чем обещали."
украшения и аксессуары,"Ожерелье понравилось, но застёжка не держит, после 2 дней начали скользить."
украшения и аксессуары,"Браслет с кристаллами — очень стильный, но крепится нестабильно."
украшения и аксессуары,"Шарф, который рекламировали как «для холодного климата, с теплой вязкой структурой», оказался слишком тонким и быстро впитывает влагу. После одного дня в помещении он стал мокрым и запахом сырости, не подходит ни на зиму, ни на осень."
украшения и аксессуары,"Серьги из бронзы имеют приятный матовыйFinish, размеры соответствуют описанию, упаковка плотная и защищает товар от царапин."
украшения и аксессуары,"Ремень на сумку — качественный, но не подходит по размеру."
украшения и аксессуары,"Ремень не соответствует фото — тоньше и дешевле, чем казалось."
украшения и аксессуары,"Кольцо в черном стиле пришло в целости и сохранности, упаковано в прозрачную пленку с этикеткой. Цвет как на фото, но размер — 18 мм, а не 16 мм, как указано в описании. Упаковка была аккуратной, но не включала салфетку для хранения. Доставка заняла 7 дней."
украшения и аксессуары,"Шарф, который рекламировали как из 100% шерсти, оказался из искусственного волокна, быстро теряет форму, впитывает влагу и пошёл в пятна после одного прогулки в парке."
украшения и аксессуары,"Серьги красивые, но чуть не хрупкие — держатся на тонких креплениях."
украшения и аксессуары,"Ожерелье из бирюзы было продано как «высококачественное, с естественным блеском». На деле — искусственная пастельная мазь, цвет не стабилен, под светом выглядит тусклым, а при солнце начинает блестеть, как у пластиковых украшений."
украшения и аксессуары,"Сумка из ткани с ручной вышивкой выглядит качественно, застежка на молнии надежная, доставка была быстрее, чем ожидалось, упаковка без повреждений."
украшения и аксессуары,"Шарф, продвигаемый как «брендовый кашемир», в действительности — это тонкая полиэстеровая ткань, которая быстро мнется и не держит форму. Доставка была с переплатой — пришли с неправильным размером, а в упаковке был смят и повреждён."
украшения и аксессуары,"Ожерелье с бусинами из натурального камня — волшебство! Каждый раз, когда его надеваю, чувствую внутреннее тепло и умиротворение. Материал очень качественный, бусины не скользят, а светятся даже в тусклом свете. Моя подруга сказала, что это лучшее ожерелье, которое она когда-либо видела!"
украшения и аксессуары,"Шарф из хлопка с волокнистой текстурой — длина и ширина как указано. Не выцветает, не скользит. Упаковка в полиэтиленовом пакете, без складок, доставка — вовремя."
украшения и аксессуары,"Ремень синего цвета не соответствует описанию — он не шелковый, а тяжёлый и грубый, как ткань из фабрики. Кроме того, после нескольких дней ношения начал трескаться и покрываться пятнами, что неожиданно для товара такого класса."
украшения и аксессуары,"Шарф теплый, но быстро впитывает влагу — после дождя стал мокрым."
украшения и аксессуары,"Браслет с кристаллами стал моим новым любимым аксессуаром! Он светится в лучах солнца, выглядит как из фильма, и абсолютно соответствует описанию. Удивлён, насколько он комфортен и красив!"
украшения и аксессуары,"Сумка с утюгом — красивая, но при доставке в пакете была повреждена: один угол рваный, а застёжка не закрывается плотно — не подходит для хранения вещей."
украшения и аксессуары,"Браслет из кожи средней толщины — комфортный, не скользит по коже. Упаковка в папке из бумаги, без лишних элементов. Доставка прошла без задержек."
украшения и аксессуары,"Ожерелье из страз выглядит элегантно, крепление надёжное. Всё как указано в описании — без дефектов, упаковка в папке из бумаги."
украшения и аксессуары,"Браслет с кристаллами пришел в целости, цвет соответствует фото. Упаковка была аккуратной, но в коробке не было инструкции по уходу."
украшения и аксессуары,"Браслет в цвете 'синий' пришёл с небольшим сколом — видно на фото, но в упаковке было в защитной папке, не было упоминания о дефектах. Размер 18 см, как указано. Доставка — через 4 дня, в целости и сохранности."
украшения и аксессуары,"Ремень в тёмно-синем цвете — стильный, как на фото. Упаковка была в коробке с мягким вкладышем, не выглядела дешёвым. Размер — один из больших, подошёл идеально. Доставка — за 4 дня, всё вовремя."
украшения и аксессуары,"Серьги из серебра 925 прозрачные, как описано, без дефектов. Упаковка плотная, в коробке с визиткой. Доставка была быстрее, чем ожидалось."
украшения и аксессуары,"Ожерелье из стекла в цвете 'светло-серый' — красивое, но упаковка была в пластиковой пленке, неудобная для хранения. Сроки доставки — 5 дней, всё в срок. Материал не как обещано — больше похоже на фарфор, а не стекло."
украшения и аксессуары,"Ремень с креплением из бронзы — стильный и прочный! Удобно, отлично сочетается с джинсами и куртками. Покупал для своего мужа — он в восторге, говорит, что это его самый любимый аксессуар!"
украшения и аксессуары,"Ожерелье из стекла и металла выглядит элегантно, детали выполнены аккуратно, доставка прошла вовремя, без задержек."
украшения и аксессуары,"Ожерелье из стеклянных элементов в тонком серебряном оправе — в упаковке с тканевым покрывалом, не теряется. Цвет — синий с оттенком фиолета, размер — 45 см, как указано. Пришлось немного подрезать, чтобы сидело на шее. Доставка — 6 дней, упаковка была очень надёжной."
украшения и аксессуары,"Серьги из серебра восточного дизайна — просто волшебство! Они выглядят элегантно, подчеркивают лицо и отлично смотрятся с любым костюмом. Даже коллеги спрашивают, откуда они такие. Удивлён, насколько качественно и красиво всё сделано!"
украшения и аксессуары,"Ожерелье с кристаллами — просто волшебство! Оно светится в вечернем свете, и каждое движение вызывает легкое мерцание. Всё, что я хотела — и больше, чем ожидала. Очень довольна покупкой!"
украшения и аксессуары,"Браслет, который я заказал под размер 16 см, оказался на 1,5 см больше — не помещается на руке, и при этом застёжка ржавеет уже через неделю, несмотря на обещание «высокой коррозионной стойкости»."
украшения и аксессуары,"Очки с обещанным 'антибликовым покрытием' — на солнце всё равно отражают свет, как у дешёвых моделей. Кроме того, рама стала трескаться после двух дней ношения. Качество не выдерживает даже простого использования."
украшения и аксессуары,"Сумка в стиле городской моды — идеальный выбор для повседневного использования! Удобная, компактная, стильная. Всё, что нужно — в ней. Носила на выходе с друзьями, все обратили внимание — даже не подумали, что это дешёвое изделие. Очень довольна!"
украшения и аксессуары,"Серьги, которые заказывали как «для повседневного ношения», оказались слишком тонкими — быстро скатываются в нитку, а в ухе ощущается дискомфорт. Даже после первого использования стали скользить и отслаиваться."
украшения и аксессуары,"Кольцо из золота 14 каратов, цвет — тёплый золотистый, как указано в описании. Упаковка в тканевом чехле с наклейкой — стильная и надёжная. Размер 18 мм, подошло на большой палец. Доставка заняла 5 дней, всё было в порядке."
украшения и аксессуары,"Кольцо с бриллиантовым блеском — настоящий подарок для себя! Ощущение стиля и роскоши сразу пронеслось через все действия. Удивительно, как легко оно сидит на пальце и не скользит. Спасибо за такой приятный сюрприз!"
украшения и аксессуары,"Очки в хорошем состоянии, но фильтр не работает — не видно ясно."
украшения и аксессуары,"Покупала ожерелье из бронзы в оранжевом цвете — очень красиво, но упаковка была в полиэтиленовом пакете, а не в коробке, как обещали. К тому же, одна из цепочек была слабо закреплена — после нескольких дней начала скользить. Доставка заняла 5 дней, но всё же пришло вовремя."
украшения и аксессуары,"Серьги из серебра 925 продаются в красивой коробке с прозрачным покрытием — всё как на фото. Цвет — тёплый золотистый, размер 1,5 см, подошли идеально для повседневного ношения. Доставка была в срок — через 4 дня после заказа."
украшения и аксессуары,"Кольцо в черном стиле пришло в упаковке из ткани, как в описании. Материал — сталь, размер 18 мм, но оно немного тяжелое и не очень удобно на пальце. Упаковка была плотной, но не прозрачной, что мешало увидеть детали при открытии."
украшения и аксессуары,"Ожерелье приятное, но материал не как описано — тяжелее и грубее."
украшения и аксессуары,"Серьги, которые заказывали как 'для ежедневного ношения', оказались слишком тонкими — при небольшом движении они скользят и мешают в ухе. Качество металла тоже под вопросом: на свету видно, что у них есть неровности и царапины, несмотря на обещание 'высококачественной платины'."
украшения и аксессуары,"Ожерелье из серебра блестит, но крепление неудобное — часто сдвигается."
украшения и аксессуары,"Шарф из вельвета как обещали — теплый, но быстро потеет в жару."
украшения и аксессуары,"Шарф из хлопка в бежевом цвете пришёл в хорошем состоянии, но упаковка была не герметичной — на нём появилась пыль. Размер 160 см — как указано, но чуть короче, чем ожидается. Доставка заняла 7 дней, хотя упоминалось «до 5 дней» — срочно пришлось заказывать повторно."
украшения и аксессуары,"Серьги из серебра 925 продаются в красивой атласной упаковке, цвет — бежевый с золотистым оттенком. Размеры соответствуют описанию (20 мм), но ощущение, что они немного тонкие, не совсем соответствует ожиданиям. Доставка была вовремя — через 5 дней."
украшения и аксессуары,"Серьги из серебра просто волшебные! Они выглядят как из фильма, сияют даже в слабом свете. Очень люблю носить их с рубашкой — сразу становится ярче и уютнее. Спасибо за такой красивый и качественный товар!"
украшения и аксессуары,"Ремень качественный, но швы не очень чистые."
украшения и аксессуары,"Серьги, которые заказывали как «для повседневного ношения», оказались слишком крупными — не подходят под уши, и визуально выглядят неестественно. Качество металла тоже вызывает сомнения: на солнце появляются следы окисления, а поверхность не гладкая, как обещали."
украшения и аксессуары,"Серьги красивые, но застёжка слабая — выпали через день."
украшения и аксессуары,"Сумка в коричневом цвете пришла в чистом виде, упакована в пакет с тканевым покрытием и внутренним бамбуковым чехлом — очень эстетично. Размер средний, отлично сидит на плече. Доставка — 4 дня, всё как указано в описании, даже сроки были точными."
украшения и аксессуары,"Шарф, продавец утверждал, что он из 100% хлопка и очень тёплый, но на деле — грубый, быстро мнется и не держит форму даже в условиях комнатной температуры."
украшения и аксессуары,"Ремень из искусственной кожи — цвет и фактура совпадают с образцом. Нет деформаций, не проседает. Упаковка в пакете с внутренним чехлом, всё аккуратно."
украшения и аксессуары,"Ремень из искусственной кожи — толщина и текстура как указано. Нет резких сколов, швы стыкуются без заметных дефектов. Упаковка в пластиковом пакете, не повредился при транспортировке."
украшения и аксессуары,"Ремень из описания должен был быть тонким и эластичным, а на деле — слишком толстый и хрупкий, после первой стирки перестал держаться на талии."
украшения и аксессуары,Ремень не сидит на талии — слишком тонкий и скользит.
украшения и аксессуары,"Ожерелье из стекла — прозрачное, как описано. Застёжка на молнии работает плавно. Всё упаковано в папку с защитным слоем."
украшения и аксессуары,"Серьги красивые, но крепление слабое — выпали через два дня."
украшения и аксессуары,"Шарф из хлопка — плотный, не садится на тело. Заметно, что материал не из кашемира, как обещали. Упаковка в блистер, без складок."
украшения и аксессуары,"Серьги красивые, но немного тяжелые — на ушах сразу становится дискомфортно."
украшения и аксессуары,"Ремень из лесного дерева имеет натуральный вид, размеры соответствуют описанию, упаковка в картонной коробке с внутренним слоем из бумаги."
украшения и аксессуары,"Кольцо из латуни с бриллиантовой фианитной подложкой — выглядит очень роскошно. Упаковка плотная, в пакетике с наклейкой на боку. Недостаток — немного тонкое кольцо, но для джинсовых нарядов подойдёт. Доставка заняла 5 дней, всё в порядке."
украшения и аксессуары,"Кольцо с кристаллами — настоящий сюрприз! Заметил его на пальце и сразу понял, что это именно то, что нужно. Сияет, выглядит элегантно, и на каждый день — идеально!"
украшения и аксессуары,"Шарф из хлопка с ручной вязкой — просто волшебство! Он очень мягкий, теплый и выглядит как из кино. Надела его на морозный день — чувствовала себя как в сказке. Удивилась, насколько он держит форму и не растягивается. Теперь он мой любимый аксессуар в холодное время года!"
украшения и аксессуары,"Ожерелье из стекла выглядит качественно, стекло прозрачное, без трещин. Доставка заняла 5 дней, упаковка плотная, без повреждений."
украшения и аксессуары,"Кольцо не соответствует описанию — в реальности оно слишком толстое и непривычное по форме. Продавец не уточнил, что это не классическое кольцо, а резная конструкция, и после покупки понял, что не подойдёт под пальцы."
украшения и аксессуары,"Шарф из шерсти пришёл в пакете с фиксированной лентой — очень аккуратно упакован. Цвет — тёплый коричневый, длина 150 см. Размер подошёл, но шерсть немного впитывает влагу. Доставка прошла за 6 дней, всё в порядке."
украшения и аксессуары,"Новое ожерелье из перламутра — настоящее сияние! Каждый раз, когда его носишь, чувствую себя особенной, как будто в центре внимания. Материал приятный, весит немного, но не тянет, и выглядит как из фильма про модную эпоху!"
украшения и аксессуары,"Браслет приятный, но ремешок быстро износился — не дольше недели."
украшения и аксессуары,"Серьги из серебра 925 пробы выглядят аккуратно, цвет соответствует фото. Застёжка надёжная, браслет не скользит по коже. Упаковка в защитной папке, доставка была быстрее, чем ожидалось."
украшения и аксессуары,"Браслет из кожи средней толщины — приятный касание, не скользит. В упаковке был небольшой слой пыли, но не повлиял на внешний вид."
украшения и аксессуары,"Серьги из золота с бриллиантами просто восторг! Очень блестят, идеально сидят на ушах и подчеркивают мой образ. Каждый раз, когда смотрю в зеркало — чувствую себя особенной. Спасибо за такой качественный и красивый товар!"
украшения и аксессуары,"Серьги из серебра просто волшебные! Быстро пришли, красиво смотрятся на коже, особенно в сочетании с белым платьем. Настолько элегантно, что даже друзья спрашивают, где их купила — теперь у меня есть любимый аксессуар!"
украшения и аксессуары,"Шарф приятный, но быстро выцветает под солнцем."
украшения и аксессуары,"Браслет удобный, но материал тонкий — быстро портится от влаги."
украшения и аксессуары,"Серьги, которые заказывали как «с бриллиантами», оказались с искусственными камнями, которые быстро скатываются с оправы — визуально не выглядят дорогими, а при использовании просто неудобны."
украшения и аксессуары,"Ремень не как описано — материал жесткий, не гладкий, как на фото."
украшения и аксессуары,"Серьги в золотистом цвете пришли в хорошем состоянии, упаковка из тканевого пакета с защитным листом — очень аккуратно. Размер средний, подходит на уши, но немного тяжеловаты. Доставка была быстрее, чем ожидалось — через 3 дня."
украшения и аксессуары,"Браслет приятный, но в узкой руке немного тесный — не подошёл."
украшения и аксессуары,"Пришёл браслет с несогласованным размером — на руке оно не сидит, смещается и скользит. Застёжка из пластика, не удерживает, через сутки полностью отстегнулось."
украшения и аксессуары,"Серьги красивые, но застёжка оказалась слабой — упали после двух дней."
украшения и аксессуары,"Кольцо с бриллиантовым отливом — настоящий шедевр! Заказала для свадьбы, и оно стало центральным элементом. Оно не только выглядит элегантно, но и чувствуется на пальце, как будто оно создано специально для меня. Благодаря этому аксессуару, я чувствую себя уверенно и красиво в любых ситуациях!"
украшения и аксессуары,"Ремень из кожи — настоящий шедевр! Гладкий, приятный к телу, подчеркивает стиль. Уже носила его на двух мероприятиях — все говорят, что он выглядит дорого и элегантно. Очень рекомендую!"
украшения и аксессуары,"Серьги из белого золота просто волшебные! Выглядят стильно, светятся даже в тусклом свете, и каждый раз, когда их надеваю, чувствую себя особенной. Очень доволен покупкой, обязательно куплю ещё!"
украшения и аксессуары,"Шарф из шерсти в тёплом коричневом цвете — теплый, мягкий, отлично смотрится в холод. Упаковка в пакетике с шторкой, не пропускает пыль. Размер 150 см, как указано. Доставка — через 5 дней, всё вовремя, только в упаковке оказался небольшой след от скотча — не критично."
украшения и аксессуары,"Кольцо в тонком золотистом цвете пришло в оригинальной папке с логотипом бренда. Размер — 16 мм, как указано в описании, сидит комфортно на пальце. Упаковка плотная, без сколов. Доставка заняла 5 дней, всё в порядке."
украшения и аксессуары,"Ожерелье из страз в тонкой цепочке — материал соответствует фото. Застёжка на застёжке надёжная, не скользит. Упаковка в пакетике из бумаги, без лишних вставок."
украшения и аксессуары,"Ожерелье очень стильно, но стразы выглядят фальшивыми — не достоверно."
украшения и аксессуары,"Ожерелье было обещано как из тонкого золота, но оно выглядит как из дешевого сплава, покрытое пылью, а после нескольких дней носки — появилась коррозия на креплениях, полностью потеряло блеск."
украшения и аксессуары,"Ожерелье оказалось намного меньше, чем на фото. Заметил, что цепочка короче, чем указано в описании. При этом шарф, который я заказал, пришёл с изъяном — волокна не из кашемира, а из низкокачественного полиэстера, как и в отзывах других покупателей."
украшения и аксессуары,"Браслет с перламутровыми бусинами — просто волшебство! Уже не могу представить день без него. Он отлично сочетается с любыми нарядах, и каждый раз, когда его снимаю, чувствую внутреннее счастье. Спасибо за такой красивый и качественный товар!"
украшения и аксессуары,"Кольцо в стиле минимализма — идеальное решение для повседневного ношения! Прекрасно смотрится на безусловно, и не вызывает дискомфорта. Покупала в подарок — получила огромную реакцию от близких, все в восторге!"
украшения и аксессуары,"Кольцо в стиле минимализма — настоящий хит! Стильное, лёгкое, но при этом очень элегантно. Сходила на вечеринку, все задавали вопрос: откуда такое роскошное кольцо? Оно подчеркивает мою индивидуальность и вовсе не тяжело носить. В восторге!"
украшения и аксессуары,"Ожерелье в бежевом цвете пришло в хорошем состоянии, упаковано в коробку с мягким вкладышем — очень аккуратно. Размер — 45 см, как указано. Застёжка на пуговице — надёжная, не скользит. Доставка — 2 дня, вовремя."
украшения и аксессуары,"Серьги из серебра 925 пробы выглядят аккуратно, цвет соответствует фотографиям. Упаковка плотная, товар доставлен вовремя."
украшения и аксессуары,"Браслет с бусинами — стильный, но бусины легко смещаются."
украшения и аксессуары,"Кольцо на среднем пальце стало моим новым символом уверенности! Было так приятно надеть его на первое впечатление — оно идеально сидит, не скользит, а наоборот, кажется, как будто создано специально для меня. Всё, что я хотела — в одном кольце!"
украшения и аксессуары,"Сумка не как описано — материал тонкий, быстро стирается."
украшения и аксессуары,"Сумка с кисточкой на ремне — не просто сумка, это стиль! Надела её на выход в офис, и все обратили внимание — никто не ожидал, что она будет так выглядеть. Материал прочный, она не ломается даже при частых переносах. Теперь я всегда беру её с собой — без неё не могу выйти из дому!"
украшения и аксессуары,"Ремень, который я заказал, пришёл с переплетёнными пряжками — не справляется с нагрузкой, после двух дней просто слетел. Также доставка была задержана на 7 дней, хотя в описании было указано 'доставка в течение 3 дней'."
украшения и аксессуары,"Серьги красивые, но немного тяжелые — на ушах не очень комфортно."
украшения и аксессуары,"Ожерелье описывалось как «с бриллиантами», а на деле — просто стеклянные бусины, которые легко теряются. Качество материалов подводит: бусины легко ломаются при касании, и в упаковке оказалось сбитое, с трещинами."
украшения и аксессуары,"Шарф из шерсти в тёплом бежевом цвете пришёл в защитной пленке, упаковка плотная и аккуратная. Размер — 150 см, как указано, не терял форму. Доставка заняла 4 дня. Пришлось немного срезать по длине, но в целом очень хороший продукт."
украшения и аксессуары,"Ремень, который был продан как «для повседневного использования», оказался слишком жёстким и неудобным — после 2 дней ношения начал ломаться на швах. Доставка была задержана на 10 дней, а при получении оказалось, что ремень был не тот, что указан в описании."
украшения и аксессуары,"Ожерелье из бижутерии в оранжевом оттенке очень стильное, особенно на светлой одежде. Упаковка — прозрачный пакет с защитной пленкой, как в магазинах. Размер — средний, не уступает по длине описанию. Доставка — 3 дня, всё пришло в срок."
украшения и аксессуары,Ремень с резинкой не держит — через час перестал быть натянутым.
украшения и аксессуары,"Серьги красивые, но чуть тяжелые — на ушах немного давят."
украшения и аксессуары,"Серьги, которые заказывали как «с модным дизайном», оказались слишком маленькими — не подошли под уши, и при этом на одной из них трещина в металле, что делает их небезопасными для ношения."
украшения и аксессуары,"Серьги из серебра просто волшебные! Сразу заметила, как они подчеркивают мой образ — теперь каждый день смотрю в зеркало и в восторге от своей внешности. Очень красиво и элегантно, как будто я ношу настоящий драгоценный аксессуар!"
украшения и аксессуары,"Новое ожерелье из стеклянных бусин — волшебство! Цвета яркие, светятся в солнце и в вечернем свете. Носила на работе — коллеги говорят, что выглядит как из модного показа. Спасибо за такую красивую и душевную деталь!"
украшения и аксессуары,"Кольцо из стали — без дефектов на поверхности, размер подошёл. Застёжка удерживает без проскальзывания. Доставка прошла без задержек, упаковка плотно закрыта и защищает товар."
украшения и аксессуары,"Шарф из хлопка с узором — ткань мягкая, не стесняет движение. Длина как указано. Упаковка в пакете с небольшим складом, без визитки."
украшения и аксессуары,"Серьги из серебра 925 престижного цвета — очень красиво смотрятся на коже. Упаковка в бумажной коробке с защитным слоем, отлично сохраняет внешний вид. Размеры соответствуют описанию — умеренные, не слишком широкие. Доставка за 4 дня, всё вовремя."
украшения и аксессуары,"Ремень из искусственной кожи — цвет фиолетовый, как в описании, но упаковка была в обычной пакетике, без защиты. Размер 12 см, немного узкий, но смотрится стильно. Доставка заняла 6 дней, пришлось подождать из-за перегрузки логистики."
украшения и аксессуары,"Серьги из серебра 925 продаются в красивой коробке с прозрачным покрытием — всё как на фото. Цвет — матовый серебряный, размер — 2 см, подошли идеально для повседневного ношения. Доставка была быстрая — через 4 дня пришло, упаковка защитная, не повредились."
украшения и аксессуары,"Серьги из серебра просто волшебные! Сразу после покупки почувствовала, что они идеально сидят на ушах, блестят в любом свете и подчеркивают мой образ. Очень доволен покупкой, теперь носить их обязательно в любое время дня!"
украшения и аксессуары,"Серьги красивые, но застёжка плохо держится — выпала через день."
украшения и аксессуары,"Ожерелье с ручной росписью — как будто каждая деталь создана для меня! Светится в любом свете, выглядит как из фильма. Спасибо за такую красоту и внимание к деталям!"
украшения и аксессуары,"Ремень из искусственной кожи — толстый, как указано, не скользит. Стандартный размер, подошёл для повседневного ношения. Упаковка в полиэтиленовом пакете, без упаковочного листа."
украшения и аксессуары,"Серьги в золотистом цвете пришли в хорошем состоянии, упаковка была аккуратной и защитной. Размер соответствует описанию — умещаются на ушах, но немного тяжеловаты. Доставка была быстрая — через 3 дня после заказа."
украшения и аксессуары,"Шарф, обещанный как «теплый и плотный», оказался тонким, быстро впитывает влагу и не сохраняет тепло. В упаковке был разорван — видно, что не был аккуратно упакован, и на ткани появился след от скотча."
украшения и аксессуары,"Серьги красивые, но крепление не очень — одна из них выпала после 2 дней."
украшения и аксессуары,"Кольцо из серебра 925 прислало с небольшим дефектом — на одной стороне неровный шов. Упаковка была в коробке с прозрачным покрытием, что приятно, но визуально не заметил брака. Размер 18, подошло идеально, доставка заняла 5 дней."
украшения и аксессуары,"Новый браслет из натурального бархата — настоящий шедевр! Он мягкий, приятный к коже, и каждый раз, когда его носишь, чувствуешь себя уютно и уверенно. Особенно впечатлил дизайн — так просто и элегантно!"
украшения и аксессуары,Очки с подсветкой работают нестабильно — свет не включается в темноте.
украшения и аксессуары,"Очень довольна сумкой — тонкая, но прочная, отлично сидит на плечах. Всё, что я ожидала, и даже больше! Идеально подойдёт как для поездок, так и для повседневного ношения. Теперь она стала частью моего образа каждый день!"
украшения и аксессуары,"Браслет с кристаллами пришёл в идеальном состоянии! Очень стильный, смотрится на каждом фото. Даже в повседневной одежде — сразу привлекает внимание. Спасибо за быструю доставку и высокое качество — теперь это мой любимый аксессуар!"
украшения и аксессуары,"Ремень из нейлона — прочный, не вытягивается. Цвет немного бледнее, чем на фото, но в пределах допуска. Упаковка герметична."
украшения и аксессуары,"Шарф из хлопка-полиэстера приятен к телу, не стесняет движений. Стандартный размер — подходит для среднего тела. Доставка была быстрее ожидаемой, упаковка в полиэтиленовой пленке."
украшения и аксессуары,"Сумка, которую продают как «супер-удобную для поездок», имеет очень тонкие швы и быстро портится от влаги — после одного дождя изнутри начали появляться пятна и запах."
украшения и аксессуары,"Сумка из искусственной кожи имеет стандартный стиль, материал не пропускает влагу, упаковка в коробке с защитным покрытием."
украшения и аксессуары,"Приобрёл браслет из натурального камня, цвет — синий, как в описании. Упаковка была в мягкой тканевой сумочке с логотипом — приятно. Но размер был на 1 размер больше, чем указано, и не сидит на руке плотно. Доставка — 4 дня, всё в срок."
украшения и аксессуары,"Браслет очень стильный, но в местах соединения стыковки видны следы царапин."
украшения и аксессуары,"Сумка хорошая, но в упаковке — мокрая, видно следы влаги."
украшения и аксессуары,"Серьги в серебристом цвете пришли в идеальном состоянии, упаковка из экологичного пластика и бумажной обложки — очень аккуратная. Размеры соответствуют описанию, подошли на уши. Доставка была быстрой — через 3 дня после заказа."
украшения и аксессуары,"Браслет из кожи средней толщины — приятный к телу, не скользит. Упаковка в пластиковый пакет с внутренним чехлом. Доставка была вовремя."
украшения и аксессуары,"Кольцо из золота 14K в цвете «золото-светлое» — выглядит очень элегантно, но упаковка была в обычной папке без защиты, что вызвало тревогу. Носить можно, но не везде — в магазине с узким креплением. Доставка — 2 дня, всё вовремя."
украшения и аксессуары,"Браслет с кристаллами пришёл в целости, застёжка надёжная, но немного тяжеловат на руке, как ожидается по описанию."
украшения и аксессуары,"Серьги из золота 14 каратов в цвете 'золотистый' пришли в хорошем состоянии, упаковка в папке с лентой — аккуратная. Размеры соответствуют описанию (1,5 см), но немного мелкие для моего уха — не идеально, но в целом довольна."
украшения и аксессуары,"Ожерелье с кристаллами — как сказка в реальности! Оно подчеркивает мою фигуру, придаёт уверенность и блеск. Каждый раз, когда я ношу его, чувствую себя особенной. Уже решила сделать второй заказ на браслет!"
украшения и аксессуары,"Очки в цвете 'чёрный' пришли с деформированными линзами — как будто «плывёт» в свету. Упаковка — в чехле из ткани, но он немного изношен. Размеры 52-18, как указано. Доставка — через 7 дней, по факту чуть дольше, чем обещано."
украшения и аксессуары,"Ожерелье из стеклянных бусин выполнено симметрично, бусины плотно фиксируются на цепочке, доставка прошла в срок, упаковка герметична."
украшения и аксессуары,"Ожерелье как на фото, но в упаковке повреждено."
украшения и аксессуары,"Шарф из хлопка — тонкий, приятный к телу, не скользит. Длина соответствует описанию. Доставка прошла без задержек, упаковка — в коробке с защитным слоем."
украшения и аксессуары,"Браслет из кожи средней толщины не скользит по коже, материал приятен к телу, но швы на некоторых участках немного заметны при внимательном осмотре."
украшения и аксессуары,"Браслет с перламутром — просто волшебство! Очень удобен, не скользит, а когда носишь его на работе или в кафе — все сразу обращают внимание. Очень доволен покупкой!"
украшения и аксессуары,"Шарф из тонкого шелка — настоящий шедевр! Он не просто теплый, он наполняет меня спокойствием и уютом. Носила его на улице в холодную погоду — и никто не догадался, что это не просто шарф, а часть моего душевного комфорта!"
украшения и аксессуары,"Серьги красивые, но крепление слабое — однажды выпали из уха."
украшения и аксессуары,"Очки синие, как описано, но визуально не привлекают — выглядят скучно."
украшения и аксессуары,"Ремень, который заказывали как 'супер прочный', оказался очень тонким и легко ломается на боку при повседневной носке — после двух дней его не держит на бедре, а на боку пропало крепление."
украшения и аксессуары,"Очки в новом дизайне — настоящий подарок для глаз! Стильные, легкие, отлично смотрятся с любой одеждой. Прочны, не скользят, и я чувствую себя увереннее каждый день. Спасибо за такой приятный и качественный товар!"
украшения и аксессуары,"Сумка в тонкой кружевной обработке — как из фильма! Уже стала моим повседневным аксессуаром. Практичная, красивая, а главное — не скучает. Каждый день я с удовольствием вытаскиваю её из сумки — как будто открыла новую главу в жизни!"
украшения и аксессуары,"Сумка стильная, но вставки не как на фото — выглядит дешевле."
украшения и аксессуары,"Сумка красивая, но на боку есть скол — не очень качественная обработка."
украшения и аксессуары,"Ремень из кожи качественный, но немного тяжелый для повседневной носки."
украшения и аксессуары,"Шарф, который описывался как «тёплый и дышащий», оказался толстым и неудобным для ношения — быстро впитывает влагу и пахнет химикатами. Кроме того, сумка, купленная вместе, пришла с трещинами в ткани и не открывается — явные проблемы с производством."
украшения и аксессуары,"Кольцо из стального сплава в тёмно-сером цвете пришло в хорошем состоянии, но упаковка была слишком тонкой — скатилась при транспортировке. Размер 16 мм, как указано, подошёл идеально. Доставка заняла 5 дней, хотя в описании писалось «2–3 дня» — немного не соответствует."
украшения и аксессуары,"Ожерелье из страз с бусинами среднего размера — как на фото. Крепление надёжное, не ощущается при движении. Упаковка в пакете из бумаги, без лишних материалов."
украшения и аксессуары,"Сумка синяя — как на фото, только ткань тоньше, чем описывали."
украшения и аксессуары,"Шарф из хлопка — тонкий, мягкий, не выцветает под солнцем. Застёжка работает плотно, не проваливается. Доставка прошла без задержек."
украшения и аксессуары,"Браслет приятный, но размер не подошёл — слишком мал."
украшения и аксессуары,"Шарф из хлопка-модного вязания — ткань мягкая, не теряет форму после стирки. Длина соответствует описанию. Упаковка в бумажной коробке с лентой, всё в порядке."
украшения и аксессуары,"Браслет из натурального камня в тёплом коричневом цвете — приятный и уютный аксессуар. Упаковка в плотной тканевой сумке, не разорвалась. Размер 18 см — как указано, подходит для среднего запястья. Доставка прошла за 6 дней, хотя было обещано 3."
украшения и аксессуары,"Кольцо с камнем — настоящее чудо! Уже неделю ношу, и оно не только красиво, но и очень комфортно. Ощущение уюта и стиля — просто невероятно. Мой муж в восторге, спрашивает, где я такое купила. Спасибо за такой прекрасный аксессуар!"
украшения и аксессуары,"Покупала браслет с подвеской в виде солнца — обещали, что он будет сидеть на руке как у кого-то из моделей. Оказалось, что размер не подходит, браслет слишком тонкий и смещается с кисти, не держится ни на одной руке."
украшения и аксессуары,"Серьги красивые, но крепление слабое — выпали через час."
украшения и аксессуары,"Ожерелье с бусинами из натурального жемчуга в волшебном бежевом оттенке — настоящее счастье! Быстро поставили, красиво упаковали, мне вдохновляет каждый день носить его на шее. Отличный выбор!"
украшения и аксессуары,"Браслет из натурального перламутра пришёл в эко-упаковке с лёгким запахом. Цвет — нежно-бирюзовый, размер 16 см, отлично сидит на руке. Упаковка защищала от царапин, но доставка заняла 7 дней из-за переполнения логистики."
украшения и аксессуары,"Покупала ожерелье с жемчужиной — впечатления просто невероятные! Материал как у настоящих жемчужин, блестит в свету, подходит ко всем образам. Моя подруга спросила, где я такое купила — сказала, что у меня в шкафу теперь «драгоценности»!"
украшения и аксессуары,"Браслет приятный, но из нержавеющей стали — холодный на ощупь."
украшения и аксессуары,"Кольцо с обещанным «запечатанным бриллиантом» оказалось без него — вместо него был просто бусинка из пластика. Доставка заняла 14 дней, и при этом упаковка была не герметичной, и кольцо в ней поцарапалось."
украшения и аксессуары,"Браслет в бежевом цвете пришёл с небольшой потёртостью — не впечатлил, хотя упаковка была качественной. Размер — средний, но немного тесноват для моего запястья. Доставка заняла 7 дней, включая пересылку из другого региона."
украшения и аксессуары,"Сумка из ткани — красивая, но в ней плохо держится вещь — всё высыпалось."
украшения и аксессуары,"Серьги красивые, но немного тяжелые — не очень удобны на повседневную носку."
украшения и аксессуары,"Ожерелье, которое рекламировалось как «с бриллиантовыми деталями», на деле состоит из искусственных страз, которые легко стираются и блестят только при освещении. Даже на свету выглядит неэстетично и не соответствует фотографиям."
украшения и аксессуары,"Браслет смотрится классно, но на тонкой коже быстро износились застёжки."
украшения и аксессуары,"Браслет из натурального камня — просто волшебство! Качество материалов превосходное, он не скользит, не цепляется, и каждый день я в восторге от него. Спасибо за такую красивую вещь!"
украшения и аксессуары,"Браслет с камнями пришёл в хорошем состоянии, материал — натуральный, как указано в описании. Доставка заняла 5 дней, упаковка не повредила товар."
украшения и аксессуары,"Ожерелье очень стильное, но из-за плохой обработки металла появился коррозионный след."
украшения и аксессуары,"Серьги, которые заказывали как 'свободные', на самом деле слишком большие и не подходят под уши — в итоге выглядят несбалансированно и неудобно при носке."
украшения и аксессуары,"Ожерелье обещало быть из 925 пробы, а на деле — сплав из тонкого, хрупкого сплава, который быстро начинает царапаться и терять блеск даже после одного дня ношения."
украшения и аксессуары,"Кольцо из стекла с рисунком винтажного стиля — красиво, но упаковка была в пластиковой пленке, что не очень удобно при хранении. Цвет немного отличается от фото — кажется, более сероватым. Доставка прошла за 7 дней, всё в порядке."
украшения и аксессуары,"Сумка, которую заказывали как «с ручной работой», пришла с трещинами на ткани и не держит вещи — везде дыры, особенно на молнии. Доставка была задержана на 10 дней, хотя в описании сказано «в течение 3 дней»."
украшения и аксессуары,"Серьги красивые, но застёжка ржавеет — через неделю ослабла."
украшения и аксессуары,"Ожерелье как на фото, только бусины чуть меньше, чем обещали."
украшения и аксессуары,"Браслет из бронзы с ручной росписью выглядит аккуратно, как в описании. Небольшой износ на краю, но не влияет на общее впечатление. Доставка — в срок, упаковка герметичная."
украшения и аксессуары,"Серьги из серебра 925 пробы имеют гладкую поверхность, зажимы надежные, бусины расположены симметрично. Доставка была вовремя, упаковка в защитной пленке."
украшения и аксессуары,"Браслет из кожи пришёл в тонкой папке с логотипом, цвет — тёмно-коричневый, размер — 18 см, как указано. Материал — натуральная кожа, но она немного стирается при контакте с водой. Упаковка не очень прочная — папка слегка порвалась. Доставка — 6 дней."
украшения и аксессуары,"Серьги из бронзы выполнены аккуратно, цвет соответствует фото. Упаковка плотная, без сколов. Доставка заняла 5 дней, в порядке."
украшения и аксессуары,"Ремень удобный, но материал быстро выцветает на солнце."
украшения и аксессуары,"Ожерелье из стекла и бисера выполнено аккуратно, цвета хорошо сочетаются. Застёжка на цепочке надёжна, но крепление бисера слегка ослабло после 2 недель носки."
украшения и аксессуары,"Браслет из металла, но покрытие пошло — появилась ржавчина через неделю."
украшения и аксессуары,"Ожерелье очень элегантное, только цвет не совпадает с фото."
украшения и аксессуары,"Браслет приятный, но материал тонкий — быстро стирается."
украшения и аксессуары,"Шарф из шерсти в тёмно-сером цвете — приятный, тёплый, но упаковка была в обычной папке без вкладки, что неудобно для хранения. Размер — 180 см, как и указано, но в упаковке не было измерений. Доставка — за 4 дня, всё пришло в порядке."
украшения и аксессуары,"Ремень, который казался прочным и из натуральной кожи, после 3 дней использования начал трескаться по краям. Кожа сухая, не держит форму, а на швах видно, что он был сделан из бюджетного материала, а не из натуральной кожи как обещали."
украшения и аксессуары,"Шарф из натурального шерстяного материала — тёплый, мягкий, как будто он сам пришёл из сказки. Подходит как для дома, так и на работу. Всё, что я ожидала — и даже больше! Спасибо за такой прекрасный выбор!"
украшения и аксессуары,"Очки с заявленным «антибликовым покрытием» полностью не работают — стекло отражает свет, как у старых моделей, и в сумерках всё равно мешают видеть, а также в комплекте не было ни одной коробки, только пакет из пластика."
украшения и аксессуары,"Серьги из золота с бусинами восточного стиля — просто волшебство! Каждый раз, когда смотрю в зеркало, чувствую себя особенной. Стиль, качество, уход — всё на высшем уровне. Очень рекомендую!"
украшения и аксессуары,"Ремень не как описано — материал толстый, не подошёл под стиль."
украшения и аксессуары,"Серьги, которые заказывали как «с золотом 14 карат», оказались из сплава, который выглядит как пластик. Зерна металла неоднородные, блеск неестественный, после нескольких дней в использовании начали появляться царапины."
украшения и аксессуары,"Браслет с кристаллами стал главным элементом моего образа! Очень приятно на ощупь, не скользит, а когда светится — просто волшебно. Спасибо за быструю доставку и честную цену — теперь наверняка буду покупать у вас снова!"
украшения и аксессуары,"Очки смотрятся аккуратно, но стекло скользит — неудобно при работе."
украшения и аксессуары,"Ремень из искусственной кожи выглядит стильно, не выцветает под солнцем. Крепление надёжное, не отслаивается. Упаковка плотная, в коробке с наклейкой."
украшения и аксессуары,"Ожерелье как на фото, но бусины немного блестят не так, как ожидается."
украшения и аксессуары,"Очки пришли с повреждённой оправой — одна сторона скрипит, а стекло по краям потрескавшееся. Всё это не соответствует фото, и в отзыве не было упомянуто о дефектах на этапе производства."
украшения и аксессуары,"Ожерелье из серебра с бусинами — очень красиво, цвет как указано. Упаковка в прозрачной пленке с картонной упаковкой, всё чисто и аккуратно. Доставка прошла за 5 дней, всё в срок."
украшения и аксессуары,"Серьги из серебра 925 прозрачные, как описано, имеют равномерный блеск. Упаковка плотная, без следов царапин. Доставка за 4 дня, всё в срок."
украшения и аксессуары,"Очки с фиолетовыми линзами — отличный выбор, но не прозрачные, как в описании."
украшения и аксессуары,"Ожерелье очень стильно, но металлический блеск не как обещали."
украшения и аксессуары,"Шарф из шерсти с тонким узором — невероятно теплый и стильный! Сразу заметил, что он отлично сочетается с курткой и платьем. Всегда чувствую себя уютно и модно, когда его носишь. Спасибо за такой качественный и красивый аксессуар!"
украшения и аксессуары,"Браслет из искусственной кожи в тёплом бежевом цвете — приятный и универсальный. Упаковка в чехле из ткани, хорошо защищает от царапин. Размер 16 см, как указано в описании. Доставка прошла быстро — через 3 дня, заказал в выходные, получил в понедельник."
украшения и аксессуары,"Серьги из золота 14 карат в цвете бежевом пришли в идеальном виде. Упаковка из ткани с защитным слоем — очень аккуратная, не было царапин. Размер подошёл, висят плотно. Доставка заняла 5 дней, всё вовремя."
украшения и аксессуары,"Ремень силиконовый — удобный, но быстро теряет форму после стирки."
украшения и аксессуары,"Ожерелье с кристаллами — как солнечный свет в тишине! Носила на свадьбе и вдруг поняла, что оно меня вдохновляет. Каждый раз, когда смотрю на него, чувствую тепло и уверенность. Огромное спасибо за такой прекрасный подарок!"
украшения и аксессуары,"Очки в хорошем состоянии, но оправа слегка искажается в солнце."
украшения и аксессуары,"Сумка из ткани с ручкой — чистая, не выцветает. Застёжка работает плотно, не скользит. Упаковка была в пленке, не проникает влаги."
украшения и аксессуары,"Серьги, которые заказывали как 'с бриллиантами', оказались с маленькими стразами — визуально не соответствуют фото. Кроме того, они не подходят по размеру: слишком тонкие, и не держатся на ушах."
украшения и аксессуары,"Браслет с кристаллами — красивый на фото, но при попытке надеть его на руку оказалось, что он не подходит по размеру. Попробовал на обе руки — не садится, и при этом застёжка просто не держится, оторвалась через час."
украшения и аксессуары,"Ремень из искусственной кожи не вызывает аллергии, материал приятный к телу. В комплекте были два зажима, они работают стабильно."
украшения и аксессуары,"Серьги из серебра просто волшебные! Каждое движение подчёркивает мой стиль, они выглядят элегантно и утончённо. Спасибо за качественный и красивый товар — буду заказывать ещё!"
украшения и аксессуары,"Шарф с ручной вышивкой — настоящий тренд! Очень теплый, мягкий, и каждое утро я в восторге от него. Выглядит как у кого-то из модных блогеров, а цена — чудесная. Рекомендую всем!"
украшения и аксессуары,"Серьги из белого золота просто волшебные! Всё как на фото — блестят, красиво сидят на ушах и подчёркивают любой образ. Теперь каждый вечер я ношу их — чувствую себя особенной!"
украшения и аксессуары,"Сумка, которую заказывали как 'с джинсовым принтом', пришла с искажённым изображением — принт смазан и размыт. К тому же, на боку пропал шнурок, и сумка не закрывается. Доставка была несвоевременной — пришло через 14 дней, а в пакете был треснутый кабель."
украшения и аксессуары,"Шарф приятный, но быстро теряет форму при стирке."
украшения и аксессуары,"Ожерелье из натурального стекла — красивое, как сказка! Уникальный дизайн, очень лёгкое, не давит на шею. Надевал его на вечеринку — все похвалили, я чувствую себя как звезда!"
украшения и аксессуары,"Браслет из латуни с узором в виде розеток — внешний вид приятный, как и в фото. Застёжка надёжная, не скользит. Доставка произошла в срок, упаковка герметична."
украшения и аксессуары,"Ожерелье обещало быть из 925-го серебра, но при получении оказалось из дешевого сплава — металл быстро окисляется и приобретает серый оттенок после нескольких дней носки."
украшения и аксессуары,"Ожерелье из бусин из искусственного камня — в прозрачной пакетике с ленточным ворсом. Цвет — бежевый с оттенком серебра, размер 40 см. Несмотря на то что оно красиво, бусины легко смещаются, и застёжка не очень надёжна. Доставка — через 5 дней, вовремя."
украшения и аксессуары,"Ожерелье выглядит как из роскошного материала, но застёжка не держится."
украшения и аксессуары,"Ремень из ткани с золотистым узором соответствует фото, швы плотные, доставка была быстрее, чем ожидалось."
украшения и аксессуары,"Браслет с кристаллами пришёл с дефектами — кристаллы отвалились, и в местах соединений видны следы коррозии. Доставка была задержана на 7 дней из-за ошибки в адресе, которую не уточнили в сообщении."
украшения и аксессуары,"Шарф из хлопка в цвете оливково-сером пришёл в хорошем состоянии. Упаковка — в пакете из биоразлагаемой ткани, что приятно. Размер — стандартный, но немного короткий, поэтому нужно было срезать край. Доставка — 8 дней, пришёл вовремя, без задержек."
украшения и аксессуары,"Ремень из искусственной кожи — толщина и цвет соответствуют фото. Застёжка не смещается, но не очень гибкая. Упаковка в полиэтиленовом пакете, без дополнительных элементов."
украшения и аксессуары,"Браслет из натурального дерева и бронзы — просто божественный! Стильный, уютный, как будто носишь часть своей природы. Даже друзья спрашивают, что это за аксессуар. Очень рада, что выбирала именно здесь — теперь мой стиль стал ярче!"
украшения и аксессуары,"Сумка не такая, как в описании — материал тонкий и быстро стирается."
украшения и аксессуары,"Кольцо с бриллиантом в стиле минимализма — настоящее чудо! Стильно, элегантно, и главное — не скатывается, как многие другие подобные изделия. Каждый раз, когда смотрю на него, чувствую себя особенной. Спасибо за такой красивый аксессуар!"
украшения и аксессуары,"Серьги из серебра выглядят просто волшебно! Благородный блеск, идеально подчёркивают лицо, а главное — пришли вовремя, как заказывал. Теперь каждый день смотрю в зеркало и улыбаюсь — такая маленькая вещь сделала мое утро ярче!"
украшения и аксессуары,Кольца не соответствуют описанию — стали тусклыми после нескольких дней ношения.
украшения и аксессуары,"Серьги из серебра 925 пробы выглядят элегантно, качество металла хорошее, без царапин. Упаковка в подкладке из ткани, не проникает влаги, доставка была вовремя."
украшения и аксессуары,"Ожерелье выглядит красиво на фото, но после первого ношения стекло на кольцах треснуло — не выдерживает даже лёгкого давления. Качество явно не соответствует цене."
украшения и аксессуары,"Шарф из шерсти с паттерном ветра — просто восхититель! Очень тёплый, не скользит, а визуально делает образ более аутентичным. Надевала на работу — все смотрят и спрашивают, откуда он? Удивляюсь, как такая вещь может быть такая красивая и удобная!"
украшения и аксессуары,"Ожерелье из стекла с кристаллами пришло в красивой коробке, цвет — темно-серый с золотистым блеском. Размер — 45 см, как указано. Ожерелье выглядит элегантно, но крепление на шарнире оказалось слабым — через 3 дня оно начало скрипеть. Упаковка была надёжной, доставка — через 4 дня."
украшения и аксессуары,"Ожерелье очень стильное, но стразы начали отслаиваться через неделю."
украшения и аксессуары,"Новое ожерелье с перламутром — настоящее счастье! Было в восторге от дизайна и качества. Светится на солнце, как солнечный утренний свет, и подчёркивает мой образ. Очень рекомендую!"
украшения и аксессуары,"Очки пришли с трещинами в оправе — хотя в описании было сказано, что они 'без дефектов'. После первой сессии на солнце стекло начало плавиться и терять прозрачность. Качество явно не соответствует заявленному."
украшения и аксессуары,"Ожерелье с камнями — красиво на фото, но при получении оказалось, что кристаллы трескаются при легком давлении. Качество не соответствует описанию. Надеялись на долговечность, а у нас оно развалилось через неделю."
украшения и аксессуары,"Браслет из бронзы, который рекламировали как 'эксклюзивный и прочный', после нескольких дней ношения начал покрываться ржавчиной. Материал не соответствует заявленному, и не устойчив к влаге. Очень разочарованы."
украшения и аксессуары,"Браслет приятный, но застёжка не держит — через день зацепился."
украшения и аксессуары,"Очень довольна сумкой из натуральной кожи — стильная, прочная, и в ней удобно хранить всё необходимое. Упаковка была тщательной, а сама вещь — как из мечты. Спасибо за отличный выбор!"
украшения и аксессуары,"Ожерелье с кристаллами — просто волшебство! Оно подчеркивает мою фигуру, светится даже в тусклом свете и делает любой наряд более сказочным. Каждый раз, когда его носить, чувствую себя как в другой мире. Огромное спасибо!"
украшения и аксессуары,"Ожерелье приятно смотрится, но металлическая часть постепенно покрывается ржавчиной."
украшения и аксессуары,"Шарф из хлопка с бамбуковой вставкой — идеальный выбор на холодную погоду! Тёплый, приятный к телу, не скатывается. Уже рекомендую всем своим друзьям — они в восторге!"
украшения и аксессуары,"Браслет с кристаллами пришёл с дефектом — один из кристаллов выпал, а шарнир оказался слишком хрупким, через три дня он сломался при обычной погоде и резком движении."
украшения и аксессуары,"Браслет из натурального камня — красивый, но не подошёл по размеру: на руке оказался слишком широким. Упаковка была в тканевой сумочке с надписью, всё аккуратно. Доставка прошла за 4 дня — быстро, но с перепадом температуры в посылке камень немного потускнел."
украшения и аксессуары,"Ожерелье в бежевом цвете — очень стильное, упаковано в пакет с пленкой, как в магазине. Размер средний, подойдет на тонкие шеи. Застёжка надежная, не скользит. Доставка прошла за 4 дня, всё в порядке."
украшения и аксессуары,"Браслет из натурального дерева имеет приятный текстурный вид. Цвет не выцветает под солнцем. Доставка была быстрее, чем ожидалось, упаковка — стандартная, но целая."
украшения и аксессуары,"Сумка красивая, но материал не как описан — тонкий, как бумага, а не плотный."
украшения и аксессуары,"Ожерелье из бусин с бисером выполнено симметрично, цвет соответствует фотографии. Доставка была быстрой, сумка была в оригинальной упаковке с наклейкой."
украшения и аксессуары,"Ремень не соответствует описанию — материал хуже, чем на картинке."
украшения и аксессуары,"Сумка из экологичного материала — идеально подошла для поездок! Универсальный дизайн, красиво смотрится с любой одеждой, а внутри всё аккуратно упорядочено. Очень довольна покупкой!"
украшения и аксессуары,"Ремень из кожи пришёл с небольшим следом на поверхности — не сильно, но заметен. Доставка была быстрее, чем ожидалось, упаковка герметичная."
украшения и аксессуары,"Браслет из кожи в тёмно-сером цвете пришёл с небольшим разрезом на краю — несмотря на упаковку из защитной пленки. Размер 16 см, подошёл, но не выдержал давления при ношении. Доставка — 6 дней, упаковка была плотной, но не защитила от повреждений."
украшения и аксессуары,"Сумка в стиле минимализма — идеальный аксессуар для повседневной жизни. Легко везёт, стильный, не скучный. Удивительно, насколько она выглядит дорого и элегантно, хотя и стоит недорого. Обязательно куплю ещё!"
украшения и аксессуары,"Серьги, которые заказывали как 'серьги-бабочки', оказались совсем не такими — размеры слишком маленькие, не подходят для ушей, а структура металла пошатнулась, после нескольких дней начала покрываться ржавчиной."
украшения и аксессуары,"Браслет из натурального бамбука — настоящий тренд! Мягкий, удобный, не скользит по рукам. Особенно рада, что он не вызывает аллергии — теперь ношу его каждый день даже на работе!"
украшения и аксессуары,"Ремень из искусственной кожи — прочный, не деформировался после нескольких дней ношения. Упаковка была в пакетике с защитным слоем, всё чисто и аккуратно."
украшения и аксессуары,"Серьги красивые, но застёжка оказалась слабой — выпала через два дня."
украшения и аксессуары,"Ожерелье из бусин из натурального камня — размеры соответствуют описанию, бусины плотно прилегают друг к другу. Упаковка в коробке с вкладышем, всё чисто и аккуратно."
украшения и аксессуары,"Ожерелье из натурального жемчуга — настоящее волшебство! Каждый раз, когда его надеваю, чувствую себя уютно и уверенно. Материал качественный, подошло к любому наряду, особенно к платью в тоне бежевого — волшебно!"
украшения и аксессуары,"Браслет из бусин с бусинами из кварца — очень красивый, цвет как на фото: тёплый золотистый. Упаковка в мягкой тканевой сумочке, не проникает влаги. Размер — 18 см, подошёл на запястье. Доставка — 3 дня, всё быстро и аккуратно."
украшения и аксессуары,"Серьги, которые заказывали как 'с золотистым блеском', оказались с тусклым покрытием, выглядят как копия дешёвых товаров из магазина 'Дом-2'. Даже на солнце не отражают свет, несмотря на обещание 'прекрасного блеска'."
украшения и аксессуары,"Шарф из хлопка имеет приятный текстурный вид, не пересыхает. Упаковка была в полипропиленовой пленке, доставка прошла без задержек."
украшения и аксессуары,"Кольцо в стиле минимализма — идеальное решение для повседневного ношения. Оно очень легкое, не оставляет следов на коже, и подчеркивает мой стиль. Удивлена, насколько красиво оно смотрится на пальце — теперь его носить не могу без него!"
электроника,"Планшет хорошо подходит для работы — процессор отвечает на запросы быстро, система стабильная. Упаковка была аккуратной, все компоненты были в наличии по описанию."
электроника,"Наушники пришёл с браком — один из динамиков не работает, а второй даёт постоянный шум. В описании сказано, что они «высококачественные», но на деле — просто плохие. Доставка прошла с задержкой на 5 дней."
электроника,"Смарт-часы пришли в белом цвете, упаковка была надёжной, не ломалась. Размер компактный, удобен для носки. Зарядки хватает на 7 дней. Доставка — через 3 дня, всё как обещали."
электроника,"Смарт-часы не показывают время на экране — при включении просто мигают. Батарея не держит заряд даже на 2 дня. В описании сказано, что они «совместимы с iOS и Android», но не работает ни на одном из устройств. Доставка пришла с нарушением — в холодильнике, и в упаковке был повреждён экран."
электроника,"Смартфон быстро заряжается, экран чистый, всё работает стабильно."
электроника,"Смарт-часы показывают время точно, будильник работает, но экран мелькает."
электроника,"Камера пришла в зелёной коробке, цвет — аквамариновый, как на сайте. Упаковка плотная, не пролетела. Работает на 4K, снимает стабильно, даже в условиях слабого света. Доставка — 6 дней, немного дольше, чем в описании, но всё же вовремя."
электроника,"Камера на ноутбуке — настоящая находка! Фото и видео получаются с чистым цветом и детализацией. Всё как в описании, а ещё — удобный интерфейс. Спасибо за такой качественный продукт, теперь я не вернусь к старым моделям!"
электроника,"Наушники качественные, звук чёткий, не скрипят и не теряют сигнал."
электроника,"Планшет отлично подходит для работы, батарея держит до суток."
электроника,"Планшет получил в бежевом цвете, размер 10 дюймов — удобен для чтения и работы. Упаковка была аккуратной, всё в комплекте. Доставка была быстрее, чем ожидалось — через 3 дня."
электроника,"Наушники не подходят по размеру — они слишком большие и не сидят на ушах. Через 3 дня один из разъёмов перестал подключаться, а в ушах ощущается дискомфорт. Очень разочарован покупкой."
электроника,"Смартфон пришёл с трещиной на экране — несмотря на то, что в описании написано, что он «без дефектов». Доставка заняла 14 дней, хотя укажут в 3 дня. Был заказан как «для работы», а теперь не справляется с мультимедиа и перегревается при игре."
электроника,"Планшет не поддерживает iOS, хотя в описании написано, что он совместим с системами Apple. Камера работает плохо — изображение постоянно размытое, а батарея держит заряд всего 2 часа. Недоволен качеством и функционалом."
электроника,"Планшет подходит для работы — дисплей реактивный, переключение между приложениями плавное. Упаковка была герметичной, все компоненты были в наличии."
электроника,"Смарт-часы пришли — в восторге! Отслеживает сон, пульс, уведомления — всё работает идеально. Очень удобно на работе и дома. Уже носил целый день — никаких сбоев, только позитив. Всё как обещали!"
электроника,"Наушники звучат отлично, беспроводной соединение стабильное."
электроника,"Ноутбук получил в чёрной упаковке, размер как указан — компактный, легко помещается в рюкзак. Упаковка надёжная, не сломался при транспортировке. Доставили через 5 дней — вовремя, всё в порядке. Звук и производительность соответствуют ожиданиям."
электроника,"Смарт-часы не показывают время в режиме сна, а батарея уходит на 15 часов — не соответствует заявленному сроку. В меню нет настройки яркости, и экран быстро выключается. Доставка была затянута — пришло через 20 дней."
электроника,"Планшет удобный для работы, батарея держит до 10 часов."
электроника,"Наушники супер! Звук чистый, прозрачный, без искажений. Удобно носить на работе и в дороге. Понравилось, что они не скользят и не теряют заряд. Всё идеально, обязательно куплю ещё!"
электроника,"Наушники имеют хорошее качество звука, поддержка Bluetooth стабильна. Упаковка защитная, кабель не изгибается при использовании. Доставка прошла без задержек."
электроника,"Наушники с хорошим звуком, передают басы и высокие частоты. Подключение по Bluetooth стабильное, не требуется настройки. Упаковка простая, но защищает устройство от повреждений."
электроника,"Планшет подходит для работы и просмотра видео — процессор отвечает на нагрузку, дисплей отражает цвета точно. Упаковка была плотной, всё было в комплекте, как указано в описании."
электроника,"Смарт-часы показывают время точно, экран реактивен и читаем в тёмноте. Поддержка батареи — до 7 дней. Доставка прошла без задержек, упаковка была тщательно упакована."
электроника,"Планшет удобный для работы, батарея держит до суток."
электроника,"Наушники с подключением по Bluetooth работают стабильно, звук сбалансированный. Упаковка плотная, всё было в комплекте по описанию."
электроника,"Колонки с хорошим басом, звук чистый и равномерный. Упаковка плотная, нет следов повреждений. Поставили в квартире — визуально выглядят аккуратно и современно."
электроника,"Смартфон держит заряд на 2 дня, экран чистый, всё как в описании."
электроника,"Смартфон пришёл с трещиной на экране — в упаковке не было никаких защитных пленок, а в описании сказано, что он «прочный». Покупал по скидке, теперь возвращаюсь с потерей денег."
электроника,"Планшет слишком тяжёлый и толстый для портативного использования. Клавиатура не подключается к зарядке, а при попытке подключить к компьютеру зависает. Качество сборки — на уровне подешевле, детали не выдерживают давления."
электроника,"Колонка имеет умеренный звук, хорошо передаёт басы при музыке. Удобно использовать в качестве настольного аксессуара. Доставка была вовремя, упаковка не повредилась, товар соответствует описанию."
электроника,"Планшет пришёл — в восторге! Экран огромный, плавно реагирует на прикосновения, игры проходят без задержек. Дети с радостью пользуются, родители — тоже! Спасибо за отличный выбор!"
электроника,"Смарт-часы показывают время точно, батарея держит 7 дней."
электроника,"Планшет легкий, экран чистый, подходит для работы."
электроника,"Наушники передают звук чётко, в режиме блютуз соединение стабильное. Доставка прошла быстро, упаковка защищала товар от вибраций."
электроника,"Колонки не держат звук в полной силе, особенно в помещении с бетонными стенами. Громкость падает на 60% по сравнению с аналогами. Даже в режиме максимальной мощности — тихо и с нарушением баланса частот."
электроника,"Колонки звучат хорошо, даже в узком помещении — отлично."
электроника,"Смарт-часы не показывают время в режиме сна, а в ночном режиме экран мигает и переключается каждый 10 секунд. Батарея съёгась через 3 дня, несмотря на заявленные 7 дней. Доставка была в два раза дольше, чем указано."
электроника,"Планшет слишком тяжёлый для портативного использования, а батарея держит заряд всего 3 часа. Всё остальное — как в описании, но экран не отражает яркость в темноте, что сильно мешает работе."
электроника,"Камера на ноутбуке — настоящий шедевр! Фото и видео в высоком разрешении, цвета живые, даже при плохом свете всё чётко. Всё, как в описании, и даже лучше. Буду покупать у вас снова!"
электроника,"Планшет стал незаменимым! Работаю с документами, смотрю видео и играю в игры — всё работает без сбоев. Экран очень четкий, переключение между приложениями — плавное. Даже дети рады, что теперь у них есть свой смарт-друг!"
электроника,"Планшет имеет хорошее разрешение, поддерживает до 1080p при просмотре видео. Система отвечает быстро, но при запуске нескольких приложений может немного тормознуть."
электроника,"Смартфон работает стабильно, экран яркий, заряжается быстро."
электроника,"Камера на телефоне превзошла все ожидания — снимает чёткие и живые изображения, даже в условиях плохого освещения. Установил фильтры и селф-съёмки — теперь каждый день вдохновляю!"
электроника,"Ноутбук — мой новый друг! Пускаю видео, рисую, пишу — всё гладко и быстро. Дизайн стильный, клавиатура комфортная, зарядка не уходит в тень. Удивился, насколько всё современно и надежно!"
электроника,"Заказал планшет белого цвета, упаковка плотная и защищала устройство. Размер чуть больше, чем в описании, но это не проблема. Доставили за 5 дней. Экран реактивный, батарея держит до 10 часов — всё как в отзывах."
электроника,"Наушники имеют хороший звук, в режиме низких громкостей звучание чёткое, без искажений. Упаковка плотная, приёмы и компоненты в порядке. Доставка — через 4 дня, как указано в описании."
электроника,"Смартфон просто волшебство! Батарея держит до 4 дней, экран чистый и яркий, камера снимает впечатляющие фото даже в темноте. Звук в фильмах и музыке — как в студии. Теперь я не откладываю покупку телефона — это мой лучший выбор!"
электроника,"Смарт-часы — настоящий подарок! Удобно отслеживать сон, активность и даже погоду. Показывает время с точностью до секунды, красиво выглядит и не теряется в кармане. Очень довольны!"
электроника,"Ноутбук справляется с офисными задачами, процессор работает без перегрева. Всё как указано в описании: экран 14 дюймов, Wi-Fi 6. Доставка — в срок, без задержек."
электроника,"Наушники пришёл с обрывом одного из проводов — не сработало на втором ушном отверстии. Звук слабый и с искажениями, особенно при разговорах. Упаковка была разорвана, и я не смог определить, где разорван провод. Всё это не соответствует описанию."
электроника,"Планшет не поддерживает Wi-Fi 6, это неожиданно."
электроника,"Планшет огромный для портативного использования — держать в руках тяжело, экран слишком большой, и при этом разрешение не соответствует ожиданиям. Потерял 30% батарейного времени даже при низкой нагрузке."
электроника,"Смарт-часы в сером цвете — упаковка была аккуратной, всё в порядке. Размер небольшой, как и описано. Доставили за 3 дня. Экран отражает свет хорошо, батарея держит до 7 дней. Очень удобно для повседневного использования."
электроника,"Смартфон не выдерживает падений — после одного броска экран треснул, а встроенный аккумулятор снизился на 40% уже через день. Доставка была задержана на 7 дней, несмотря на указанную дату."
электроника,"Смартфон работает стабильно, экран чёткий, батарея держит до 12 часов при среднем использовании. Доставка была быстрая, упаковка плотная и без повреждений."
электроника,"Смартфон просто волшебство! Экран яркий, чувствительный, батарея держит до 3 дней. Всё работает на уровне — даже в дороге не теряется связь. Уже рекомендую всем друзьям!"
электроника,"Колонки не выдают звук по заявленным характеристикам — даже в режиме максимального громкости звучание мутное, с постоянными искажениями. Доставка пришлась на выходные, а после получения пришёл с трещиной на корпусе."
электроника,"Планшет приобрёл с огромным удовольствием! Открываю его — сразу вижу, что экран чистый и гладкий. Работает на всех приложениях, даже игры проходят плавно. Дети рады, теперь у них полноценный помощник!"
электроника,"Наушники с хорошим звуком, особенно в режиме стерео. Подключение по Bluetooth стабильное, не отключаются при движении. Доставка — быстро, упаковка чистая и аккуратная."
электроника,"Планшет синего цвета пришёл в хорошей упаковке — внутри было всё: зарядное устройство, кабель и инструкция. Размер чуть больше, чем описывали, но это не мешает. Доставка заняла 5 дней, всё в порядке. Экран чёткий, работает на 8 часов подряд без перезагрузки."
электроника,"Камера снимает в хорошем качестве, особенно в условиях хорошего освещения. Угол обзора широкий, фокусировка стабильная. Упаковка герметичная, товар не поврежден."
электроника,"Колонки не работают с iPhone — даже после обновления прошивки. Звук скудный, частые сбои, а в усилении — просто шум. Всё это в условиях, когда в описании писалось, что «звук чистый и мощный». Отказываюсь от покупки подобного в будущем."
электроника,"Наушники пришёл с неисправным микрофоном — не работает голосовой активация. Звук в левом ухе полностью пропал через 2 дня. Качество звука — как у старого телефона, без детализации. Никакого отличия от обычных наушников, хотя цена была в два раза выше."
электроника,"Наушники — настоящая находка! Звук чистый, батарея держит до 30 часов, а главное — не отключаются при движении. Всегда в порядке, когда нужно включать музыку — восторг от покупки!"
электроника,"Смартфон работает стабильно, экран чёткий, батарея держит до 12 часов при среднем использовании. Доставка была вовремя, упаковка надёжная, нет следов повреждений."
электроника,Планшет не поддерживает погружение в приложения — не для работы.
электроника,"Смартфон работает стабильно, экран чистый, зарядки хватает на день."
электроника,"Планшет удобен для просмотра видео и чтения, дисплей отражает цвета хорошо. Операционная система отзывчивая, подключение к Wi-Fi стабильное. Упаковка плотная, всё в комплекте."
электроника,"Наушники с беспроводным соединением — невероятно удобные! Звук чистый, батарея держит до 30 часов, не разъединяются даже во время бега. Всё как в описании, и больше не хочу покупать другие!"
электроника,"Смартфон отличный, батарея держит до 2 дней, экран чистый."
электроника,"Смартфон пришёл с трещиной на экране — несмотря на то, что в описании сказано, что он «без дефектов». Уже через неделю экран перестал отображать цвета, а батарея разрядилась на 40% за день. Доставка была с уклоном — заказ пришёл через 12 дней, а не 3 дня, как обещали."
электроника,"Планшет пришёл — в восторге! Работает на весь день, экран без искажений, приложения открылись мгновенно. Дети с удовольствием играют, а я смотрю фильмы — всё идеально. Спасибо за отличный выбор!"
электроника,"Наушники с хорошей передачей звука, подключаются без задержек. Упаковка упакована плотно, не было повреждений при доставке, всё соответствует описанию."
электроника,"Камера снимает хорошо в светле, но в темноте плохо."
электроника,"Смартфон превзошёл все ожидания! Экран яркий, батарея держит заряд на 2 дня, камера снимает чёткие фото даже в плохом свете. Уже рекомендую друзьям!"
электроника,"Планшет слишком тяжелый и толстый — не подходит для повседневного использования. Кнопки на клавиатуре не реагируют, и при попытке включить экран — он просто не включается. Заметил, что в настройках не отображается GPS, хотя в описании это было указано как обязательное свойство."
электроника,"Смарт-часы отображают время точно, дисплей отзывчивый. Упаковка была чистой, все элементы были в комплекте. Доставка прошла без задержек."
электроника,"Колонки не проигрывают даже стандартный трек — звук хрипло и с искажениями. Доставка была вовремя, но при открытии упаковки оказалось, что корпус ослаблен и легко ломается при сильном ударе."
электроника,"Смарт-часы не отображают время в режиме сна, а в режиме отображения экрана — мелькают непонятные символы. Батарея сжимается на 30% уже через 3 дня, а размеры не соответствуют описанию — слишком малы для повседневного ношения."
электроника,"Камера на ноутбуке — отличная, особенно для фото в условиях плохого освещения. Упаковка плотная, цвет — серый, как указано в описании. Доставка заняла 5 дней, всё в порядке."
электроника,"Смартфон не выдержал даже 2 недель эксплуатации — экран треснул от падения, а батарея села на 30% за 3 дня, хотя в описании заявляли на 10 дней. Доставка была задержана на 7 дней, а товар пришёл с повреждённой упаковкой."
электроника,"Смарт-часы отслеживают сон, показывают время точно."
электроника,"Колонки не работают с Bluetooth на 3-м попытке подключения, а после этого не включаются вообще. Звук вообще слабый, как будто на слабом сигнале. Всё это не соответствует описанию, где говорилось, что звук чистый и мощный."
электроника,"Планшет оказался настоящим спасением! Работаю с ним дома и в дороге — везде удобно. Звук и графика на высоте, приложения открывают мгновенно. Спасибо за такой качественный продукт!"
электроника,"Наушники просто волшебные! Звук превосходный, отличная поддержка для музыки и звонков. Удобно сидеть в транспорте, не слышно шума. Покупал с радостью — теперь каждый вечер слушаю любимые треки с полным впечатлением!"
электроника,"Смарт-часы не показывают время в режиме «сна», а датчик сна не работает вообще. Батарея садится через 3 дня, хотя заявлено, что «длится до 14 дней». Качество сборки — худшее, чем у других брендов: кнопки не реагируют, экран мутный."
электроника,"Планшет оснащён хорошим дисплеем, поддерживает разные режимы освещения. Портативность и вес — как указано в описании. Упаковка плотная, все компоненты были в порядке."
электроника,"Камера снимает в хорошем качестве, особенно в условиях хорошего освещения. Фото и видео сохраняются на SD-карте без потерь. Упаковка была аккуратной, всё в порядке."
электроника,"Планшет удобен для просмотра видео и чтения. Операционная система отзывчивая, батарея держит заряд до 10 часов. Упаковка была хорошо защищена, товар пришёл в целости и сохранности."
электроника,"Наушники в синем цвете — стильные, упаковка была в коробке с вкладками, всё чисто и аккуратно. Звук чистый, баланс между bass и treble — отличный. Поставили через 3 дня, не было задержек. Закажу ещё пару пар."
электроника,"Ноутбук белого цвета пришёл в идеальном состоянии. Упаковка была плотной, защитные пластины — не дали повредить корпус. Размер 14 дюймов — уместен для офиса. Загрузка и работа стабильные. Доставка — за 7 дней, вовремя."
электроника,"Колонки звучат громко, но быстро перегреваются при длительной работе."
электроника,"Смарт-часы не отображают время в режиме сна, батарея разряжается за 2 дня. В описании сказано, что «поддерживает 7 дней», хотя на практике — не более 3. Покупал как подарок — теперь сожалею."
электроника,"Наушники подключаются без проблем, звук балансирован, чувствительность к шуму хорошая. Доставка была в срок, упаковка защитная."
электроника,"Смартфон просто волшебный! Экран яркий, батарея держит до 3 дней, камера снимает супер чёткие фото — даже в темноте! Работает стабильно, всё как в описании. Уже рекомендую друзьям!"
электроника,"Ноутбук оснащен хорошим процессором и свежим экраном. Звук и визуальная часть соответствуют описанию. Доставка прошла без задержек, товар пришёл в оригинальной упаковке."
электроника,"Наушники синего цвета — красивые, упаковка была в защитной пленке. Доставили за 2 дня. Звук чистый, но один из разъёмов немного ослаб, после 3 дней начал терять сигнал. Упаковка не спасла от повреждения — жаль."
электроника,"Смарт-часы показывают время точно, дисплей отражает свет в условиях тьмы. Зарядка происходит за 2 часа, упаковка была чистой и аккуратной, всё как в описании."
электроника,"Ноутбук имеет комфортную клавиатуру и чёткий монитор, подключение к Wi-Fi стабильно. Доставка заняла 4 дня, упаковка защитила устройство от вибраций."
электроника,"Планшет слишком тяжёлый и тонкий — в руке он скользит, неудобно держать. Батарея уходит на 30% за час, а при использовании в режиме работы — за 20 минут. Запись видео не работает с разрешением 4K, хотя в описании было указано, что поддерживается."
электроника,"Камера на ноутбуке — отличная, качество фото на уровне. Упаковка в пластике, не сломалась при транспортировке. Заказ был доставлен за 3 дня, всё как в описании."
электроника,"Смартфон работает стабильно, экран четкий, батарея держит заряд до 24 часов при обычном использовании. Доставка была в срок, упаковка надежная, без повреждений."
электроника,"Смартфон просто захватывает! Экран яркий, работает на все 100%, камера снимает чёткие фото даже в тёмное время суток. Звук на уровне, всё как в описании — просто восторг!"
электроника,"Смарт-часы — настоящий подарок! Умные уведомления, точное отслеживание сна и пульса. Всё работает без задержек. Теперь каждый день начинается с уверенности и энергии!"
электроника,"Смарт-часы показывают время точно, функции полезные."
электроника,"Планшет работает стабильно, удобно для работы и учебы."
электроника,"Смарт-часы отображают время точно, экран реактивен, заряжаются за 2 часа. Доставка была оперативной, упаковка не оставила следов."
электроника,"Планшет работает стабильно, поддерживает Wi-Fi и Bluetooth без сбоев. Камера снимает в хорошем разрешении, особенно при хорошем освещении. Упаковка плотная, все компоненты были включены в коробку."
электроника,"Наушники комфортные, звук чёткий, но не очень долговечны."
электроника,"Наушники пришёл с плохим сопротивлением — не подключаются к телефону даже через Bluetooth. После 2 дней использования один из них ломается, а второй перестал передавать звук. Упаковка была не герметичной — в ней был влаги и пыли."
электроника,"Камера снимает четко, даже в темноте — впечатлил."
электроника,"Колонки зелёного цвета пришли в герметичной упаковке, без повреждений. Размер компактный, легко помещается в сумке. Доставка — 2 дня, как и обещали. Звук чистый, особенно на высоких частотах. Рекомендую!"
электроника,"Смарт-часы показывают время с погрешностью до 5 минут, а в ночном режиме экран мигает и не включается полностью. Доставка была с нарушением сроков — пришло через 14 дней, а товар пришёл с повреждённым корпусом."
электроника,"Наушники хорошие — звук чистый, подключаются без проблем."
электроника,"Ноутбук впечатляет: экран диагональ 14 дюймов, разрешение Full HD, встроенная камера работает нормально. Доставка прошла без задержек, товар пришёл в оригинальной коробке."
электроника,"Наушники пришли с повреждённой гнездом, не вставляются в телефон. Даже после обращения в службу поддержки — проблема не решена. Служба не отвечает, а доставка повторилась с пересылкой через 10 дней."
электроника,"Наушники — это волшебство! Звук превосходный, чистый и глубокий, даже в шумной улице можно слышать музыку как в доме. Связь стабильная, не отключается. Уже заказал вторую пару для брата — он в восторге!"
электроника,"Смартфон работает стабильно, экран чёткий, дисплей отражает свет хорошо. Зарядка идет на 30% за 30 минут. Доставка была в срок, упаковка надёжная, без повреждений."
электроника,"Планшет впечатляет — батарея держит до 10 часов, поддерживает 4K при просмотре видео. Упаковка была аккуратной, все компоненты были в порядке."
электроника,"Смартфон пришёл с трещиной на экране — в упаковке не было никаких защитных пленок, а в описании сказано, что он прочный. Заряжается медленно, даже при использовании кабеля от производителя. Пока не понятно, что с батареей — она разряжается на 30% за один день."
электроника,"Планшет удобен для работы и просмотра видео. Операционная система отзывчивая, поддерживает большинство форматов файлов. Упаковка плотная, все компоненты были в порядке."
электроника,"Наушники передают звук чётко, подключение по Bluetooth стабильно. Колонка не шумит, в режиме низкого уровня громкости работает хорошо. Доставка — вовремя, упаковка — герметичная."
электроника,"Камера снимает четко, даже в темноте — очень довольны."
электроника,"Смартфон пришёл с трещиной на экране — несмотря на то, что в описании сказано, что он новая модель, в упаковке была трещина, и при этом не было никаких уведомлений. Заряжается медленно, батарея держит меньше 2 часов, а камера не фокусируется на людях."
электроника,"Наушники с хорошим звуком, особенно в режиме низких частот. Удобно в использовании, не скользят на ушах. Упаковка была герметичной, без следов повреждений."
электроника,"Смарт-часы не отображают время в реальном времени — постоянно отстают на 15 минут. Нет батарейного режима, заряжаются только через USB-C, а не через разъём на боку. Пришёл с мелкими трещинами на корпусе, хотя в описании было сказано, что он «без дефектов»."
электроника,"Смарт-часы не показывают время точно — на 5 минут сбоят. Доставка была несвоевременной, а в пакете оказалось не то, что заказывал. Устройство не реагирует на биометрию, что делает его практически бесполезным."
электроника,"Камера снимает в хорошем качестве, особенно в условиях хорошего освещения. Упаковка была аккуратной, всё было в комплекте, как указано в описании."
электроника,"Смартфон превзошёл все ожидания! Экран яркий, чувствительный, камера снимает с чистым цветом и деталями. Батарея держит до 3 дней — впечатляюще! Теперь у меня всё работает идеально, даже во время путешествий."
электроника,"Доставка заняла 18 дней, хотя упоминалось, что товар приходит в течение 3–5 дней. При получении обнаружил, что наушники не работают с iPhone — не указано в описании, но это критично для покупателя."
электроника,"Планшет стал моим вторым домом! Писать, смотреть видео, даже учиться — всё комфортно. Дизайн красивый, аккуратный, а главное — не перегревается. Очень доволен!"
электроника,"Планшет легкий, подходит для учебы, разблокировка через лицо — удобно."
электроника,"Ноутбук справляется с офисными задачами, клавиатура удобная, подключение к Wi-Fi стабильное. Доставка прошла быстро, товар пришёл в оригинальной коробке без дефектов."
электроника,"Ноутбук справляется с офисными задачами, процессор работает без перегрева. Камера качества соответствует описанию, хотя в условиях плохого освещения немного размыта. Доставка — в течение 3 дней, упаковка плотная."
электроника,"Наушники супер, звук чистый, не перегреваются даже при долгой работе."
электроника,"Наушники пришли в серой упаковке, размер — средний, как указано. Цвет соответствует, упаковка не пропускает пыль. Звук чистый, но в режиме экстренного подключения чуть нестабильный. Доставили за 4 дня — быстро, всё как ожидалось."
электроника,"Камера снимает в хорошем качестве, особенно в условиях хорошего освещения. Автофокус работает стабильно. Упаковка была герметичной, нет следов повреждений."
электроника,"Колонки в зелёном цвете, упаковка была в пакете с пенопластом, всё было аккуратно. Доставили через 7 дней — немного дольше, чем ожидал, но в целом всё в порядке. Звук мощный, особенно на высоких частотах. Размер компактный — вписался в шкаф."
электроника,"Смарт-часы синего цвета, размер компактный — удобно носить. Упаковка в коробке с влагозащитой, не пахнет. Доставка — 6 дней, всё в порядке."
электроника,"Ноутбук имеет хороший процессор, работает без зависаний при офисных задачах. Клавиатура с комфортом, экран без искажений. Доставка произошла за 3 дня, упаковка герметичная."
электроника,"Смарт-часы показывают время точно, экран реактивен, поддерживает синхронизацию с телефоном. Упаковка была герметичной, товар пришёл без повреждений."
электроника,"Смартфон работает стабильно, экран чёткий, заряжается быстро."
электроника,"Наушники хорошо справляются с фоновым шумом, подключение по Bluetooth стабильное. Звук сбалансированный, не перегружает ушные проходы. Упаковка герметичная, все элементы были в наличии."
электроника,"Смарт-часы показывают время точно, дата и погоду — всё актуально."
электроника,"Колонки имеют хороший баланс звуков, особенно в низких частотах. Упаковка надёжная, товар пришёл в срок. Никаких дефектов не обнаружено."
электроника,"Колонки громкие, но шумные при фоновом звуке — не для спокойного дома."
электроника,"Камера на телефоне — просто волшебство! Снимал вечерний свет, и всё было как в реальности — цвета живые, детали чёткие. Удивился, насколько хорошо снимает в темноте. Очень рад!"
электроника,"Смартфон работает стабильно, экран четкий, батарея держит до 12 часов при среднем использовании. Доставка была быстрая, упаковка надежная, без повреждений."
электроника,"Смартфон имеет чёткий экран, дисплей отражает цвета хорошо. Батарея держит заряд до 12 часов при среднем использовании. Доставка была в срок, упаковка надёжная, нет следов повреждений."
электроника,"Колонки выглядят стильными, звук превосходный — как будто в студии! Слушаю музыку дома и на прогулке, всё время в восторге. Заряжается быстро, надёжные и прочные. Закажу ещё!"
электроника,"Планшет подходит для работы: процессор отвечает на задачи, дисплей отражает цвета точно. Упаковка включала все компоненты, в том числе зарядное устройство и кабель."
электроника,"Камера снимает в хорошем качестве, даже в условиях плохого света."
электроника,"Планшет подходит для работы — процессор отвечает на запросы быстро, экран с хорошей цветопередачей. Упаковка была надёжной, товар пришёл в целости и сохранности."
электроника,"Планшет идеален для работы и учебы! Операционная система плавная, дисплей чистый и яркий, писать и смотреть видео — без проблем. Удивился, насколько он долговечный!"
электроника,"Наушники с первого дня стали незаменимыми. Звук чистый, баланс между bass и highs идеальный. Могу слушать музыку в дороге, на работе и даже в поезде — без раздражения. Удивительно хорошее качество!"
электроника,"Камера снимает хорошо в светле, детали на фото ясные."
электроника,"Камера снимает четко, даже в условиях плохого света."
электроника,"Смартфон просто волшебство! Качество звука на уровне, экран яркий и чёткий, даже в солнце. Быстро заряжается, камера снимает впечатляющие фото — даже в условиях плохого освещения всё чётко. Уже рекомендую друзьям!"
электроника,"Смарт-часы показывают время точно, но экран мигает при сильном свету."
электроника,"Смарт-часы показывают время точно, экран отображает данные чётко. Батарейка держит заряд до 7 дней. Упаковка была герметичной, товар пришёл без следов повреждений."
электроника,"Планшет пришёлся по размеру — удобно для работы и просмотра видео. Операционная система отзывчивая, зарядка через USB-C работает быстро. Упаковка не повредилась в пути."
электроника,"Смарт-часы показывают время точно, но батарея быстро разряжается."
электроника,"Наушники отличные — звук яркий, удобные в использовании."
электроника,"Камера снимает в хорошем разрешении, фокусировка стабильная. Видео записывает без искажений. Упаковка плотная, не было повреждений при доставке."
электроника,"Смартфон пришёл с трещиной на экране, несмотря на то что в описании сказано, что он без дефектов. Доставка заняла 14 дней — не соответствует заявленному сроку. Звук скудный, и после 2 дней работы аккумулятор уходит на 40% за час."
электроника,"Смартфон просто волшебство! Экран яркий, батарея держит до 3 дней, камера снимает впечатляющие фото даже в тёмном свете. Всё работает без сбоев — теперь я не могу жить без него!"
электроника,"Ноутбук оснащён SSD, запускает системы быстро. Клавиатура удобная, вентиляция работает нормально. Доставка — в течение 3 дней, упаковка не повреждена."
электроника,"Смартфон пришёл с трещиной на экране — несмотря на то, что в описании сказано, что он «без дефектов». Доставка заняла 14 дней, а возврат — ещё 7. Качество сборки просто ужасное, кнопки не реагируют, а батарея держит заряд всего 3 часа."
электроника,"Смартфон работает стабильно, экран чёткий, дисплей отражает свет без искажений. Доставка прошла быстро, упаковка надёжная, без повреждений."
электроника,"Планшет оказался слишком тяжёлым для ношения, экран мелкий и чёткий только в хорошем освещении. После 2 дней использования экран начал «переключаться» между режимами, и падало подключение к Wi-Fi. Доставка была задержана на 5 дней из-за неправильного адреса."
электроника,"Колонки просто волшебные! Звук на высшем уровне, даже в комнате с тяжёлым фоном всё чётко и ярко. Слушаю музыку на работе и чувствую себя как в клубе. Спасибо за покупку!"
электроника,"Смарт-часы — как настоящий подарок! Умные уведомления, отслеживает сон и активность. Уже вижу разницу в режиме жизни — сплю лучше, бегаю чаще!"
электроника,"Наушники звучат отлично, беспроводной режим стабилен."
электроника,"Планшет как настоящий помощник в жизни! Писать, смотреть фильмы, учиться — всё комфортно и быстро. Операционная система плавная, дисплей прозрачный и не перегревается. Очень доволен покупкой!"
электроника,"Смартфон работает стабильно, экран чёткий, батарея держит до 12 часов при среднем использовании. Доставка была в срок, упаковка надёжная, без повреждений."
электроника,"Наушники — как настоящая радость! Звук глубокий, чистый, батарея держит до 30 часов. Понял, что это не просто товар — это настоящий комфорт в каждом шаге. Спасибо за качественный продукт!"
электроника,"Ноутбук имеет хороший процессор, экран 14 дюймов, цветопередача точная. Доставка прошла без задержек, товар пришёл в оригинальной упаковке."
электроника,"Наушники звучат ясно, но не очень удобно в ушах."
электроника,"Смартфон работает стабильно, батарея держит до суток. Очень доволен."
электроника,"Ноутбук оснащён чистым и отзывчивым интерфейсом. Процессор работает без перегрева, поддерживает многозадачность. Доставка прошла быстро, товар пришёл в оригинальной упаковке без повреждений."
электроника,"Колонки не работают в режиме беспроводного подключения — только через USB. Звук тусклый и с нарушениями, особенно на фоне музыки с высоким басом. Доставка пришла с повреждением упаковки."
электроника,"Планшет легкий, батарея держит до 10 часов, идеален для учебы."
электроника,"Камера снимает хорошо, особенно в условиях слабого света."
электроника,"Пришёл смартфон в чёрном цвете, упаковка была герметичной и защищала устройство от царапин. Заряжается быстро, экран чистый, всё как в описании. Доставка заняла 4 дня — в срок."
электроника,"Наушники хорошо сидят, звук чёткий, но не подключаются к некоторым устройствам."
электроника,"Планшет слишком тяжёлый и толстый для портативного использования. Экран чёткий, но на пикселях — мельчайшие помехи при сильном освещении. Доставка была ошибочная — пришло не то, что заказывал, а другая модель."
электроника,"Смартфон отличный по характеристикам: экран чёткий, батарея держит до 2 дня, поддержка 5G работает стабильно. Доставка была вовремя, упаковка плотная и защитная."
электроника,"Смартфон пришёл с трещиной на экране — несмотря на то, что в описании сказано, что он «без дефектов». Покупал в надежде на качественный продукт, но доставка заняла 14 дней, а в итоге — поломка на первых же днях использования."
электроника,"Наушники качественные, звук чистый, не греются."
электроника,"Смарт-часы просто восхитительны! Показывают время, погоду, уведомления — всё в одном. Удобно везде: на работе, в поездке, дома. Спасибо за такой практичный и стильный товар — теперь я всегда в курсе!"
электроника,"Наушники имеют хороший звук, баланс между высокими и низкими частотами сбалансирован. Подключение через USB-C работает без проблем. Доставка была в срок, упаковка целая."
электроника,"Смартфон просто волшебный! Экран яркий, камера снимает впечатляющие фото даже в тёмном свете. Быстро заряжается и всё работает без сбоев. Уже рекомендую всем друзьям!"
электроника,"Наушники супер! Слушаю музыку на работе и в дороге — никаких помех, звук прозрачный и близкий к оригиналу. Спасибо за такой качественный товар — уже заказал второй комплект!"
электроника,"Смартфон работает стабильно, экран чёткий, батарея держит до 12 часов при среднем использовании. Доставка была вовремя, упаковка надёжная, без повреждений."
электроника,"Колонки не проигрывают даже в режиме «нормального» звука — звук скудный, отсутствует бас, а наушники, которые пришли вместе, не включаются в телефон. Доставка была с нарушением сроков — пришёл только через 18 дней, а не 5, как указано."
электроника,"Планшет подходит для работы и просмотра видео. Операционная система отзывчивая, поддерживает Wi-Fi 6. Упаковка была аккуратной, всё в комплекте."
электроника,"Наушники качественные, звук чёткий, подключаются без проблем."
электроника,"Камера с блендом в золотистом цвете — очень стильная. Упаковка из тканевого пакета с фиксацией, всё было аккуратно упаковано. Качество фото на 4K хорошее, особенно в условиях хорошего света. Доставили за 6 дней, всё как по описанию."
электроника,"Колонки превзошли все ожидания! Звук глубокий, чистый, а особенно приятно, что они отлично работают в любой комнате — даже в гостиной с тяжёлым диваном!"
электроника,"Смарт-часы не показывают точное время, особенно в ночное время — постоянно отстают на 5-10 минут. Батарея разряжается за 3 дня. Доставка была не по графику — пришёл через 18 дней, а в пакете — без упаковки и без инструкции."
электроника,"Смартфон пришёл с трещиной на экране — несмотря на то, что в описании сказано, что он изначально не имеет повреждений. Доставка заняла 14 дней, а возвращение заказа — почти месяц. Качество сборки явно не соответствует заявленному."
электроника,"Наушники с хорошим звуком, подключаются без проблем к смартфону и ноутбуку. Упаковка герметичная, товар пришёл в чистом виде, без следов повреждений."
электроника,"Колонки не издают звука по ночам, хотя в описании сказано, что они «подключаются к любому устройству». При подключении к ноутбуку — только шум, а через телефон — вообще не работает. Доставка была не вовремя, пришёл через 20 дней, а в заявке было «в течение 5 дней»."
электроника,"Планшет не перегревается, батарея держит до 10 часов."
электроника,"Колонка в доме — настоящая радость! Звук чистый, в доме даже в тишине слышно, как музыка летит. Установил на балконе — теперь вечерами просто сидим и слушаем. Спасибо за такой качественный и красивый товар!"
электроника,"Купил ноутбук серого цвета, упаковка была качественной, всё было в порядке. Заметил, что он немного тяжелее, чем в описании, но это нормально. Доставили через 4 дня. Процесс запуска был быстрый, Wi-Fi стабилен. Очень доволен!"
электроника,"Ноутбук стал незаменимым — работаю с ним в офисе, дома, даже в дороге. Процессор мощный, экран чёткий, а Wi-Fi работает стабильно. Закажу ещё один для сестры!"
электроника,"Колонка хорошо звучит в среднем диапазоне, не перегружает сильными звуками. Упаковка плотная, при доставке не было повреждений. Слышно, что есть поддержка подключения по Wi-Fi."
электроника,"Смартфон просто волшебство! Быстро заряжается, экран яркий и чёткий, камера снимает впечатляющие фото даже в плохом свете. Всё работает стабильно — счастье от каждой новой фотографии!"
электроника,"Планшет не вписывается в ручку, размер слишком большой для ежедневного использования. Камера работает плохо в условиях слабого света — изображение морщится и искажается. Доставка была задержана на 10 дней, а в почте сказали, что это «обычное явление»."
электроника,"Ноутбук — это мой новый рабочий друг! Скорость обработки задачи просто ошеломляет, батарея держит до 10 часов, а экран — как на профессиональном мониторе. Удивился, как всё работает без сбоев!"
электроника,"Колонки пришли с дефектом — один из динамиков не работает. Доставка была задержана на 7 дней из-за ошибки в адресе. Звук тусклый и не соответствует описанию, особенно в помещениях с хорошим звуком."
электроника,"Камера не справляется с ночным режимом — изображение слишком чёрное, а в фокусе всё искажено. При съёмке в движении — падение кадров, а в описании сказано, что «всё работает на высоком уровне». Доставка была с нарушением — товар пришёл в разобранном виде, без упаковки."
электроника,"Планшет слишком тяжелый и толстый — неудобен для переноски, а экран слишком мелкий для работы. Был заказан в качестве замены старому, но не подошёл по размеру и весу."
электроника,"Планшет приобрёл для работы и учебы — удобный, быстро заряжается, батарея держит до 10 часов. Приложения работают стабильно, экран чистый и яркий. Очень доволен!"
электроника,"Планшет впечатляет: дисплей отражает цвета правильно, плавно отвечает на прикосновения. Упаковка плотная, товар пришёл в целости и сохранности. Зарядка через USB-C работает без задержек."
электроника,"Планшет слишком тяжёлый и толстый, неудобен для переноски. Экран с большим отклонением цветов, особенно при просмотре фильмов. Доставка заняла 14 дней — в обычные сроки это невозможно."
электроника,"Камера снимает в хорошем разрешении, особенно в условиях хорошего освещения. Зарядка работает быстро, упаковка защищает устройство от ударов."
электроника,"Планшет отличный для работы, дисплей яркий и реакция быстрая."
электроника,"Наушники с поддержкой Bluetooth работают стабильно, звук балансирует между чистотой и глубиной. Всё как указано в описании, доставка — в течение 3 дней, упаковка герметичная."
электроника,"Пришёл смартфон в чёрном цвете, упаковка была аккуратной, всё в чистом виде. Размер подошёл — удобно в кармане. Доставили через 3 дня, как и обещали. Экран чистый, камера работает на уровне, звук хороший. Спасибо!"
электроника,"Наушники сначала казались привлекательными, но через 3 дня один из динамиков перестал работать, а второй даёт постоянный шум. В описании не было упоминания о возможных сбоях в работе, что крайне неприемлемо."
электроника,"Камера снимает с хорошим разрешением, особенно в условиях хорошего света. Всё как указано в описании. Упаковка плотная, товар пришёл в целости."
электроника,"Камера снимает хорошо в светлых условиях, в тёмном — плохо."
электроника,"Пришёл смартфон в чёрном цвете, упаковка плотная и защищает от царапин. Загрузился через 30 минут, экран отчётливый. Доставка прошла за 4 дня — всё вовремя."
электроника,"Смарт-часы — настоящий подарок! Удобно отслеживать сон, активность и даже погоду. Удивился, насколько точно показывает время и уведомления. Теперь живу в гармонии с ритмом дня!"
электроника,"Смартфон работает стабильно, экран чёткий, батарея держит до 24 часов при среднем использовании. Доставка была быстрая, упаковка плотная, нет следов повреждений."
электроника,"Колонки не проигрывают музыку в полной силе — звук слабый и тусклый. Всё, что на них, — это шум. После 3 дней использования одна из них перестала включаться. Заказывал по скидке, а теперь не хочу платить за возврат."
электроника,"Планшет пришёл в коробке с защитным слоем, цвет — светло-серый, как на фото. Размер удобный для работы и просмотра видео. Упаковка хорошо защищает от ударов, всё работает как указано в описании. Доставка заняла 3 дня, заказал в выходные — всё успели получить."
электроника,"Наушники с хорошим звуком, особенно в режиме низких частот. Удобно в носу, подключение по Bluetooth стабильное. Упаковка простая, но не вызывает раздражения."
электроника,"Наушники качественные, звук чистый, но чуть тяжеловаты."
электроника,"Получил смартфон в чёрном цвете — красивый, как в фото. Упаковка была надёжной, всё было в чистом пакете с защитными пленками. Заряжается быстро, экран чёткий. Доставили за 4 дня, как и обещали."
электроника,"Колонки не производят даже минимального звука, при этом в описании указано, что они имеют мощность 30 Вт. Звук мелкий и искажённый, особенно на высоких частотах. Доставка была задержана на 7 дней, а после получения оказалось, что в комплекте не было зарядного устройства."
электроника,"Ноутбук оснащён хорошим процессором, зарядка работает без перебоев. Доставка заняла 3 дня, упаковка устойчива к механическим воздействиям."
электроника,"Камера снимает хорошо в светлое время, но в темноте — слабо."
электроника,"Камера снимает в хорошем качестве, особенно в условиях хорошего освещения. Фото и видео сохраняются без сжатия. Упаковка была аккуратной, товар пришёл в целости."
электроника,"Пришёл смартфон в чёрном цвете, упаковка была надёжной — всё было в коробке с защитным покрытием. Размер подошёл, телефон удобен в руках. Доставили за 3 дня, как обещали. Операционная система работает стабильно, камера снимает хорошо в условиях слабого света."
электроника,"Планшет легкий, удобен для работы, поддерживает все приложения."
электроника,"Камера снимает в хорошем разрешении, особенно в условиях хорошего освещения. Упаковка была герметичной, все компоненты в комплекте — как указано в описании."
электроника,"Планшет приобрёл с огромным удовольствием — удобно для работы и учебы. Экран чёткий, батарея держит до 12 часов. Всё, что описывали в интернете — и более! Спасибо за отличный выбор!"
электроника,"Наушники хорошо справляются с шумом, но немного тяжеловаты."
электроника,"Камера на телефоне не справляется с ночным режимом — фото слишком мутные и с потерей деталей. Даже при включённой настройке «сверхчёткости» результаты ужасные. Заказывал на 30% дешевле, чем в других магазинах, но качество не соответствует цене."
электроника,"Камера снимает в хорошем качестве, особенно в условиях хорошего освещения. Нет резких искажений, фокусировка работает стабильно. Доставка прошла быстро, упаковка — стандартная, но надёжная."
электроника,"Заказал ноутбук серого цвета — упаковка плотная, без царапин. Всё в коробке, как в описании. Размер соответствует, удобно для работы на диване. Доставили через 4 дня. Батарея держит заряд до 10 часов, всё отлично."
электроника,"Ноутбук не проходит подключение к Wi-Fi — даже после сброса настроек. Клавиатура неаккуратно скользит, и экран мигает при работе. Доставили в неполной упаковке — отсутствуют кабели и зарядное устройство."
электроника,"Камера на ноутбуке — настоящая находка! Качество видео и фото на высоте, даже в условиях плохого освещения. Записал велосипедную прогулку — всё стало по-настоящему волшебным!"
электроника,"Наушники удобные, звук чёткий, подключаются без проблем."
электроника,"Планшет белого цвета, размер 10 дюймов — подошёл для работы и просмотра видео. Упаковка была аккуратной, всё в комплекте. Доставили через 5 дней, без задержек."
электроника,"Смартфон быстро заряжается, экран чистый, работает стабильно."
электроника,"Камера снимает хорошо в светлое время, фокусировка быстрая."
электроника,"Планшет слишком тяжёлый для портативного использования — не умещается в сумке, а на руках быстро устаёт. Батарея держится всего 3 часа, хотя в описании написано, что она «длится до 10 часов». Дополнительно — экран чрезмерно яркий и вызывает усталость глаз."
электроника,"Колонка поддерживает Wi-Fi и Bluetooth, звук приятный, особенно в тонком режиме. Доставка заняла 4 дня, упаковка была защитной и не повреждена."
электроника,"Наушники с беспроводным соединением — качественные, звук чистый. Упаковка в пакетике с защитным чехлом, цвет — серый. Доставили за 4 дня, всё в срок."
электроника,"Смарт-часы не отображают время в режиме сна, а батарея разряжается за 2 дня. Сенсоры не реагируют на движения, и при попытке установить обновление приложение не запускается."
электроника,"Заказал планшет серого цвета, размером 10 дюймов. Упаковка хорошая, не было повреждений. Экран отражает свет, но не перегревается. Система отзывчивая, удобно для работы и просмотра видео. Доставка — через 5 дней, всё вовремя."
электроника,"Наушники — безусловно, лучший выбор! Звук глубокий, чистый, и даже в шумной транспорте я слышу каждый аккорд. Связь стабильная, удобно носить. Теперь везде с ними — везде в радость!"
электроника,"Наушники пришёл с плохим соединением — не включаются с телефоном. Звук шумный и с помехами, особенно в метро. Никакой защиты от внешнего шума. Качество ниже, чем на фото в описании, и не соответствует цене."
электроника,"Планшет работает стабильно, батарея дольше, чем ожидалось."
электроника,"Смартфон просто волшебный! Камера сняла суперсветлый вечерний вид, батарея держит до 3 дней, экран яркий и чистый. Всё работает на высшем уровне — заказывал сразу второй, теперь у меня два телефона!"
электроника,"Наушники с вращающимся вкладышем — невероятно удобные! Звук чистый, без искажений, даже в метро не теряют качество. Планирую купить для всей семьи!"
электроника,"Планшет оснащён хорошим дисплеем и отзывчивым интерфейсом. Поддержка 4G и Wi-Fi работает стабильно. Упаковка была хорошо защищена, все компоненты были в комплекте."
электроника,"Колонки просто восхитительны! Звук такой мощный и чистый, что почувствовал себя в доме с настоящим домашним кинотеатром. Вечерние вечера стали приятнее — просто включил и наслаждаюсь!"
электроника,"Наушники — настоящий подарок! Звук чистый, они удобные, и даже в метро не отключаются от телефона. Теперь я всегда слушаю музыку с полным удовольствием — везде, везде!"
электроника,"Наушники пришлись по размеру — не вписались в ухо, особенно у женщин. Через 2 дня один из динамиков перестал работать. Доставка была отложена на 7 дней из-за ошибки в адресе, и товар пришёл с повреждённой упаковкой."
электроника,"Смартфон работает стабильно, экран чёткий, батарея держит заряд до 12 часов при среднем использовании. Доставка была в срок, упаковка надёжная, без повреждений."
электроника,"Смартфон работает стабильно, экран чистый, батарея держит до суток."
электроника,"Смарт-часы показывают время точно, батарея держит до 7 дней."
электроника,"Смартфон пришёл с трещиной на экране, хотя в описании говорилось, что он ударопрочный. Доставка заняла 14 дней, хотя в заявке было указано 3 дня. Был заказан по акции, но пришёл с дефектом — не работает сим-карта, а в сервисе сказали, что это нормально, потому что «всё в порядке»."
электроника,"Камера на телефоне превзошла все ожидания! Снимал вечерний вечер — фото было как в студии. Автофокус, цвета, детализация — просто супер. Закажу ещё один!"
электроника,"Камера снимает в хорошем качестве на солнце и в тень, разрешение соответствует описанию. Упаковка герметичная, товар пришёл в хорошем состоянии."
электроника,"Смарт-часы отслеживают сон, экран яркий, но не очень долговечны."
электроника,"Смарт-часы не отображают время точно — при настройке часы сбиваются на 15 минут. Батарея не держит заряд — за 2 дня она уходит до 10%. Доставка была в два раза дольше, чем указано в описании. Качество сборки — плачевное, кнопки хрупкие и не реагируют."
электроника,"Наушники в зелёном цвете пришли в хорошей упаковке, размеры соответствуют описанию. Звук чистый, но не очень громкий — подойдут для прослушивания музыки дома. Доставка прошла за 4 дня."
электроника,"Смартфон работает стабильно, экран чёткий, батарея держит до 12 часов при среднем использовании. Доставка была в срок, упаковка надёжная, не было повреждений."
электроника,"Планшет приобрёл с огромным удовольствием! Отличная производительность, экран как на большом телевизоре, и приложения работают плавно. Дочь уже говорит, что это её самый лучший подарок!"
электроника,"Колонка звучит отлично, но не поддерживает Bluetooth 5.0."
электроника,"Пришёл смартфон в чёрной упаковке, всё в порядке — красиво упакован, без царапин. Цвет соответствует фото, размер чуть меньше, чем в описании, но это не мешает. Доставили через 4 дня — быстро и без лишних вопросов."
электроника,"Ноутбук стал моим вторым домом! Дизайн привлекательный, производительность на высоте — даже тяжёлые задачи решаются мгновенно. Удобный интерфейс и качественный звук. Рекомендую всем!"
электроника,"Ноутбук — мой лучший друг! Быстро включается, экран чистый и яркий, работа с документами и видео — без тормозов. Даже на работе чувствую себя как в офисе с лучшими условиями!"
одежда,"Покупала чашечку 80D, но чашка мала и не держит. Запах — неприятный, как будто из старого белья. Упаковка — в пакете, но он лопнул при доставке. Доставка — 8 дней, но товар — не тот, что в описании."
одежда,"Юбка бежевая, размер 44 — пережила 5 стирок, не села, не выцвела. Упаковка в коробке, цвет точный, доставка за 4 дня. Качество приятное, неожиданно дешёвое."
одежда,"Футболка после стирки не села, не выцветла. Цвет чистый, как в описании. Упаковка — в пакетике, не пропала, всё в порядке."
одежда,"Свитер коричневый, размер L, после стирки не потрескался, не сжался. Упаковка в коробке, доставка через 3 дня. Пережила две стирки — всё в порядке."
одежда,"Бюстгальтер не подошёл по чашечке — мала на 1 размер, форма растягивается, после 2 часов носки чашка стала растянутой. Упаковка обычная, цвет — как на фото, но доставка была через 10 дней, что неожиданно. Не рекомендую."
одежда,"Бюстгальтер 34E, чашка мала — не держит форму, после 1 часа в течение дня выпадает. Упаковка обычная, цвет — как на фото, но доставка заняла 14 дней. Не рекомендую."
одежда,"Футболка размера L, красная, после стирки не потеряла цвета. Упаковка в полиэтиленовом пакете, не повредилась. Пережила 4 стирки — всё как новое."
одежда,"Чашка мала на 1 размер, не держит форму. Была в шоке — фото на сайте сильно завысило размеры. Упаковка — обычный пакет, не привлекает внимания, доставка — 5 дней, но качество — падение."
одежда,"Футболка красная, размер S — после стирки не потускнела, не потеряла вязкость. Упаковка в пакетике, цвет как на фото. Недостаток — чуть тонкая ткань, но всё равно нормально."
одежда,"Чашка не держит форму, после 2 дней появилась трещина. Размеры не соответствуют описанию, чашечка мала, не подойдёт для большинства."
одежда,"Платье как на фото, после стирки не полиняла, не села. Удобно для повседневной носки, не пахнет. Упаковка плотная, не повредилась в транспортировке."
одежда,"Чашка в размере F оказалась чрезмерно большой — на мне не сидит, выглядит как не на мне. Упаковка была дешёвая, бумага пропитана, а чашка сразу после покупки стала шершавой. Не соответствует фото, цена — за 1500, а за качество — не хватает."
одежда,"Чашка слишком велика, не держит форму, просто провисает. Доставка была вовремя, но упаковка — в полиэтилене, разрушилась при транспортировке. Никакой защиты от пыли и сколов."
одежда,"Футболка держит форму после стирки, не выцветает. Запах не ощущается, ткань мягкая. Удобна для офиса и прогулок."
одежда,"Чашка плотная, но не держит форму — после сидения на 20 минут чашка растянулась, выглядит не эстетично. Упаковка была в пластике, цвет — серый, как на фото, но размер 38 не соответствует. Доставка — 7 дней, но качество — не выдерживает."
одежда,"Чашка не плотная, после 30 минут ношения растянулась, не держит форму. Упаковка — в пакете, цвет — оранжевый, как на фото. Доставка — 12 дней, но качество — не выдержало, чашка разошлась."
одежда,"Покупала в размере 36D, чашка не держит форму, после 1 дня начали просвечиваться. Доставка — 12 дней, упаковка — пластиковая, но не сохранила форму."
одежда,"Юбка пережила несколько стирок, не потеряла форму. Запах после стирки почти не остался. Соответствует фото."
одежда,"Упаковка хорошая, но чашка — слишком высокая, не сидит ровно. После 1 месяца — потеряла форму, чашка стала растянутой."
одежда,"Свитер размер 48, после стирки не полинял, не растянулся. Упаковка в пакете, но на шее небольшая складка. Стирка — без проблем, пережила 2 цикла."
одежда,"Покупала по фото, но чашка оказалась слишком плотной, давит на грудь. Запах был неприятный, упаковка не герметичная."
одежда,"Заказала чашечку 38D, но чашка не удерживает форму, всё падает. Упаковка — простая, без защиты, цвет — тусклый. Доставка за 5 дней, но товар — не тот, что на фото."
одежда,"Платье синего цвета, после стирки не полиняла, не села. Упаковка плотная, размер соответствует фото. Стирка без проблем, не повредила ткань."
одежда,"Покупала по фото, но чашка мала, не держит форму, особенно в течение дня. Упаковка — бумажная, не очень надёжная. Доставка прошла быстро, но размер не подошёл, чашка не удерживает грудь."
одежда,"Футболка после стирки не потеряла цвет, не села. Стирка — в машинке, без проблем. Цвета на фото и в реальности совпадают, доставка — за 3 дня."
одежда,"Пришёл товар, чашка не держит форму, даже после 1 дня. Упаковка была в пакете с лентой, но при открытии — бумага рвана. Размер не соответствует описанию — чашка мала."
одежда,"Бюстгальтер размер 80, цвет бежевый — не сел после стирки. Упаковка в чехле, всё чисто. Пережила 3 стирки без деформаций, как и обещали."
одежда,"Бюстгальтер 34D, чашка мала — не держит форму, сразу провисает. Упаковка не герметичная, запах неприятный. Доставка 5 дней, но качество — падение."
одежда,"Юбка чёрная, пережила 3 стирки, не потеряла форму. Цвет не выцветает, упаковка в пакете с мелким штифтом. Доставка была в срок."
одежда,"Юбка в размере 36 — как на фото, после стирки не потеряла форму. Упаковка была в коробке, всё целое. Доставка за 3 дня, быстро."
одежда,"Бюстгальтер 34F, чашка — плотная, но не держит форму, особенно после движения. Упаковка — в коробке, цвет — бежевый, как на фото, но сроки доставки — 12 дней, что неудовлетворительно. Чашка не сидит по размеру."
одежда,"Чашка мала на 1 размер, не держит форму. Покупала по фото, а на деле чашечка растягивается и провисает. Доставка была вовремя, но качество — не то."
одежда,"Футболка после стирки не села, не потемнела. Цвет не отличается от фото. Доставка была быстрее, чем ожидалось."
одежда,"Бюстгальтер 34D, чашка мала, не держит форму, после первой носки форма сместилась. Упаковка обычна, цвет — синий, как на фото, но доставка — 14 дней, слишком долго. Недостаток — чашка не подходит по размеру."
одежда,"Юбка бежевая, размер 42, после стирки не потеряла форму, не выцветла. Упаковка в пакете, цвет как на фото. Пережила несколько стирок — не села, не ломалась."
одежда,"Платье размера S после стирки не полиняла, не села. Цвет соответствует фото, упаковка плотная, доставка за 3 дня."
одежда,"При заказе 34C, чашка оказалась слишком маленькой, не сидит. Цвет — ближе к серому, чем на фото. Упаковка — в пакете, но не защищена от износа."
одежда,"После 3 дней — чашка разорвалась на швее. Срок доставки — 7 дней, но упаковка была в обычной папке, без сухого воздуха. Не подошло ни по размеру, ни по качеству."
одежда,"Бюстгальтер размер 70B, после стирки не разошлась. Упаковка в плёнке, цвет как на фото. Стирка в машине — не села, не потеряла форму."
одежда,"Чашка не сидит, не удерживает форму. После 1 недели — пропала эластичность, чашечка растянулась. Упаковка была в порядке, но качество — катастрофа."
одежда,"Чашка не держит форму, особенно в вечернее время. Упаковка была в пакете, цвет — бежевый, как на фото, но размер 34C не подошёл — чашка мала."
одежда,"Чашка мала, не держит форму, после первой носки вытянулась. Упаковка в мешочке, цвет не соответствует фото. Доставка за 3 дня, но качество — падение."
одежда,"Купила по фото, чашка плотная, но на деле — тонкая, не поддерживает. Упаковка — в пакетике, цвет — бежевый, но в реальности — слишком светлый. Размер не подошёл, чашка не держит форму."
одежда,"Брюки хорошо сидят, не села даже после нескольких стирок. Запах не остался, всё чисто после стирки."
одежда,"Бюстгальтер не пережил 2 стирки — начал растягиваться. Запах был слабый, но после стирки остался неприятный. Упаковка — не герметичная, немного мокрая."
одежда,"Свитер размер 40, после стирки не сжался, не потерял форму. Запах не остался, всё чисто. Срок доставки был вовремя."
одежда,"Чашка 32C — не подошла, чашка слишком маленькая, не держит грудь. Запах был сильный, как после мыла. Упаковка в пакете, без защиты от солнца. Доставка — 3 дня."
одежда,"Покупала в подарок — чашка плотная, но не держит форму. Упаковка — красивая, но на чашке синяя нить — остатки от производства. Доставка — 7 дней, но не выдерживает нагрузки."
одежда,"Платье синего цвета, после стирки не полиняла, не села. Упаковка плотная, размер соответствует фото. Хорошо подойдёт для повседневной носки."
одежда,"Свитер оранжевый, размер S, после стирки не потерял форму. Стирка не вызвала усадки. Упаковка в плёнке, всё как на фото."
одежда,"Свитер в тёплом оттенке — после стирки не потерял вязания. Упаковка с небольшим складом, размер S, не сел. Стирка прошла без проблем."
одежда,"Юбка бежевая, размер 40 — пришла с опозданием на 2 дня. После стирки не полиняла, не села. Упаковка в коробке, всё в порядке. Сроки доставки были неудовлетворительными."
одежда,"Купила чашечку 36E, но чашка плотная и давит на грудь. Запах неприятный, после 3 дней появился. Упаковка в картоне, но размеры в описании не совпадают."
одежда,"Платье синего цвета, размер 42, после стирки не полиняла, не села. Упаковка плотная, всё как на фото. Хорошо, что не пережила несколько стирок — сохраняет форму."
одежда,"Чашка слишком плотная, давит на грудь, особенно в течение дня. Запах остался после высыхания — неприятный. Размер 38 не подошёл, чашка сидит низко и выглядит неэстетично."
одежда,"Платье после стирки не полиняла, цвет не сел. Упаковка плотная, не разошлась. Срок службы выглядит хороший."
одежда,"Платье размера S, цвета бежевый, после стирки не полиняла, не села. Упаковка плотная, всё как на фото. Стирка не повлияла на форму — отлично пережила 3 стирки."
одежда,"Чашка в бюстгальтере — тонкая, не удерживает форму. Упаковка — пластиковая, сломалась в транспорте. Доставка за 7 дней, но качество — не выдержало."
одежда,"Свитер 46 размера — после стирки не сжался, не потерял форму. Упаковка в коробке, цвет как на фото. Стирка не вызвала потери вязки."
одежда,"Пришёл товар, чашка сидит неудобно, как будто чашка слишком маленькая. Всё в упаковке было сухое, но в момент носки — сразу появился неприятный запах. Не подошло по размеру, даже по фото чашка не выглядела так, как на деле."
одежда,"Заказала чашку 85F, а чашка велика, всё вылезает. Никакого сжатия, неудобно. Упаковка — обычный пакет, не защищённая. Доставка — через 6 дней, но товар не соответствует описанию."
одежда,"Бюстгальтер после стирки не потерял форму, не растянулся. Ткань мягкая, не оставляет следов после стирки."
одежда,"Юбка размера 38, синяя, не очень удобная по посадке. После стирки не полиняла, но после 2-х стирок начало вытягиваться. Упаковка — в пакете, немного переполнена."
одежда,"Покупала по фото, но чашка слишком плотная, давит на грудь. Запах был сильный — как после мытья. Упаковка не защитила, бельё поцарапалось. Не рекомендую."
одежда,"Юбка в стиле повседневной одежды — не села после стирки, не потеряла цвет. Упаковка простая, но аккуратная. Соответствует описанию."
одежда,"Покупала по фото — чашечка была средней, но на деле — чашка слишком велика, грудь провисает. Упаковка была в пакетике с липким скотчем. Доставка прошла за 3 дня, но качество — пластика, быстро растягивается."
одежда,"Свитер утеплил, не растянулся после стирки. Долговечный, как и обещали, пережил 3 стирки без деформаций."
одежда,"Брюки черные, размер 38 — после нескольких стирок не потеряли форму. Цвет не выцветает, упаковка в пакетике, доставка через 3 дня. Удобные и практичные."
одежда,"Чашка не сидит, слишком маленькая для 34D. Внешний вид — красивый, но после 2 недель — резинка растянулась. Доставка была быстрее, но качество — не на уровне."
одежда,"Чашка слишком велика, не подходит по размеру. Упаковка была в пластика, но прорвалась. После 3 дней чашечка стала смещаться, неудобно. Доставка — 4 дня, но не помогло."
одежда,"Бюстгальтер в размере 34F — после стирки растянулся. Не пережила 2 стирки, быстро вытянулся. Упаковка была в пакете, но не было визуального подтверждения качества."
одежда,"Бюстгальтер размера M не сел после стирки, не растянулся. Упаковка в коробке, всё как описано. Стирка не повлияла на эластичность."
одежда,"Футболка красная, размер M, после стирки не выцветла, не потеряла рисунок. Упаковка простая, но всё в порядке. Удобная, не пережила стирки — не села, не сжалась."
одежда,"Покупала по фото, а чашечка плотная и не сидит — ушла в сторону. Запах был, как будто не стерилизовали. Упаковка была в пакете, но бумага тонкая, не выдержала."
одежда,"Купила по фото, но чашка 36D — не держит, выглядит не эстетично. Запах был, упаковка — в полиэтилене, доставка — 14 дней, но качество — плохо."
одежда,"Чашка — плотная, но не подходит по размеру, не держит форму. Упаковка — в пакетике, цвет — серый, не как на фото. Доставка — 3 дня, но качество — не выдержало даже 1 дня."
одежда,"Футболка после стирки не выцветла, не села. Доставка была вовремя, упаковка в плёнке, размер 100% соответствует."
одежда,"Чашка мала, не держит форму, сразу провисла. Покупала по фото, а на деле чашечка не соответствует — упаковка была в хорошем состоянии, но качество — падение. Доставка была быстрее, но не стоит цены."
одежда,"Куртка серого цвета пережила 3 стирки — не села, не потемнела. Упаковка в пакетике, но на пуговицах небольшой дефект. Стирка вручную, всё в порядке."
одежда,"Чашка плотная, но после 1 дня провисла. Упаковка — пластик, но прорвалась. Доставка — 5 дней, но качество — неудовлетворительное. Не соответствует фото — чашка мала, не держит форму."
одежда,"Чашка — слишком маленькая, не держит форму. Упаковка — в бумажной обложке, неудобная. Доставка — 6 дней, но качество — хрупкое, после первого ношения чашка растянулась. Не подошло по размеру и плотности."
одежда,"Пришёл бюстгальтер 32C, чашка не держит форму, всё растягивается. Цвет — тёмный, а на фото светлый. Доставка — 14 дней, но товар не соответствует описанию."
одежда,"Бюстгалтер с чашечкой мала, не держит форму — после 2 часов сидения чувствуется перетягивание. Упаковка — пластиковая, неудобная, цвет не соответствует фото. Доставка была за 4 дня, но качество — не выдерживает."
одежда,"Бюстгальтер 34E, чашка мала, не держит форму. Упаковка в пластике, цвет не соответствует фото. Доставка — 10 дней, но качество — плахое."
одежда,"Бюстгальтер размер 70 после стирки не потерял форму, не вытянулся. Упаковка — в коробке, цвет как на фото, доставка 2 дня."
одежда,"Бюстгальтер 34E, чашка мала — не держит форму, после первой ночи всё вылезло. Упаковка дешёвая, цвет не как на фото. Доставка 4 дня, но качество — полный фейл."
одежда,"Свитер размера S не подошёл — после стирки села и стал тяжелее. Запах остался, хотя в описании сказано, что нет. Упаковка — в пакетике, но он пропал при доставке."
одежда,"Футболка красная, после стирки не села, не выцвела. Упаковка в пакете, без упаковки — всё как на фото. Стирка не повлияла на внешний вид."
одежда,"Платье после стирки не полиняла, не села и пережила 3 стирки. Цвет не выцветает, как на фото. Упаковка плотная, не повредилась."
одежда,"Бюстгальтер 38F, чашка плотная, но не держит форму при движении. Упаковка — в картонке, всё в порядке, но срок доставки — 10 дней, долго и без обещаний."
одежда,"Покупала 30D, чашка — маленькая, не держит форму, появилась щель. Запах — неприятный, не прошёл. Упаковка — в пакетике, доставка — 8 дней. Несоответствие фото — чашка кажется больше, чем есть на деле."
одежда,"Платье синего цвета, после стирки не полиняла, не села — очень доволен. Упаковка плотная, цвет соответствует фото. Стирка не повлияла на внешний вид."
одежда,"Свитер приятный, после стирки не потерял форму. Запах прошёл через 2 стирки, не остался жёсткий. Удобный для холода, не вызывает раздражения кожи."
одежда,"Свитер коричневый, размер 42 — после стирки не сжался, не разошёлся. Упаковка в плёнке, не было запаха, всё как описано. Сроки доставки соблюдены."
одежда,"Покупала по фото, но чашечка плотная и давит на грудь. Всё держит, но не по размеру — чашка не подошла. Цвет — как в описании, но материал тонкий, быстро выцветает. Упаковка — в пакете, без вкладыша."
одежда,"Футболка дешевая, но качественная — после стирки не села, не выцветла. Соответствует фото, упаковка простая, но надёжная. Никаких неприятных ощущений при носке."
одежда,"Не понравилось — чашка слишком маленькая, не держит грудь. Запах был слабый, но качество — не выдержало даже одного дня."
одежда,"Платье понравилось, не полиняла после стирки, цвет остается чистым. Упаковка надёжная, соответствует фото."
одежда,"Чашка в бюстгальтере 34F слишком велика — выступает, не сидит. Запах на фоне упаковки — неприятный. Упаковка — бумажная, но не защищает от пыли."
одежда,"Юбка размера S после стирки не села, не выцветла. Упаковка была в сложенном виде, цвет точно как в описании. Стирка не вызвала проблем."
одежда,"Сразу заметила — чашка растягивается, не держит форму. Упаковка была в пакетике, который не защищал от пыли. Запах был неприятный, как после химии. Не подошло по цене и качеству — чашка мала и не держит."
одежда,"Пришла с запахом, как после уборки — неприятно. Чашка не держит форму, особенно в тёплую погоду. Упаковка была с перепачканным липким пластиком. Не подошло по размеру — чашка слишком велика."
одежда,"При покупке думала, что чашечка будет хорошо держать форму, но на деле — слишком маленькая. Уже в первый день появилась трещина. Не соответствует фото, цена слишком высокая."
одежда,"Юбка пережила 3 стирки, не села, не потеряла форму. Цвет как на фото, только чуть потускнел после стирки. Упаковка в пакетике, удобно хранить."
одежда,"Свитер 48 после нескольких стирок не потерял форму, не вытянулся. Упаковка в пакетике, цвет чуть светлее, чем на фото."
одежда,"Чашка мала, не держит форму даже на 2-й день. Доставка была за 5 дней, но упаковка — в пластика, как в магазине, не в красивой коробке. Ужасно, особенно для такой цены."
одежда,"Юбка бежевая, размер 42, пережила несколько стирок — не села, не растянулась. Упаковка в пакетике, цвет как на фото. Стирка не вызвала проблем."
одежда,"Куртка чёрная, размер L, пришла через 3 дня. После стирки не потеряла форму, не села. Упаковка в пакете, не проломилась. Всё как в описании."
одежда,"Купила по цвету — серый, но чашка не держит форму. Упаковка была чистая, но материал тонкий — быстро растягивается. Чашечка не подошла, не по размеру, не по форме."
одежда,"Покупала 36E, чашка оказалась велика — выступает за пределы. Нет удержания, запах в ней ощутим. Упаковка — обычный пакет, не защищает от скольжения."
одежда,"Покупала по фото — чашка средняя, но в реальности — чашка мала, не выдерживает движения. Всё излишне тонкое, не держит форму."
одежда,"После 1 дня носки чашка начала растягиваться. Упаковка — чёрная, но цвет не соответствует описанию. Срок доставки — 5 дней, но чашка мала и не подходит по размеру — не держит форму."
одежда,"Бюстгальтер 34E, чашка мала, не держит форму. Упаковка — пластиковая, цвет не соответствует фото. Доставка 5 дней, но качество — не выдерживает."
одежда,"Платье синего цвета, размер 40, после стирки не полиняла, не села. Упаковка плотная, цвет соответствует фото. Очень доволен качеством и уходом — пережила три стирки без деформаций."
одежда,"Платье синего цвета после стирки не полиняла, не села. Упаковка плотная, размер 42 соответствует. Стирка не повлияла на внешний вид — всё как на фото."
одежда,"Чашка F оказалась чрезмерно плотной, давит на грудь, особенно после движения. Запах — отстой, как будто ткань не просушена. Упаковка — пластиковая, легко ломается. Не соответствует описанию, чашка не держит форму, доставка — 5 дней, но товар — брак."
одежда,"Футболка держит форму, не потеряла цвет после стирки. Удобная, не выцветает, как в описании."
одежда,"Чашка не держит форму, особенно после 2 часов движения. Запах — неприятный, как будто из синтетики. Упаковка — в полиэтилене, не защитила от повреждений. Срок доставки — 7 дней, но не подошло по размеру чашечки."
одежда,"Брюки 38 размера — пережила три стирки, не села, не потрескалась. Запах не остался, как в описании. Упаковка в пакетике, доставка за 3 дня."
одежда,"Пришёл бюстгальтер 32B, чашка плотная, но не по размеру — чашка сжимает. Упаковка — в папке, цвет — светло-розовый, доставка — 10 дней, но качество — очень плохое."
одежда,"Упаковка — в пакетике, цвет не соответствует, чашка — очень тонкая, не держит форму. Сроки доставки — 10 дней, но пришло с трещинами. Качество — не по фото, чашка мала."
одежда,"Футболка красная, размер M — после стирки не появился запах. Упаковка в пакете, не сорвалась. Качество хорошее, не села, не выцветла."
одежда,"Покупала чашечки размера 36F, но чашка слишком плотная, давит. Запах был, хотя в описании не сказано. Упаковка — обычный пакет, не красиво."
одежда,"Свитер понравился, пережила несколько стирок и не потерял форму. Внешний вид сохранен, ткань приятная на ощупь. Стоит того, чтобы купить."
одежда,"Заказала брелок в чашке D, а на деле чашка мала — не держит форму, сразу провисает. Всё по фото, но на деле не хватает поддержки. Доставка была вовремя, но качество — просто пиздец."
одежда,"Юбка коричневая — после стирки не потеряла форму, не села. Качество умеренное, но упаковка была в пакете, не пропали детали. Стирка не вызвала деформаций."
одежда,"Покупала чашку 34F, но чашка не плотная, форма рассыпается. Упаковка — в коробке, цвет — не тот, что на фото. Доставка — 6 дней, но качество — не соответствует описанию."
одежда,"Брюки 30-го размера пережила несколько стирок без деформаций. Запах не остался, ткань приятная. Доставка была быстрее, чем ожидалось."
одежда,"Свитер белого цвета после стирки не потерял форму, не сжался. Упаковка в папке, не пролетела. Цена адекватная, всё как на фото."
одежда,"Пришёл бюстгальтер 38D, чашка велика и смещается. Качество — хрупкое, после первой стирки резко пошло. Доставка — 8 дней, упаковка — пластиковая, но не защищала."
одежда,"Брюки черные, размер 38, пережила 3 стирки — не выцветли, не растянулись. Упаковка в пакетике, доставили за 3 дня. Качество умеренное."
одежда,"Чашечка плотная, но сжимает кожу, особенно на вечер. Упаковка — пластика, разорвалась в пути. Доставка — 5 дней, а не 3 как писали."
одежда,"Платье очень красивое, после стирки не полиняла и не села. Запах почти не остался, упаковка плотная, все как на фото. Удобно для повседневной носки."
одежда,"Футболка после стирки не села, ткань держит форму. Удобная, даже в активной жизни. Цена в порядке."
одежда,"Бюстгальтер в размере M — неудовлетворительно. После первой стирки сжался, не подошёл. Упаковка — в пакете, но не защищена от повреждений. Качество не выдерживает даже одну стирку."
одежда,"Футболка белая — после стирки не появился запах, не потеряла цвет. Упаковка в пакете, размер М, соответствует. Стирка не повлияла."
одежда,"Платье синего цвета, размер 40, после стирки не полиняла, не села. Упаковка плотная, всё как на фото. Стирка не повредила ткань."
одежда,"Куртка после стирки не вытянулась, не села. Цвета не выцвели, даже после 4 стирок. Доставка — через 3 дня, упаковка плотная, всё целое."
одежда,"Покупала чашечки размера 36F, чашка плотная, но сильно давит. Запах был — неприятный, как будто из дешёвого сырья. Упаковка — бумажная, но при распаковке разошлись."
одежда,"Брюки черные, размер 38, после стирки не потеряли форму. Упаковка в пакетике, всё чисто. Стирка не повлияла на внешний вид — не села, не вытянулась."
одежда,"Чашка слишком большая, как будто висит, не удерживает. Запах — неприятный, как будто не стерли. Упаковка — бумажная, лопнула."
одежда,"Покупала в надежде, что чашка плотная и не будет провисать, но на деле — ужас! Чашка оказалась слишком широкой, не сидит по телу, и после 2 дней начала проявляться натяжение. Запах был неприятный — как после влажной ткани."
одежда,"Юбка не села после стирки, выглядит как на картинке. Удобна, но не очень тёплая, не подошла по размеру, в 34 размере была слишком узкой."
одежда,"Платье синего цвета, размер 40, после стирки не полиняла и не села. Упаковка плотная, всё как на фото. Хорошо подойдёт для повседневной носки."
одежда,"Чашка плотная, но после 2-х дней начала разрываться. Не держит форму, особенно в активной позе. Запах был неприятный, похож на пластик. Упаковка — тонкая, не выдержала."
одежда,"Пришёл размер 80, чашка плотная, но не держит — после 2 часов встала. Запах был неприятный, цвет не как на фото. Упаковка не очень надёжная, пролилась вода — не понравилось."
одежда,"Покупала 36D, чашка — слишком большая, вылезает на боку. Упаковка — в коробке, но внутри — в мешочке, плохо. Сроки — 5 дней, но бюстгалтер не выдерживает нагрузки."
одежда,"Юбка розового цвета после стирки не потеряла цвета, не выцветла. Упаковка — в пакетике, размер 44, как указано. Сроки доставки — нормальные."
одежда,"Чашка не соответствует описанию — на фото выглядела мягкая, а на деле чашка жёсткая, не держит форму. У меня грудь 88D, а чашка мала, после 3 дней стала натягиваться."
одежда,"Бюстгальтер упакован аккуратно, после стирки не разошёлся. Не сел, не потерял эластичность. Хорошее соотношение цены и качества, как на фото."
одежда,"Бюстгальтер не подошёл по чашечке — мала на 1 размер, форма растягивается, чашка не держит форму. Доставка была вовремя, но качество — не то."
одежда,"Бюстгальтер 36-38, после стирки не потерял форму. Упаковка в пакете, не пропало. Стирка не повлияла на эластичность — всё как ожидается."
одежда,"Свитер размера M, чёрный, после нескольких стирок не потерял форму. Запах почти не остался, очень приятный. Упаковка в пакетике, всё чисто и аккуратно."
одежда,"Платье после стирки не полиняла, не села, пережила 3 стирки. Цвет не выцвел, как на фото. Упаковка плотная, всё в порядке."
одежда,"Брала размер 80E, а чашка мала, не держит форму. После двух дней начали выступать. Упаковка — пластиковая, не красивая. Доставка — 5 дней, но качество — не выдерживает."
одежда,"Покупала чашечки 70D, но чашка плотная, не похожа на фото. Сразу почувствовала давление. Упаковка — в бумажной папке, но цвет не тот, как на картинке. Доставка — 7 дней, но не сработало."
одежда,"Футболка красная, размер M, после стирки не выцветла, не потеряла цвет. Упаковка простая, доставили вовремя. Удобно и дешево."
одежда,"Платье синего цвета, после стирки не полиняла, не села — как на фото. Упаковка плотная, размер 42 соответствует. Стирка не повредила ткань."
одежда,"Платье после стирки не полиняла, цвет не выцвет. Упаковка плотная, размер 40 соответствует фото. Стирка не повлияла на форму."
одежда,"Свитер в размере S подошёл, после стирки не растянулся. Запах исчез через 2 дня, не остался неприятный. Упаковка — в пакете, без лишних пленок."
одежда,"Юбка в размере S, не пережила 2 стирки — начало рваться на швах. Качество не соответствует описанию. Упаковка — пластиковая, но не держала форму."
одежда,"Свитер размера M, серый, пошит очень качественно. После стирки не вытянулся, не потерял форму. Упаковка в пакетике, всё чисто. Никаких пятен после стирки — не сел, не разошёлся."
одежда,"При заказе указала 32C, а чашка оказалась маленькой. Упаковка — в коробке, цвет — бежевый, как на фото. Но после 3 дней — чашка проседает."
одежда,"Чашка слишком велика, не сидит по линии груди. Сроки доставки были нормальные, но после 2 дней начала вытягиваться. Цвет — бежевый, но на деле — тусклый."
одежда,"Чашка 70C — не держит форму, выглядит как неровно. Упаковка — в тонкой папке, пропала в посылке. Доставка — 4 дня, но качество — уступает. Никакого улучшения после 3 дней."
одежда,"Юбка размера 38, коричневая — после стирки не села, не вытянулась. Качество хорошее, упаковка в папке, доставка за 3 дня. Удивлён, что не полиняла."
одежда,"Свитер оранжевого оттенка пережила 3 стирки, не потерял форму. Упаковка в пакетике, не было искажений. Цену не жалею — качество на уровне."
одежда,"Бюстгальтер размера 80, бежевый, упаковка — в чехле, всё как на фото. После стирки (вручную) не сжался, не потерял форму. Прочное, пережила 2 стирки без проблем."
одежда,"Чашка слишком велика, не удерживает грудь, после 1 часа — выглядит как раздутая. Упаковка — в полиэтилене, цвет — белый, как на фото. Доставка — 8 дней, но чашка не подошла, не соответствует размеру 36."
одежда,"Футболка после стирки не потеряла цвета, не села. Хорошее качество, как на фото. Упаковка — в пакете, без складок, всё чисто."
одежда,"Бюстгальтер с чашечкой мала на 1 размер — не подошёл даже на 90D. Форма растягивается, чашка не держит форму, после 2 дней начала проседать. Качество подводит, не стоит."
одежда,"Купила по фото, чашка плотная, но на деле — упала, не держит. Цвет не соответствует, чашечка слишком маленькая для моего размера. Упаковка — склеенная, неудобно доставать."
одежда,"Чашка 32D — не подошла, чашка слишком большая, не держит форму. Доставка была быстрее, но качество — не выдерживает. Упаковка — без защитного материала."
одежда,"Бюстгальтер 34D, чашка мала — не держит форму, после первой носки стала просвечивать. Упаковка пластиковая, цвет не соответствует фото. Доставка — 10 дней, но качество — плохое."
одежда,"Купила чашечки размера 36F, чашка плотная, но сжимает кожу. Запах был сильный, упаковка разорвалась при доставке. Нет соответствия фото — чашка не как описано."
одежда,"Бюстгалтер 34F, чашка мала, не держит форму, после 2 часов на работе вылезла. Упаковка — бумажная, не держит, цвет не соответствует фото. Доставка — 4 дня, но качество — плохое."
одежда,"Юбка размера M пережила 4 стирки, не села, не потеряла форму. Упаковка — в папке, цвет как в описании, цена хорошая."
одежда,"Футболка после стирки не полиняла, не потеряла форму. Упаковка в пакете, цвет близок к фото. Никаких дефектов после стирки не заметил."
одежда,"Чашка мала, не держит форму, после первого дня выглядит как будто сжалась. Запах был неприятный, не привыкнула. Не соответствует фото."
одежда,"Чашка — маленькая, не вписалась в бюст, не держит форму. Упаковка — в пластика, но в ней — скатился. Доставка — быстро, но качество — не того, что ожидала."
одежда,"Юбка хорошая, пережила несколько стирок без потери формы. Внешний вид после стирки остался как в магазине. Никакого неприятного запаха, как в других моделях."
одежда,"Покупала чашечку 36F, но чашка плотная, давит на грудь. Никакого снаружи — запах, как после стирки. Упаковка в пластике, неудобно открывать. Никакого соответствия фото."
одежда,"Юбка приятного покроя, не села после стирки. Хорошо подошла к телу, после стирки выглядит как новая."
одежда,"Футболка размера L, синяя — после стирки не потеряла цвет. Упаковка в пакете, всё в порядке. Никаких дефектов, после стирки не выцветла."
одежда,"Свитер после стирки не потерял объем, не вытянулся. Упаковка в пакетике, не разошлась. Всё как на фото."
одежда,"Бюстгальтер размера 70F, серый — пережила 3 стирки, не сжался, не потерял форму. Упаковка в чехле, чистый вид. Доставка была быстрее, чем ожидалось."
одежда,"Юбка бежевая — после стирки не потеряла форму, не села. Упаковка была в пакете, размер 48 — как в описании. Стирка в машине, всё нормально."
одежда,"Бюстгальтеры не скатились после стирки, не теряют форму. Упаковка в защитной пленке, все детали как на фото. Хорошее качество, цена в порядке."
одежда,"Чашка велась, но после 3 дней стала провисать. Запах неприятный, как будто из старого материала. Упаковка — тонкая, не защищает от повреждений. Не соответствует описанию"
одежда,"Покупала по фото, а чашечка не сидит — слишком плотная, давит на кожу. Цвет не соответствует, в реальности — тусклый, а не бежевый как на картинке. Упаковка — просто пакет, без защиты."
одежда,"Платье после стирки не полиняла, не села, пережила 3 стирки. Запах остался естественным, как на фото. Упаковка плотная, всё в порядке."
одежда,"Свитер после нескольких стирок не потерял форму, не выгорел. Запах исчез, как и должен. Упаковка — просто, без лишнего."
одежда,"Футболка жёлтого цвета после стирки не села, не потёрлась. Качество ткани умеренное, упаковка — в пакете, без защитного слоя. Не очень долговечная, пережила 2 стирки."
одежда,"Пришёл товар — чашка слишком велика, сидит как на неровной подушке. Доставка была вовремя, но качество — брак. Упаковка — пластиковая, но разрывалась. Не рекомендую по размеру и плотности чашки."
одежда,"Не соответствует описанию: чашка не плотная, а просто падает. После 2 дней — выступает, видно, что изношено. Цена — хорошая, но качество — нет."
одежда,"Приобрела размер 32C, чашка не держит форму, после движения всё смещается. Упаковка — в пакетике, не прозрачной, не видно, как внутри. Доставка — 10 дней, но чашка мала и не подошла по размеру."
одежда,"Купила в размере 36E, чашка плотная, но сильно давит. Запах был заметен, не прошёл через 2 дня. Упаковка — пластиковая, не очень удобная, доставка — 7 дней, но качество не выдержало. Несоответствие фото — чашка кажется больше."
одежда,"Чашка не держит форму, особенно в вечернее время. Запах был сильный — как после мытья. Упаковка — тонкая пленка, не защищает от царапин. Размер 40 не подошёл — чашка была слишком маленькой."
одежда,"Платье размера S, цвета бежевого, после стирки не полиняла, не села. Упаковка плотная, не повредилась. Стирка была вручную, всё осталось как на фото."
одежда,"Качество очень плохое, чашка растягивается и не держит форму. Доставка — за 5 дней, упаковка в пластике, но внутри — пыль. Никакого запаха, но чашка не удерживает грудь."
